os_id,contribution_date,name,address,country_code,country_name,lat,lng,sector,contributor (list),number_of_workers,parent_company,processing_type_facility_type_raw,facility_type,processing_type,product_type,is_closed,accord_inspections_and_remediation_program.rsc_presence,accord_inspections_and_remediation_program.first_inspection_date,amader_kotha_grievance_mechanism.status,amader_kotha_grievance_mechanism.start_date,amader_kotha_grievance_mechanism.end_date,amader_kotha_grievance_mechanism.thematic_coverage,amader_kotha_grievance_mechanism.mechanism_type_ownership,amader_kotha_grievance_mechanism.access_modality,amader_kotha_grievance_mechanism.coverage,amfori_compliance_status.bsci_audit.expiration_date,amfori_compliance_status.bsci_audit.submission_date,amfori_compliance_status.bepi_audit.expiration_date,amfori_compliance_status.bepi_audit.submission_date,amfori_compliance_status.environmental_risk_assessment.completion_date,amfori_compliance_status.environmental_risk_assessment.expiration_date,cba_data_tata_institute.unions,cba_data_tata_institute.employer_party,cba_data_tata_institute.agreement_start_date,cba_data_tata_institute.agreement_start_year,cba_data_tata_institute.agreement_start_date_other,cba_data_tata_institute.agreement_end_date,cba_data_tata_institute.agreement_end_year,cba_data_tata_institute.agreement_end_date_other,cba_data_tata_institute.link_to_public_source,climate_trace_emissions.estimated_emissions,climate_trace_emissions.estimated_annual_throughput,climate_trace_emissions.emissions_model,estimated_emissions,ethical_supply_chain_program_certification.type,ethical_supply_chain_program_certification.status,ethical_supply_chain_program_certification.issue_date,ethical_supply_chain_program_certification.expiration_date,ethical_supply_chain_program_gm.status,ethical_supply_chain_program_gm.start_date,ethical_supply_chain_program_gm.end_date,ethical_supply_chain_program_gm.thematic_coverage,ethical_supply_chain_program_gm.mechanism_type_ownership,ethical_supply_chain_program_gm.access_modality,ethical_supply_chain_program_gm.coverage,heatwatch.minimum_temperature_c,heatwatch.maximum_temperature_c,heatwatch.minimum_humidity,heatwatch.maximum_humidity,heatwatch.average_humidity,heatwatch.measurement_date,heatwatch.facility_profile,labor_solutions_grievance_mechanism.wovo_active,labor_solutions_grievance_mechanism.wovo_active_date,labor_solutions_grievance_mechanism.thematic_coverage,labor_solutions_grievance_mechanism.mechanism_type_ownership,labor_solutions_grievance_mechanism.access_modality,labor_solutions_grievance_mechanism.coverage,mudem_grievance_mechanism.status,mudem_grievance_mechanism.start_date,mudem_grievance_mechanism.end_date,mudem_grievance_mechanism.thematic_coverage,mudem_grievance_mechanism.mechanism_type_ownership,mudem_grievance_mechanism.access_modality,mudem_grievance_mechanism.coverage,planet_tracker_pfas.pfas_link,planet_tracker_pfas.planet_tracker_id,responsible_sourcing_network_yess.yess_number,responsible_sourcing_network_yess.status,rise_wpp.digital.status,rise_wpp.digital.year,rise_wpp.financial_health.status,rise_wpp.financial_health.year,rise_wpp.foundations.status,rise_wpp.foundations.year,rise_wpp.heressentials.status,rise_wpp.heressentials.year,rise_wpp.herfinance.status,rise_wpp.herfinance.year,rise_wpp.herhealth.status,rise_wpp.herhealth.year,rise_wpp.hermanagement.status,rise_wpp.hermanagement.year,rise_wpp.herrespect.status,rise_wpp.herrespect.year,rise_wpp.respect.status,rise_wpp.respect.year,rsc_grievance_mechanism.status,rsc_grievance_mechanism.thematic_coverage,rsc_grievance_mechanism.mechanism_type_ownership,rsc_grievance_mechanism.access_modality,rsc_grievance_mechanism.coverage,slcp_assessment.most_recent_assessment_status,slcp_assessment.most_recent_assessment_date,slcp_assessment.assessment_platform,slcp_assessment.verifier_body,slcp_assessment.slcp_facility_id,trase_sei_capacity_animal.processing_capacity,trase_sei_capacity_animal.inspection_level,trase_sei_capacity_animal.trase_id,trase_sei_capacity_palm_oil.processing_capacity_tonnes_fbb_hour,trase_sei_capacity_palm_oil.operations_start_year,trase_sei_capacity_palm_oil.trase_id,trase_sei_capacity_soy.storage_capacity_tonnes,trase_sei_capacity_soy.source_metadata,trase_sei_capacity_soy.operations_start_date,trase_sei_capacity_soy.trase_id,trase_sei_capacity_wood_pulp.processing_capacity_mt_per_year,trase_sei_capacity_wood_pulp.operations_start_year,trase_sei_capacity_wood_pulp.trase_id,ulula_grievance_mechanism.status,ulula_grievance_mechanism.start_date,ulula_grievance_mechanism.end_date,ulula_grievance_mechanism.thematic_coverage,ulula_grievance_mechanism.mechanism_type_ownership,ulula_grievance_mechanism.access_modality,ulula_grievance_mechanism.coverage,wikirate_cba.cba_reported,wikirate_cba.public_source,wikirate_cba.reporting_year,wikirate_cba.wikirate_id,wikirate_cba.wikirate_facility_profile,wikirate_digital_payment.digital_wage_payment_reported,wikirate_digital_payment.public_source,wikirate_digital_payment.reporting_year,wikirate_digital_payment.wikirate_id,wikirate_digital_payment.wikirate_facility_profile,worldly_assessment_data.fem_assessment.last_date,worldly_assessment_data.fem_assessment.reporting_year,worldly_assessment_data.fem_assessment.verification_status,wrap_certification.certification_status,wrap_certification.issue_date,wrap_certification.expiration_date,mit_living_wage.county_link,mit_living_wage.county_link_text,data_center_information
AT20222972580SN,2023-12-13,Qualcomm: Deutschlandsberg (AUSRI.B),"Siemenstr. 43, Deutschlandsberg 8530",AT,Austria,46.8229108,15.2303828,Automotive|Components|Computers|Consumer Electronics|Electrical Devices|Electronic Product Manufacturing|Electronics|Technology,Apple [Public List] (Apple 2019 Facility List)|Qualcomm [Public List] (Qualcomm December 2023 Facility List),,"Qualcomm Technologies, Inc",,,,Artificial Intelligence (AI)|Mobile devices|Wireless Networks|Cameras|Laptops|Audio Technology|Smart Home devices|Smartphones|Wearable Technology|Wi-Fi|Modem-RF systems|5G|Industrial IoT|Bluetooth|Processors|Virtual & Augmented Reality (XR/VR/AR),False,,,,,,,,,,,,,,,,,,,,,,,,,,,,,,,,,,,,,,,,,,,,,,,,,,,,,,,,,,,,,,,,,,,,,,,,,,,,,,,,,,,,,,,,,,,,,,,,,,,,,,,,,,,,,,,,,,,,,,,,,,,,,,,,,,
AT2022297SSBY19,2022-10-24,Infineon Technologies AG,"Siemensstrabe 2, Villach, Oesterreich",AT,Austria,46.5958017,13.8566941,Electrical Devices|Electronic Product Manufacturing|Electronics|Energy|Information|Research,Infineon Technologies [Public List] (Infineon Technologies - September 2024 Production Locations List)|Apple [Public List] (Apple 2019 Facility List),,,Production,,Production,,False,,,,,,,,,,,,,,,,,,,,,,,,,,,,,,,,,,,,,,,,,,,,,,,,,,,,,,,,,,,,,,,,,,,,,,,,,,,,,,,,,,,,,,,,,,,,,,,,,,,,,,,,,,,,,,,,,,,,,,,,,,,,,,,,,,
AT2022297XNEGYV,2022-10-24,AMS AG,"Tobelbaderstrasse 30,, Unterpremstaetten, Styria, A-8141",AT,Austria,46.9769382,15.3961438,Electronics,"Amazon.com, Inc. (Amazon Facility List 2024)|Amazon.com, Inc. (Amazon Facility List 2022)|Apple [Public List] (Apple 2019 Facility List)|Amazon.com, Inc. (Amazon Facility List 2023)",0,,Finished goods,,Finished goods,,False,,,,,,,,,,,,,,,,,,,,,,,,,,,,,,,,,,,,,,,,,,,,,,,,,,,,,,,,,,,,,,,,,,,,,,,,,,,,,,,,,,,,,,,,,,,,,,,,,,,,,,,,,,,,,,,,,,,,,,,,,,,,,,,,,,
BE20222978JD6JY,2022-10-24,Asahi Glass Company Limited,"BE-2400 Mol, Brussels",BE,Belgium,51.2213789,5.1962097,Electronics,Apple [Public List] (Apple 2019 Facility List),,,,,,,False,,,,,,,,,,,,,,,,,,,,,,,,,,,,,,,,,,,,,,,,,,,,,,,,,,,,,,,,,,,,,,,,,,,,,,,,,,,,,,,,,,,,,,,,,,,,,,,,,,,,,,,,,,,,,,,,,,,,,,,,,,,,,,,,,,
BE2022297CQ6H2V,2022-10-24,Solvay SA,"Industriepark de Bruwaan 9, 9700, Oudenaarde",BE,Belgium,50.858406,3.5888682,Electronics,Apple [Public List] (Apple 2019 Facility List),,,,,,,False,,,,,,,,,,,,,,,,,,,,,,,,,,,,,,,,,,,,,,,,,,,,,,,,,,,,,,,,,,,,,,,,,,,,,,,,,,,,,,,,,,,,,,,,,,,,,,,,,,,,,,,,,,,,,,,,,,,,,,,,,,,,,,,,,,
BE2022297EGMH46,2022-10-24,ON Semiconductor Corporation,"Westerring 15, B-9700, Oudenaarde",BE,Belgium,50.8598176,3.5966482,Electronics,Apple [Public List] (Apple 2019 Facility List),,,,,,,False,,,,,,,,,,,,,,,,,,,,,,,,,,,,,,,,,,,,,,,,,,,,,,,,,,,,,,,,,,,,,,,,,,,,,,,,,,,,,,,,,,,,,,,,,,,,,,,,,,,,,,,,,,,,,,,,,,,,,,,,,,,,,,,,,,
BR20222890YV4BN,2022-10-16,Flex Ltd.,"Avenida Liberdade, 6315 - Bairro Iporanga",BR,Brazil,-23.4278993,-47.3641733,Electronics,A Brand / Retailer|HP [Public List] (HP December 2021 Facility List)|Apple [Public List] (Apple 2019 Facility List),1345,Flex Ltd.,,,,"PC, Display",False,,,,,,,,,,,,,,,,,,,,,,,,,,,,,,,,,,,,,,,,,,,,,,,,,,,,,,,,,,,,,,,,,,,,,,,,,,,,,,,,,,,,,,,,,,,,,,,,,,,,,,,,,,,,,,,,,,,,,,,,,,,,,,,,,,
BR2022297S50PEE,2022-10-24,Salcomp Plc,"Avenida dos Oitis, 4145 Distrito Industrial, Manaus",BR,Brazil,-3.0868733,-59.9267236,Electronics,Apple [Public List] (Apple 2019 Facility List),,,,,,,False,,,,,,,,,,,,,,,,,,,,,,,,,,,,,,,,,,,,,,,,,,,,,,,,,,,,,,,,,,,,,,,,,,,,,,,,,,,,,,,,,,,,,,,,,,,,,,,,,,,,,,,,,,,,,,,,,,,,,,,,,,,,,,,,,,
CN20222893MP944,2022-10-16,GoerTek Inc.,"No.268, Dongfang Road Hi-Tech Industry Development District, Weifang, Shandong, China",CN,China,36.68062,119.16629,Consumer Electronics|Electronics,"Amazon.com, Inc. (Amazon Facility List 2022)|A Brand / Retailer|Samsung [Public List] (Samsung 2021 Facility List)|Apple [Public List] (Apple 2019 Facility List)",,GoerTek Inc.,,,,,False,,,,,,,,,,,,,,,,,,,,,,,,,,,,,,,,,,,,,,,,,,,,,,,,,,,,,,,,,,,,,,,,,,,,,,,,,,,,,,,,,,,,,,,,,,,,,,,,,,,,,,,,,,,,,,,,,,,,,,,,,,,,,,,,,,
CN20222896C6E1H,2022-10-16,Micron Technology,"Zone B of Shaanxi Xi'an Export Processing Zone, Xin Xi Avenue, Xi'an, People's Republic of China",CN,China,34.35486600000001,108.925422,Electronics,"Amazon.com, Inc. (Amazon Facility List 2024)|Dell [Public List] (Dell 2021 Facility List)|Amazon.com, Inc. (Amazon Facility List 2022)|Apple [Public List] (Apple 2019 Facility List)|Amazon.com, Inc. (Amazon Facility List 2023)",1000|2838,Micron Technology,Finished goods|Other direct material suppliers,,Other direct material suppliers|Finished goods,Parts/Components,False,,,,,,,,,,,,,,,,,,,,,,,,,,,,,,,,,,,,,,,,,,,,,,,,,,,,,,,,,,,,,,,,,,,,,,,,,,,,,,,,,,,,,,,,,,,,,,,,,,,,,,,,,,,,,,,,,,,,,,,,,,,,,,,,,,
CN20222896R5VR0,2022-10-16,Intel,"No. 8-1, Kexin Road, Chengdu High-Tech Zone (West), Chengdu, Sichuan, People's Republic of China",CN,China,30.76766,103.92311,Electronics,Dell [Public List] (Dell 2021 Facility List)|Apple [Public List] (Apple 2019 Facility List),,Intel,Other direct material suppliers,,Other direct material suppliers,Parts/Components,False,,,,,,,,,,,,,,,,,,,,,,,,,,,,,,,,,,,,,,,,,,,,,,,,,,,,,,,,,,,,,,,,,,,,,,,,,,,,,,,,,,,,,,,,,,,,,,,,,,,,,,,,,,,,,,,,,,,,,,,,,,,,,,,,,,
CN20222897P2B7V,2022-10-16,Quanta Computer Inc,"Lane 18, Zongbao Road, Shapingba District",CN,China,29.5409799,106.45773,Computers|Electronics,A Brand / Retailer|HP [Public List] (HP December 2021 Facility List)|A Civil Society Organization|Apple [Public List] (Apple 2019 Facility List),10541,Quanta Computer Inc,,,,PC,False,,,,,,,,,,,,,,,,,,,,,,,,,,,,,,,,,,,,,,,,,,,,,,,,,,,,,,,,,,,,,,,,,,,,,,,,,,,,,,,,,,,,,,,,,,,,,,,,,,,,,,,,,,,,,,,,,,,,,,,,,,,,,,,,,,
CN20222899XYJBB,2022-10-16,Intel,"109 Huaihe Road, Dalian, Liaoning, People's Republic of China",CN,China,39.0867035,121.9099426,Electronics,Dell [Public List] (Dell 2021 Facility List)|Apple [Public List] (Apple 2019 Facility List),,Intel,Other direct material suppliers,,Other direct material suppliers,Parts/Components,False,,,,,,,,,,,,,,,,,,,,,,,,,,,,,,,,,,,,,,,,,,,,,,,,,,,,,,,,,,,,,,,,,,,,,,,,,,,,,,,,,,,,,,,,,,,,,,,,,,,,,,,,,,,,,,,,,,,,,,,,,,,,,,,,,,
CN2022289DB6RAA,2022-10-16,Delta Electronics,"1688 Jiangxing East Road, Wujiang, Jiangsu, People's Republic of China",CN,China,31.17044,120.70751,Electronics,Dell [Public List] (Dell 2021 Facility List)|Apple [Public List] (Apple 2019 Facility List),,Delta Electronics,Other direct material suppliers,,Other direct material suppliers,Parts/Components,False,,,,,,,,,,,,,,,,,,,,,,,,,,,,,,,,,,,,,,,,,,,,,,,,,,,,,,,,,,,,,,,,,,,,,,,,,,,,,,,,,,,,,,,,,,,,,,,,,,,,,,,,,,,,,,,,,,,,,,,,,,,,,,,,,,
CN2022289FR99SW,2022-10-16,BYD Electronic,"1 Baoping Road, Baolong, Longgang, Shenzhen, People's Republic of China",CN,China,22.683678,114.277761,Electronics,Apple [Public List] (Apple 2019 Facility List)|Dell [Public List] (Dell 2021 Facility List),,BYD Electronic,Other direct material suppliers,,Other direct material suppliers,Batteries,False,,,,,,,,,,,,,,,,,,,,,,,,,,,,,,,,,,,,,,,,,,,,,,,,,,,,,,,,,,,,,,,,,,,,,,,,,,,,,,,,,,,,,,,,,,,,,,,,,,,,,,,,,,,,,,,,,,,,,,,,,,,,,,,,,,
CN2022289N3MZ3R,2022-10-16,Wistron,"38 East Keji Road, Zhongshan Torch Development Zone, Zhongshan, Guangdong, People's Republic of China",CN,China,22.566082,113.480523,Computers|Electronics,Dell [Public List] (Dell 2021 Facility List)|A Civil Society Organization|Apple [Public List] (Apple 2019 Facility List),,Wistron, Original Design Manufacturers|Final Assembly ,,Final Assembly|Original Design Manufacturers,Wyse All in One Accessories|Parts/Components|PowerEdge Servers,False,,,,,,,,,,,,,,,,,,,,,,,,,,,,,,,,,,,,,,,,,,,,,,,,,,,,,,,,,,,,,,,,,,,,,,,,,,,,,,,,,,,,,,,,,,,,,,,,,,,,,,,,,,,,,,,,,,,,,,,,,,,,,,,,,,
CN2022289NQR96X,2022-10-16,Tripod,"68 East 3rd Fu-Rong Road, Development Zone, Xishan, Wuxi, Jiangsu, People's Republic of China",CN,China,31.65417,120.39682,Electronics,"Amazon.com, Inc. (Amazon Facility List 2024)|A Civil Society Organization|Alliance for Water Stewardship [Public List] (Alliance for Water Stewardship 2022 Facility List)|Dell [Public List] (Dell 2021 Facility List)|Amazon.com, Inc. (Amazon Facility List 2022)|Apple [Public List] (Apple 2019 Facility List)|Amazon.com, Inc. (Amazon Facility List 2023)",1000|5372,Tripod,Finished goods|Other direct material suppliers,,Other direct material suppliers|Finished goods,Parts/Components|Semiconductor Manufacturing,False,,,,,,,,,,,,,,,,,,,,,,,,,,,,,,,,,,,,,,,,,,,,,,,,,,,,,,,,,,,,,,,,,,,,,,,,,,,,,,,,,,,,,,,,,,,,,,,,,,,,,,,,,,,,,,,,,,,,,,,,,,,,,,,,,,
CN2022289Q2X7S0,2022-10-16,Catcher Technology,"21 Gu Cheng Road, SuSu Industrial Park, Suqian, Jiangsu, People's Republic of China",CN,China,33.93745,118.24065,Electronics,Dell [Public List] (Dell 2021 Facility List)|Apple [Public List] (Apple 2019 Facility List),,Catcher Technology,Other direct material suppliers,,Other direct material suppliers,Parts/Components,False,,,,,,,,,,,,,,,,,,,,,,,,,,,,,,,,,,,,,,,,,,,,,,,,,,,,,,,,,,,,,,,,,,,,,,,,,,,,,,,,,,,,,,,,,,,,,,,,,,,,,,,,,,,,,,,,,,,,,,,,,,,,,,,,,,
CN2022289R7D2WM,2022-10-16,SK Hynix Semiconductor,"K-7 Lot, Export Processing Zone Wuxi, Jiangsu, People's Republic of China",CN,China,31.4909899,120.31237,Electronics,Dell [Public List] (Dell 2021 Facility List)|Apple [Public List] (Apple 2019 Facility List),,SK Hynix Semiconductor,Other direct material suppliers,,Other direct material suppliers,Parts/Components,False,,,,,,,,,,,,,,,,,,,,,,,,,,,,,,,,,,,,,,,,,,,,,,,,,,,,,,,,,,,,,,,,,,,,,,,,,,,,,,,,,,,,,,,,,,,,,,,,,,,,,,,,,,,,,,,,,,,,,,,,,,,,,,,,,,
CN2022289SA5TGW,2022-10-16,LG Display,"No.1 LG Road, LG Industrial Park, Nanjing Economic & Technological Development Zone, Nanjing, Jiangsu, People's Republic of China",CN,China,32.147274,118.85263,Electronics,Dell [Public List] (Dell 2021 Facility List)|Apple [Public List] (Apple 2019 Facility List),,LG Display,Other direct material suppliers,,Other direct material suppliers,Displays/LCD,False,,,,,,,,,,,,,,,,,,,,,,,,,,,,,,,,,,,,,,,,,,,,,,,,,,,,,,,,,,,,,,,,,,,,,,,,,,,,,,,,,,,,,,,,,,,,,,,,,,,,,,,,,,,,,,,,,,,,,,,,,,,,,,,,,,
CN2022289T0VFCT,2022-10-16,Samsung,"337 Fengli Street, Suzhou Industrial Park, Suzhou, People's Republic of China",CN,China,31.3225855,120.7786456,Consumer Electronics|Electronics,"Amazon.com, Inc. (Amazon Facility List 2022)|Dell [Public List] (Dell 2021 Facility List)|Apple [Public List] (Apple 2019 Facility List)|A Brand / Retailer|Lenovo [Public List] (Lenovo August 2020 Facility List)",,Samsung|Samsung,Other direct material suppliers,,Other direct material suppliers,Parts/Components|Memory,False,,,,,,,,,,,,,,,,,,,,,,,,,,,,,,,,,,,,,,,,,,,,,,,,,,,,,,,,,,,,,,,,,,,,,,,,,,,,,,,,,,,,,,,,,,,,,,,,,,,,,,,,,,,,,,,,,,,,,,,,,,,,,,,,,,
CN2022289VCC568,2022-10-16,Hon Hai Precision Industry Company Ltd,"Foxconn Science and Technology Park,No.1,Guanggu 2nd Road, Donghu New-Tech. Development Zone Wuhan, Hubei, 430205",CN,China,30.4375531,114.4593094,Electronics,Apple [Public List] (Apple 2019 Facility List)|A Brand / Retailer|HP [Public List] (HP December 2021 Facility List),4852,Hon Hai Precision Industry Company Ltd,,,,PC,False,,,,,,,,,,,,,,,,,,,,,,,,,,,,,,,,,,,,,,,,,,,,,,,,,,,,,,,,,,,,,,,,,,,,,,,,,,,,,,,,,,,,,,,,,,,,,,,,,,,,,,,,,,,,,,,,,,,,,,,,,,,,,,,,,,
CN2022289XVDD0W,2022-10-16,Pegatron,"233 Jinfeng Road, Xinqu, Suzhou, Jiangsu, People's Republic of China",CN,China,31.3012684,120.527492,Computers|Electronics,Dell [Public List] (Dell 2021 Facility List)|A Civil Society Organization|Apple [Public List] (Apple 2019 Facility List),,Pegatron, Original Design Manufacturers|Final Assembly ,,Final Assembly|Original Design Manufacturers,Optiplex Desktops|All in One Accessories Parts/Components|Inspiron Desktops|All in One IoT Gateway,False,,,,,,,,,,,,,,,,,,,,,,,,,,,,,,,,,,,,,,,,,,,,,,,,,,,,,,,,,,,,,,,,,,,,,,,,,,,,,,,,,,,,,,,,,,,,,,,,,,,,,,,,,,,,,,,,,,,,,,,,,,,,,,,,,,
CN2022289ZVFTGX,2022-10-16,Inventec,"789 Puxing Road, Caohejing Export Processing Zone, Pujiang, Minhang, Shanghai, People's Republic of China",CN,China,31.10434,121.505719,Electronics,Dell [Public List] (Dell 2021 Facility List)|Lenovo [Public List] (Lenovo August 2020 Facility List)|A Brand / Retailer|Apple [Public List] (Apple 2019 Facility List),,Inventec|Inventec,Other direct material suppliers,,Other direct material suppliers,Parts/Components|Circuit Cards,False,,,,,,,,,,,,,,,,,,,,,,,,,,,,,,,,,,,,,,,,,,,,,,,,,,,,,,,,,,,,,,,,,,,,,,,,,,,,,,,,,,,,,,,,,,,,,,,,,,,,,,,,,,,,,,,,,,,,,,,,,,,,,,,,,,
CN2022292TENF1H,2022-10-18,"SIMPLO TECHNOLOGY CO., LTD","No.2 Dong Nan Avenue, Changshu, Jiangsu",CN,China,31.601449,120.806974,Electronics|Unspecified,A Multi-Stakeholder Initiative|Fair Factories Clearinghouse (FFC Factory List Oct 2022)|Apple [Public List] (Apple 2019 Facility List),,,,,,,False,,,,,,,,,,,,,,,,,,,,,,,,,,,,,,,,,,,,,,,,,,,,,,,,,,,,,,,,,,,,,,,,,,,,,,,,,,,,,,,,,,,,,,,,,,,,,,,,,,,,,,,,,,,,,,,,,,,,,,,,,,,,,,,,,,
CN2022297008KDH,2022-10-24,Lite-On Technology Corporation,"Yi Ho Houng Bo Industrial City, Lo Yang Town, Bo Luo Hsien, Huizhou, Guangdong",CN,China,23.1196099,113.88385,Electronics,Apple [Public List] (Apple 2019 Facility List),,,,,,,False,,,,,,,,,,,,,,,,,,,,,,,,,,,,,,,,,,,,,,,,,,,,,,,,,,,,,,,,,,,,,,,,,,,,,,,,,,,,,,,,,,,,,,,,,,,,,,,,,,,,,,,,,,,,,,,,,,,,,,,,,,,,,,,,,,
CN2022297017ZTA,2022-10-24,"Henkel AG & Company, KGaA","No. 524, Anji East Road, Sanzao Town, Jin Wan Qu, Zhuhai, Guangdong",CN,China,22.04766,113.35168,Electronics,Apple [Public List] (Apple 2019 Facility List),,,,,,,False,,,,,,,,,,,,,,,,,,,,,,,,,,,,,,,,,,,,,,,,,,,,,,,,,,,,,,,,,,,,,,,,,,,,,,,,,,,,,,,,,,,,,,,,,,,,,,,,,,,,,,,,,,,,,,,,,,,,,,,,,,,,,,,,,,
CN20222970AW44Q,2022-10-24,SABIC Innovative Plastics,"No. 56 Road AiDu, Waigaoqiao Free Trade Zone, Shanghai",CN,China,31.3215893,121.6019475,Electronics,Apple [Public List] (Apple 2019 Facility List),,,,,,,False,,,,,,,,,,,,,,,,,,,,,,,,,,,,,,,,,,,,,,,,,,,,,,,,,,,,,,,,,,,,,,,,,,,,,,,,,,,,,,,,,,,,,,,,,,,,,,,,,,,,,,,,,,,,,,,,,,,,,,,,,,,,,,,,,,
CN20222970BFP3W,2022-10-24,Shenzhen YUTO Packaging Technology Company Limited,"Industry Hatch Area, Zhongduan Industry Cluster District, Weiwu Road, Changge, Henan",CN,China,34.26305,113.81222,Electronics,Apple [Public List] (Apple 2019 Facility List),,,,,,,False,,,,,,,,,,,,,,,,,,,,,,,,,,,,,,,,,,,,,,,,,,,,,,,,,,,,,,,,,,,,,,,,,,,,,,,,,,,,,,,,,,,,,,,,,,,,,,,,,,,,,,,,,,,,,,,,,,,,,,,,,,,,,,,,,,
CN20222970GHXNW,2022-10-24,Pioneer Material Precision Tech Company Limited,"No. 45, Nan Hu Road, Wuzhong Economic Development Zone, Suzhou, Jiangsu",CN,China,31.230859,120.640288,Electronics,Apple [Public List] (Apple 2019 Facility List),,,,,,,False,,,,,,,,,,,,,,,,,,,,,,,,,,,,,,,,,,,,,,,,,,,,,,,,,,,,,,,,,,,,,,,,,,,,,,,,,,,,,,,,,,,,,,,,,,,,,,,,,,,,,,,,,,,,,,,,,,,,,,,,,,,,,,,,,,
CN20222970GK7RB,2022-10-24,Jabil Incorporated,"No. 1, Sec.3, Chuangxin Road, Chongzhou Economic Development District, Chengdu, Sichuan",CN,China,30.60048,103.69709,Electronics,Apple [Public List] (Apple 2019 Facility List),,,,,,,False,,,,,,,,,,,,,,,,,,,,,,,,,,,,,,,,,,,,,,,,,,,,,,,,,,,,,,,,,,,,,,,,,,,,,,,,,,,,,,,,,,,,,,,,,,,,,,,,,,,,,,,,,,,,,,,,,,,,,,,,,,,,,,,,,,
CN20222970HETMP,2022-10-24,Pegatron Corporation,"No. 3768 XiuYan Road, Kang Qiao Town, PuDong New District, Shanghai",CN,China,31.1361582,121.5896005,Electronics,Apple [Public List] (Apple 2019 Facility List)|Apple [Public List] (Apple 2019 Facility List)|Apple [Public List] (Apple 2019 Facility List),,,,,,,False,,,,,,,,,,,,,,,,,,,,,,,,,,,,,,,,,,,,,,,,,,,,,,,,,,,,,,,,,,,,,,,,,,,,,,,,,,,,,,,,,,,,,,,,,,,,,,,,,,,,,,,,,,,,,,,,,,,,,,,,,,,,,,,,,,
CN20222970QZ5BF,2022-10-24,Swiftronic Holding Pte. Limited,"Yi He Road, No. 2 Shi Yan Street, Bao'an, Shenzhen, Guangdong",CN,China,22.724088,114.218648,Electronics,Apple [Public List] (Apple 2019 Facility List),,,,,,,False,,,,,,,,,,,,,,,,,,,,,,,,,,,,,,,,,,,,,,,,,,,,,,,,,,,,,,,,,,,,,,,,,,,,,,,,,,,,,,,,,,,,,,,,,,,,,,,,,,,,,,,,,,,,,,,,,,,,,,,,,,,,,,,,,,
CN20222970V6C9Z,2022-10-24,Lite-On Technology Corporation,"1-3/F, Block 9 & 1F, Block 8, Brightman Industrial Zone, Busha Road, Shenzhen, Guangdong",CN,China,22.60669,114.14698,Electronics,Apple [Public List] (Apple 2019 Facility List),,,,,,,False,,,,,,,,,,,,,,,,,,,,,,,,,,,,,,,,,,,,,,,,,,,,,,,,,,,,,,,,,,,,,,,,,,,,,,,,,,,,,,,,,,,,,,,,,,,,,,,,,,,,,,,,,,,,,,,,,,,,,,,,,,,,,,,,,,
CN202229714TXSY,2022-10-24,Pegatron Corporation,"Kai Sheng Industrial Zone, Yan Cai Road, Ting Hu District, Yancheng, Jiangsu",CN,China,33.4678537,120.1830481,Electronics,Apple [Public List] (Apple 2019 Facility List),,,,,,,False,,,,,,,,,,,,,,,,,,,,,,,,,,,,,,,,,,,,,,,,,,,,,,,,,,,,,,,,,,,,,,,,,,,,,,,,,,,,,,,,,,,,,,,,,,,,,,,,,,,,,,,,,,,,,,,,,,,,,,,,,,,,,,,,,,
CN202229715FJP6,2022-10-24,Hon Hai Precision Industry Company Limited (Foxconn),"No. 1925, NanLe Road, Songjiang Export Processing Zone, Shanghai",CN,China,31.024015,121.293753,Electronics,Apple [Public List] (Apple 2019 Facility List),,,,,,,False,,,,,,,,,,,,,,,,,,,,,,,,,,,,,,,,,,,,,,,,,,,,,,,,,,,,,,,,,,,,,,,,,,,,,,,,,,,,,,,,,,,,,,,,,,,,,,,,,,,,,,,,,,,,,,,,,,,,,,,,,,,,,,,,,,
CN202229718NVFH,2022-10-24,Boyd Corporation,"No. 116 Hua Ning Road, Dalang Street, Shenzhen, Guangdong",CN,China,22.69061,113.9981,Electronics,Apple [Public List] (Apple 2019 Facility List),,,,,,,False,,,,,,,,,,,,,,,,,,,,,,,,,,,,,,,,,,,,,,,,,,,,,,,,,,,,,,,,,,,,,,,,,,,,,,,,,,,,,,,,,,,,,,,,,,,,,,,,,,,,,,,,,,,,,,,,,,,,,,,,,,,,,,,,,,
CN20222971EK6WD,2022-10-24,"Knowles Electronics (Suzhou) Co., Ltd. - Jiangsu","No. 20 Chunxing Road, Xiangcheng District, Suzhou, Jiangsu, ",CN,China,31.446803,120.57359,Electronics,"Amazon.com, Inc. (Amazon Facility List 2024)|Amazon.com, Inc. (Amazon Facility List 2022)|Apple [Public List] (Apple 2019 Facility List)|Amazon.com, Inc. (Amazon Facility List 2023)",501-1000|350,,Finished goods,,Finished goods,,False,,,,,,,,,,,,,,,,,,,,,,,,,,,,,,,,,,,,,,,,,,,,,,,,,,,,,,,,,,,,,,,,,,,,,,,,,,,,,,,,,,,,,,,,,,,,,,,,,,,,,,,,,,,,,,,,,,,,,,,,,,,,,,,,,,
CN20222971HMJ56,2022-10-24,CCL Design (Suzhou) Company Limited,"6 and 13 Baihe Street, Suzhou, Jiangsu",CN,China,31.324784,120.665084,Electronics,Apple [Public List] (Apple 2019 Facility List),,,,,,,False,,,,,,,,,,,,,,,,,,,,,,,,,,,,,,,,,,,,,,,,,,,,,,,,,,,,,,,,,,,,,,,,,,,,,,,,,,,,,,,,,,,,,,,,,,,,,,,,,,,,,,,,,,,,,,,,,,,,,,,,,,,,,,,,,,
CN20222971XB5WK,2022-10-24,Jilin Liyuan Precision Manufacturing Company Limited,"No. 5729, Xining Road, Liaoyuan, Jilin",CN,China,42.91153,125.11279,Electronics,Apple [Public List] (Apple 2019 Facility List),,,,,,,False,,,,,,,,,,,,,,,,,,,,,,,,,,,,,,,,,,,,,,,,,,,,,,,,,,,,,,,,,,,,,,,,,,,,,,,,,,,,,,,,,,,,,,,,,,,,,,,,,,,,,,,,,,,,,,,,,,,,,,,,,,,,,,,,,,
CN20222971YRMK7,2022-10-24,Hon Hai Precision Industry Company Limited (Foxconn),"Industrial Distribution Center at Lankao County, Kaifeng, Henan",CN,China,34.9677799,115.028,Electronics,Apple [Public List] (Apple 2019 Facility List),,,,,,,False,,,,,,,,,,,,,,,,,,,,,,,,,,,,,,,,,,,,,,,,,,,,,,,,,,,,,,,,,,,,,,,,,,,,,,,,,,,,,,,,,,,,,,,,,,,,,,,,,,,,,,,,,,,,,,,,,,,,,,,,,,,,,,,,,,
CN20222971ZH5BA,2022-10-24,Samsung SDI. Company Limited,"27 Heiniucheng Road, Tianjin",CN,China,39.07929,117.2194,Electronics,Apple [Public List] (Apple 2019 Facility List),,,,,,,False,,,,,,,,,,,,,,,,,,,,,,,,,,,,,,,,,,,,,,,,,,,,,,,,,,,,,,,,,,,,,,,,,,,,,,,,,,,,,,,,,,,,,,,,,,,,,,,,,,,,,,,,,,,,,,,,,,,,,,,,,,,,,,,,,,
CN202229723F5RT,2022-10-24,Hon Hai Precision Industry Company Limited (Foxconn),"No. 1216 Lanhua Road, Jincheng Economic and Technology Development Zone, Jincheng, Shanxi",CN,China,35.4903899,112.85113,Electronics,Apple [Public List] (Apple 2019 Facility List),,,,,,,False,,,,,,,,,,,,,,,,,,,,,,,,,,,,,,,,,,,,,,,,,,,,,,,,,,,,,,,,,,,,,,,,,,,,,,,,,,,,,,,,,,,,,,,,,,,,,,,,,,,,,,,,,,,,,,,,,,,,,,,,,,,,,,,,,,
CN202229728Z3RD,2022-10-24,Jones Tech PLC,"No. 199 Jinghui Dong Road, Wuxi, Jiangsu",CN,China,31.502472,120.357521,Electronics,"Amazon.com, Inc. (Amazon Facility List 2024)|Apple [Public List] (Apple 2019 Facility List)|Amazon.com, Inc. (Amazon Facility List 2023)",101-500|338,,Finished goods,,Finished goods,,False,,,,,,,,,,,,,,,,,,,,,,,,,,,,,,,,,,,,,,,,,,,,,,,,,,,,,,,,,,,,,,,,,,,,,,,,,,,,,,,,,,,,,,,,,,,,,,,,,,,,,,,,,,,,,,,,,,,,,,,,,,,,,,,,,,
CN20222972EWDQS,2022-10-24,Guangdong Ellington Electronics Technology Company Limited,"88 Gao Ping Chemical & Industrial Zone, San Jiao Town, Zhongshan, Guangdong",CN,China,22.70684,113.46872,Electronics,"Amazon.com, Inc. (Amazon Facility List 2024)|Apple [Public List] (Apple 2019 Facility List)",2828,,Finished goods,,Finished goods,,False,,,,,,,,,,,,,,,,,,,,,,,,,,,,,,,,,,,,,,,,,,,,,,,,,,,,,,,,,,,,,,,,,,,,,,,,,,,,,,,,,,,,,,,,,,,,,,,,,,,,,,,,,,,,,,,,,,,,,,,,,,,,,,,,,,
CN20222972HDXW2,2022-10-24,Zhen Ding Technology Holding Limited,"No. 18, Tengfei Road, Economic and Technological Development Zone, Qinhuangdao, Hebei",CN,China,39.93544989999999,119.59964,Electronics,Apple [Public List] (Apple 2019 Facility List),,,,,,,False,,,,,,,,,,,,,,,,,,,,,,,,,,,,,,,,,,,,,,,,,,,,,,,,,,,,,,,,,,,,,,,,,,,,,,,,,,,,,,,,,,,,,,,,,,,,,,,,,,,,,,,,,,,,,,,,,,,,,,,,,,,,,,,,,,
CN20222972KSV6R,2022-10-24,Zhenghe Group,"No. 90, Jiaoyu North Road, Ou Ming Da Industrial Area, Gao Qiao Industrial Park, Longgang District, Shenzhen, Guangdong",CN,China,22.781904,114.298862,Electronics,Apple [Public List] (Apple 2019 Facility List),,,,,,,False,,,,,,,,,,,,,,,,,,,,,,,,,,,,,,,,,,,,,,,,,,,,,,,,,,,,,,,,,,,,,,,,,,,,,,,,,,,,,,,,,,,,,,,,,,,,,,,,,,,,,,,,,,,,,,,,,,,,,,,,,,,,,,,,,,
CN20222972M5SQM,2022-10-24,Hon Hai Precision Industry Company Limited (Foxconn),"No. 99 Fuxing Avenue, Xitang Town, Jiashan, Zhejiang",CN,China,30.93879,120.89132,Electronics,Apple [Public List] (Apple 2019 Facility List),,,,,,,False,,,,,,,,,,,,,,,,,,,,,,,,,,,,,,,,,,,,,,,,,,,,,,,,,,,,,,,,,,,,,,,,,,,,,,,,,,,,,,,,,,,,,,,,,,,,,,,,,,,,,,,,,,,,,,,,,,,,,,,,,,,,,,,,,,
CN202229730461Q,2022-10-24,Sumitomo Chemical Company Limited,"61 Xinmei Road, Bin Hu Qu, Wuxi, Jiangsu",CN,China,31.50514,120.41295,Electronics,Apple [Public List] (Apple 2019 Facility List),,,,,,,False,,,,,,,,,,,,,,,,,,,,,,,,,,,,,,,,,,,,,,,,,,,,,,,,,,,,,,,,,,,,,,,,,,,,,,,,,,,,,,,,,,,,,,,,,,,,,,,,,,,,,,,,,,,,,,,,,,,,,,,,,,,,,,,,,,
CN2022297309R7M,2022-10-24,Cathay Tat Ming Precision Metal Products Company Limited,"No. 2, Section A, Baigong’ao Industrial Zone, Xikeng Xinwei Sector, Fumin, Guanlan, Bao'an, Shenzhen, Guangdong",CN,China,22.80202,113.80141,Electronics,Apple [Public List] (Apple 2019 Facility List),,,,,,,False,,,,,,,,,,,,,,,,,,,,,,,,,,,,,,,,,,,,,,,,,,,,,,,,,,,,,,,,,,,,,,,,,,,,,,,,,,,,,,,,,,,,,,,,,,,,,,,,,,,,,,,,,,,,,,,,,,,,,,,,,,,,,,,,,,
CN2022297334S3F,2022-10-24,Hi-P International Limited,"No. 77 Jinwen Road, Zhuqiao Airport Industrial Zone, Pudong New Area, Shanghai",CN,China,31.10994,121.77572,Electronics,Apple [Public List] (Apple 2019 Facility List)|Apple [Public List] (Apple 2019 Facility List),,,,,,,False,,,,,,,,,,,,,,,,,,,,,,,,,,,,,,,,,,,,,,,,,,,,,,,,,,,,,,,,,,,,,,,,,,,,,,,,,,,,,,,,,,,,,,,,,,,,,,,,,,,,,,,,,,,,,,,,,,,,,,,,,,,,,,,,,,
CN2022297361X0G,2022-10-24,Pegatron Corporation,"No. 3636 Shengang Road, Xinqiao Town, Songjiang Industrial Zone, Shanghai",CN,China,31.04298,121.32856,Electronics,Apple [Public List] (Apple 2019 Facility List),,,,,,,False,,,,,,,,,,,,,,,,,,,,,,,,,,,,,,,,,,,,,,,,,,,,,,,,,,,,,,,,,,,,,,,,,,,,,,,,,,,,,,,,,,,,,,,,,,,,,,,,,,,,,,,,,,,,,,,,,,,,,,,,,,,,,,,,,,
CN202229738JC0J,2022-10-24,LG Display Company Limited,"No 283 JingLong Road, Taimei Town, Boluo County, Huizhou, Guangdong",CN,China,23.36983,116.73179,Electronics,Apple [Public List] (Apple 2019 Facility List),,,,,,,False,,,,,,,,,,,,,,,,,,,,,,,,,,,,,,,,,,,,,,,,,,,,,,,,,,,,,,,,,,,,,,,,,,,,,,,,,,,,,,,,,,,,,,,,,,,,,,,,,,,,,,,,,,,,,,,,,,,,,,,,,,,,,,,,,,
CN20222973AKFTJ,2022-10-24,Asia Vital Components Company Limited,"West Industry Park, XinYang Industrial Zone, Shajing Town, Bao'an District, Shenzhen, Guangdong",CN,China,22.73911,113.80547,Electronics,Apple [Public List] (Apple 2019 Facility List)|A Brand / Retailer|Lenovo [Public List] (Lenovo August 2020 Facility List)|China Labour Bulletin (China Labour Bulletin Strike Map Electronics Sector 2024Q4),3000-3999,AVC|Asia Vital Components Company Limited,,,,DT Thermal,False,,,,,,,,,,,,,,,,,,,,,,,,,,,,,,,,,,,,,,,,,,,,,,,,,,,,,,,,,,,,,,,,,,,,,,,,,,,,,,,,,,,,,,,,,,,,,,,,,,,,,,,,,,,,,,,,,,,,,,,,,,,,,,,,,,
CN20222973CGA8T,2022-10-24,Renesas Electronics Corporation,"176 JinJiHuLu, Suzhou Industrial Park, Suzhou, Jiangsu",CN,China,31.319614,120.770586,Electronics,Apple [Public List] (Apple 2019 Facility List),,,,,,,False,,,,,,,,,,,,,,,,,,,,,,,,,,,,,,,,,,,,,,,,,,,,,,,,,,,,,,,,,,,,,,,,,,,,,,,,,,,,,,,,,,,,,,,,,,,,,,,,,,,,,,,,,,,,,,,,,,,,,,,,,,,,,,,,,,
CN20222973K074A,2022-10-24,Hon Hai Precision Industry Company Limited (Foxconn),"HuLing Industry Park, HuangHe River Road, Jiyuan, Henan",CN,China,35.0670699,112.60273,Electronics,Apple [Public List] (Apple 2019 Facility List),,,,,,,False,,,,,,,,,,,,,,,,,,,,,,,,,,,,,,,,,,,,,,,,,,,,,,,,,,,,,,,,,,,,,,,,,,,,,,,,,,,,,,,,,,,,,,,,,,,,,,,,,,,,,,,,,,,,,,,,,,,,,,,,,,,,,,,,,,
CN20222973N3CCW,2022-10-24,Suzhou Zhongjiemai Panel Industry Technology Company Limited,"No. 2006 East Taihu Road, Hengjing Street, WuZhong District, Suzhou, Jiangsu",CN,China,31.180187,120.550189,Electronics,Apple [Public List] (Apple 2019 Facility List),,,,,,,False,,,,,,,,,,,,,,,,,,,,,,,,,,,,,,,,,,,,,,,,,,,,,,,,,,,,,,,,,,,,,,,,,,,,,,,,,,,,,,,,,,,,,,,,,,,,,,,,,,,,,,,,,,,,,,,,,,,,,,,,,,,,,,,,,,
CN20222973WTBK0,2022-10-24,Qorvo Incorporated,"No. 6868 Dongfanghong East Road, DeZhou Economic & Technology Development Area, Dezhou, Shandong",CN,China,37.4302599,116.42822,Electronics,Apple [Public List] (Apple 2019 Facility List),,,,,,,False,,,,,,,,,,,,,,,,,,,,,,,,,,,,,,,,,,,,,,,,,,,,,,,,,,,,,,,,,,,,,,,,,,,,,,,,,,,,,,,,,,,,,,,,,,,,,,,,,,,,,,,,,,,,,,,,,,,,,,,,,,,,,,,,,,
CN20222973WZ2EQ,2022-10-24,Samsung SDI. Company Limited,"No. 1, Weisan Road, Micro-Electronics Industrial Park, Xiqing District, Tianjin",CN,China,39.00126,117.24652,Electronics,Apple [Public List] (Apple 2019 Facility List),,,,,,,False,,,,,,,,,,,,,,,,,,,,,,,,,,,,,,,,,,,,,,,,,,,,,,,,,,,,,,,,,,,,,,,,,,,,,,,,,,,,,,,,,,,,,,,,,,,,,,,,,,,,,,,,,,,,,,,,,,,,,,,,,,,,,,,,,,
CN20222973XZYSZ,2022-10-24,LG Display Company Limited,"No. 59 Kaitai Road, Science City of Guangzhou, High-Tech Industrial Development Zone, Guangzhou, Guangdong",CN,China,22.557862,113.462525,Electronics,Dell [Public List] (Dell 2021 Facility List)|Apple [Public List] (Apple 2019 Facility List)|China Labour Bulletin (China Labour Bulletin Strike Map Electronics Sector 2024Q4),3000-3999,LG Display|LG Display Company Limited,Other direct material suppliers,,Other direct material suppliers,Displays/LCD,False,,,,,,,,,,,,,,,,,,,,,,,,,,,,,,,,,,,,,,,,,,,,,,,,,,,,,,,,,,,,,,,,,,,,,,,,,,,,,,,,,,,,,,,,,,,,,,,,,,,,,,,,,,,,,,,,,,,,,,,,,,,,,,,,,,
CN20222973Y259T,2022-10-24,Cheng Loong Corporation,"399 Xiupu Road, Kangqiao Industrial Zone, Nanhai District, Shanghai",CN,China,23.0288199,113.14278,Electronics,Apple [Public List] (Apple 2019 Facility List),,,,,,,False,,,,,,,,,,,,,,,,,,,,,,,,,,,,,,,,,,,,,,,,,,,,,,,,,,,,,,,,,,,,,,,,,,,,,,,,,,,,,,,,,,,,,,,,,,,,,,,,,,,,,,,,,,,,,,,,,,,,,,,,,,,,,,,,,,
CN20222973YX8M3,2022-10-24,Compeq Manufacturing Company Limited,"No. 21 Panlong Road, Lidu Industrial Park, Fuling District, Chongqing",CN,China,29.72545,107.23632,Electronics,Apple [Public List] (Apple 2019 Facility List),,,,,,,False,,,,,,,,,,,,,,,,,,,,,,,,,,,,,,,,,,,,,,,,,,,,,,,,,,,,,,,,,,,,,,,,,,,,,,,,,,,,,,,,,,,,,,,,,,,,,,,,,,,,,,,,,,,,,,,,,,,,,,,,,,,,,,,,,,
CN2022297416RYA,2022-10-24,Hon Hai Precision Industry Company Limited (Foxconn),"No. 689, Hezuo Road, Chengdu High Technology Western Park, Chengdu, Sichuan",CN,China,30.7601288,103.9111818,Electronics,Apple [Public List] (Apple 2019 Facility List)|Apple [Public List] (Apple 2019 Facility List),,,,,,,False,,,,,,,,,,,,,,,,,,,,,,,,,,,,,,,,,,,,,,,,,,,,,,,,,,,,,,,,,,,,,,,,,,,,,,,,,,,,,,,,,,,,,,,,,,,,,,,,,,,,,,,,,,,,,,,,,,,,,,,,,,,,,,,,,,
CN202229745W2ZF,2022-10-24,3M Company,"235 Zhongyuan Road, Suzhou, Jiangsu",CN,China,31.32168,120.75902,Electronics,Apple [Public List] (Apple 2019 Facility List),,,,,,,False,,,,,,,,,,,,,,,,,,,,,,,,,,,,,,,,,,,,,,,,,,,,,,,,,,,,,,,,,,,,,,,,,,,,,,,,,,,,,,,,,,,,,,,,,,,,,,,,,,,,,,,,,,,,,,,,,,,,,,,,,,,,,,,,,,
CN2022297499QYM,2022-10-24,Cheng Loong Corporation,"Dong Yie Street, Industry District, Houjie Town, Dongguan, Guangdong",CN,China,22.936585,113.67114,Electronics|Manufacturing|Unspecified,"CHENG LOONG (GWANGTUNG) PAPER CO.,LTD. (Claimed)|CHENG LOONG (GWANGTUNG) PAPER CO.,LTD.|Social & Labor Convergence Program (SLCP)|Social & Labor Convergence Program (SLCP)|Apple [Public List] (Apple 2019 Facility List)|A Civil Society Organization|Social & Labor Convergence Program (SLCP) (Social & Labor Convergence Program List 2025)",400-600,"CHENG LOONG (GWANG TUNG) PAPER CO, LTD",Printing die-cutting laminating with hot stamping adhesive|Finished packaging box,,Printing diecutting laminating with hot stamping adhesive,Cardboard and paper box packaging,False,,,,,,,,,,,,,,,,,,,,,,,,,,,,,,,,,,,,,,,,,,,,,,,,,,,,,,,,,,,,,,,,,,,,,,,,,,,,,,,,,,,,,,,Assessment Completed|Verification Finalized,2026-03-18|2025-05-13,Worldly (FFC)|Worldly (FFC),SGS|SGS,FA237002|FA237002,,,,,,,,,,,,,,,,,,,,,,,,,,,,,,,,,,,,,,,
CN20222974ASDNJ,2022-10-24,Cheng Loong Corporation,"No. 1 Tengfei 11 Road, Southwest Air Harbor Development Economic Zone, Chengdu, Sichuan",CN,China,30.5038086,103.9848824,Electronics,Apple [Public List] (Apple 2019 Facility List),,,,,,,False,,,,,,,,,,,,,,,,,,,,,,,,,,,,,,,,,,,,,,,,,,,,,,,,,,,,,,,,,,,,,,,,,,,,,,,,,,,,,,,,,,,,,,,,,,,,,,,,,,,,,,,,,,,,,,,,,,,,,,,,,,,,,,,,,,
CN20222974BXCDE,2022-10-24,Phone In Mag-Electronics Company Limited,"3rd Industrial Zone, Sijia Village, ShiJie Town, Dongguan, Guangdong",CN,China,23.099651,113.813068,Electronics,Apple [Public List] (Apple 2019 Facility List),,,,,,,False,,,,,,,,,,,,,,,,,,,,,,,,,,,,,,,,,,,,,,,,,,,,,,,,,,,,,,,,,,,,,,,,,,,,,,,,,,,,,,,,,,,,,,,,,,,,,,,,,,,,,,,,,,,,,,,,,,,,,,,,,,,,,,,,,,
CN20222974GBVSW,2022-10-24,Biel Crystal Manufactory (Huizhou) Limited,"Biel Industrial Park, Baishi, Qiuchang, Huiyang District, Huizhou, Guangdong, 516221",CN,China,22.93772,114.37225,Electronics,"Amazon.com, Inc. (Amazon Facility List 2024)|Apple [Public List] (Apple 2019 Facility List)|Amazon.com, Inc. (Amazon Facility List 2022)",858,,Finished goods,,Finished goods,,False,,,,,,,,,,,,,,,,,,,,,,,,,,,,,,,,,,,,,,,,,,,,,,,,,,,,,,,,,,,,,,,,,,,,,,,,,,,,,,,,,,,,,,,,,,,,,,,,,,,,,,,,,,,,,,,,,,,,,,,,,,,,,,,,,,
CN20222974MDPRW,2022-10-24,Darfon Electronics Corporation,"No. 99 Zhuyuan Road, New District, Suzhou, Jiangsu",CN,China,31.27133,120.50648,Electronics,Apple [Public List] (Apple 2019 Facility List),,,,,,,False,,,,,,,,,,,,,,,,,,,,,,,,,,,,,,,,,,,,,,,,,,,,,,,,,,,,,,,,,,,,,,,,,,,,,,,,,,,,,,,,,,,,,,,,,,,,,,,,,,,,,,,,,,,,,,,,,,,,,,,,,,,,,,,,,,
CN20222974RZGZK,2022-10-24,Advanced Semiconductor Engineering Incorporated,"No. 188, Su Hong Xi Road, Suzhou Industrial Park, Suzhou, Jiangsu",CN,China,31.319614,120.770586,Electronics,Apple [Public List] (Apple 2019 Facility List),,,,,,,False,,,,,,,,,,,,,,,,,,,,,,,,,,,,,,,,,,,,,,,,,,,,,,,,,,,,,,,,,,,,,,,,,,,,,,,,,,,,,,,,,,,,,,,,,,,,,,,,,,,,,,,,,,,,,,,,,,,,,,,,,,,,,,,,,,
CN20222974X27QA,2022-10-24,TDK Corporation,"226 Xing Hai Street, Suzhou Industrial Park, Suzhou, Jiangsu",CN,China,31.32713,120.66836,Electronics,Apple [Public List] (Apple 2019 Facility List),,,,,,,False,,,,,,,,,,,,,,,,,,,,,,,,,,,,,,,,,,,,,,,,,,,,,,,,,,,,,,,,,,,,,,,,,,,,,,,,,,,,,,,,,,,,,,,,,,,,,,,,,,,,,,,,,,,,,,,,,,,,,,,,,,,,,,,,,,
CN20222974YFA6A,2022-10-24,Jabil Incorporated,"No. 97 National High-Tech Industrial Development Zone, Wuxi, Jiangsu",CN,China,31.4909899,120.31237,Electronics,Apple [Public List] (Apple 2019 Facility List)|Apple [Public List] (Apple 2019 Facility List)|Apple [Public List] (Apple 2019 Facility List),,,,,,,False,,,,,,,,,,,,,,,,,,,,,,,,,,,,,,,,,,,,,,,,,,,,,,,,,,,,,,,,,,,,,,,,,,,,,,,,,,,,,,,,,,,,,,,,,,,,,,,,,,,,,,,,,,,,,,,,,,,,,,,,,,,,,,,,,,
CN20222974ZEC8E,2022-10-24,Primax Electronics Limited,"No. 2688, Tong Xin Road, Yu Shan Town, Kunshan, Jiangsu",CN,China,31.41099,120.96488,Electronics,Apple [Public List] (Apple 2019 Facility List),,,,,,,False,,,,,,,,,,,,,,,,,,,,,,,,,,,,,,,,,,,,,,,,,,,,,,,,,,,,,,,,,,,,,,,,,,,,,,,,,,,,,,,,,,,,,,,,,,,,,,,,,,,,,,,,,,,,,,,,,,,,,,,,,,,,,,,,,,
CN202229750WK0X,2022-10-24,Coilcraft Incorporated,"Putian Village, Xiyang Town, Meizhou, Guangdong",CN,China,24.278757,116.201716,Electronics,Apple [Public List] (Apple 2019 Facility List),,,,,,,False,,,,,,,,,,,,,,,,,,,,,,,,,,,,,,,,,,,,,,,,,,,,,,,,,,,,,,,,,,,,,,,,,,,,,,,,,,,,,,,,,,,,,,,,,,,,,,,,,,,,,,,,,,,,,,,,,,,,,,,,,,,,,,,,,,
CN202229752Y2Q7,2022-10-24,LG Chem Limited,"No. 17, HengYi Road, Nanjing Economy & Technology Development Zone, Nanjing, Jiangsu",CN,China,32.1558768,118.8828197,Electronics,Apple [Public List] (Apple 2019 Facility List)|Lenovo [Public List] (Lenovo August 2020 Facility List)|Dell [Public List] (Dell 2021 Facility List),,LGC|LG Chemical,Other direct material suppliers,,Other direct material suppliers,NB Battery|Batteries,False,,,,,,,,,,,,,,,,,,,,,,,,,,,,,,,,,,,,,,,,,,,,,,,,,,,,,,,,,,,,,,,,,,,,,,,,,,,,,,,,,,,,,,,,,,,,,,,,,,,,,,,,,,,,,,,,,,,,,,,,,,,,,,,,,,
CN2022297543795,2022-10-24,Artesyn Embedded Technologies Incorporated,"No. 68, Baocheng E. Road, Fucheng Town, Luoding, YunFu, Guangdong",CN,China,22.70548,111.370567,Electronics,Apple [Public List] (Apple 2019 Facility List),,,,,,,False,,,,,,,,,,,,,,,,,,,,,,,,,,,,,,,,,,,,,,,,,,,,,,,,,,,,,,,,,,,,,,,,,,,,,,,,,,,,,,,,,,,,,,,,,,,,,,,,,,,,,,,,,,,,,,,,,,,,,,,,,,,,,,,,,,
CN202229755X71R,2022-10-24,Jabil Incorporated,"No. 21, Sai Da Shi Ji Road, Xiqing Economic Development Zone, Tianjin",CN,China,39.06009,117.27609,Electronics,Apple [Public List] (Apple 2019 Facility List),,,,,,,False,,,,,,,,,,,,,,,,,,,,,,,,,,,,,,,,,,,,,,,,,,,,,,,,,,,,,,,,,,,,,,,,,,,,,,,,,,,,,,,,,,,,,,,,,,,,,,,,,,,,,,,,,,,,,,,,,,,,,,,,,,,,,,,,,,
CN20222975BDGG6,2022-10-24,TTM Technologies Incorporated,"No 238, Shanhu Road, Niushan Foreign Economy Industrial Zone, Dongcheng District, Dongguan, Guangdong",CN,China,22.96155,113.76328,Electronics,Apple [Public List] (Apple 2019 Facility List),,,,,,,False,,,,,,,,,,,,,,,,,,,,,,,,,,,,,,,,,,,,,,,,,,,,,,,,,,,,,,,,,,,,,,,,,,,,,,,,,,,,,,,,,,,,,,,,,,,,,,,,,,,,,,,,,,,,,,,,,,,,,,,,,,,,,,,,,,
CN20222975BQW6J,2022-10-24,Primax Electronics Limited,"Er Village, Liu Wu District, Shek Kit Town, Dongguan, Guangdong",CN,China,23.0206699,113.75179,Electronics,Apple [Public List] (Apple 2019 Facility List),,,,,,,False,,,,,,,,,,,,,,,,,,,,,,,,,,,,,,,,,,,,,,,,,,,,,,,,,,,,,,,,,,,,,,,,,,,,,,,,,,,,,,,,,,,,,,,,,,,,,,,,,,,,,,,,,,,,,,,,,,,,,,,,,,,,,,,,,,
CN20222975CA6Z9,2022-10-24,AAC Technologies Holdings Incorporated,"Building 5, 6th floor, Nanyou Tianan Industry Park, Dengliang Road, NanShan District, Shenzhen, Guangdong",CN,China,22.5099316,113.9308131,Electronics,Apple [Public List] (Apple 2019 Facility List),,,,,,,False,,,,,,,,,,,,,,,,,,,,,,,,,,,,,,,,,,,,,,,,,,,,,,,,,,,,,,,,,,,,,,,,,,,,,,,,,,,,,,,,,,,,,,,,,,,,,,,,,,,,,,,,,,,,,,,,,,,,,,,,,,,,,,,,,,
CN20222975FV2JC,2022-10-24,TTM Technologies Incorporated,"No. 685 Lian Yang Road, SongJiang Industrial Zone, Shanghai",CN,China,31.02974,121.27713,Electronics,Apple [Public List] (Apple 2019 Facility List)|Apple [Public List] (Apple 2019 Facility List),,,,,,,False,,,,,,,,,,,,,,,,,,,,,,,,,,,,,,,,,,,,,,,,,,,,,,,,,,,,,,,,,,,,,,,,,,,,,,,,,,,,,,,,,,,,,,,,,,,,,,,,,,,,,,,,,,,,,,,,,,,,,,,,,,,,,,,,,,
CN20222975GG61N,2022-10-24,TDK Corporation,"No. 16 Tonghe Road, Pingdu City, Qingdao, Shandong",CN,China,36.73895,119.94028,Electronics,Apple [Public List] (Apple 2019 Facility List),,,,,,,False,,,,,,,,,,,,,,,,,,,,,,,,,,,,,,,,,,,,,,,,,,,,,,,,,,,,,,,,,,,,,,,,,,,,,,,,,,,,,,,,,,,,,,,,,,,,,,,,,,,,,,,,,,,,,,,,,,,,,,,,,,,,,,,,,,
CN20222975KC1BS,2022-10-24,Hon Hai Precision Industry Company Limited (Foxconn),"Baoyuan Technology Area, DaShuiKeng, GuanLan Town, Longhua New Distict, Shenzhen, Guangdong",CN,China,22.724995,114.026475,Electronics,Apple [Public List] (Apple 2019 Facility List),,,,,,,False,,,,,,,,,,,,,,,,,,,,,,,,,,,,,,,,,,,,,,,,,,,,,,,,,,,,,,,,,,,,,,,,,,,,,,,,,,,,,,,,,,,,,,,,,,,,,,,,,,,,,,,,,,,,,,,,,,,,,,,,,,,,,,,,,,
CN20222975NJF48,2022-10-24,UACJ Corporation,"No. 99 Shaojing Road, Kunshan Economical Technology Development Zone, Kunshan, Jiangsu",CN,China,31.35231,121.05354,Electronics,Apple [Public List] (Apple 2019 Facility List),,,,,,,False,,,,,,,,,,,,,,,,,,,,,,,,,,,,,,,,,,,,,,,,,,,,,,,,,,,,,,,,,,,,,,,,,,,,,,,,,,,,,,,,,,,,,,,,,,,,,,,,,,,,,,,,,,,,,,,,,,,,,,,,,,,,,,,,,,
CN20222975PJ0K9,2022-10-24,LY Investment (HK) Limited,"Building 18 & 19, Smart Phone Industrial Park, Airport Economy Zone, Zhengzhou, Henan",CN,China,34.64333,113.80562,Electronics,Apple [Public List] (Apple 2019 Facility List),,,,,,,False,,,,,,,,,,,,,,,,,,,,,,,,,,,,,,,,,,,,,,,,,,,,,,,,,,,,,,,,,,,,,,,,,,,,,,,,,,,,,,,,,,,,,,,,,,,,,,,,,,,,,,,,,,,,,,,,,,,,,,,,,,,,,,,,,,
CN20222975RC09V,2022-10-24,Panasonic Corporation,"No. 666 Lushan Road New District, Suzhou, Jiangsu",CN,China,31.32625,120.52731,Electronics,Apple [Public List] (Apple 2019 Facility List),,,,,,,False,,,,,,,,,,,,,,,,,,,,,,,,,,,,,,,,,,,,,,,,,,,,,,,,,,,,,,,,,,,,,,,,,,,,,,,,,,,,,,,,,,,,,,,,,,,,,,,,,,,,,,,,,,,,,,,,,,,,,,,,,,,,,,,,,,
CN20222975RRGBS,2022-10-24,TK Group (Holdings) Limited,"Building G, TK Technology Park, Tang Jia Village, Guang Ming New District, Shenzhen, Guangdong",CN,China,22.731211,113.938507,Electronics,Apple [Public List] (Apple 2019 Facility List),,,,,,,False,,,,,,,,,,,,,,,,,,,,,,,,,,,,,,,,,,,,,,,,,,,,,,,,,,,,,,,,,,,,,,,,,,,,,,,,,,,,,,,,,,,,,,,,,,,,,,,,,,,,,,,,,,,,,,,,,,,,,,,,,,,,,,,,,,
CN20222975WESM5,2022-10-24,Molex Incorporated,"No. 889 Ying Lun Road, Wai Gao Qiao Free Trade Zone, Shanghai",CN,China,31.311362,121.616891,Electronics,Apple [Public List] (Apple 2019 Facility List)|A Brand / Retailer|Lenovo [Public List] (Lenovo August 2020 Facility List),,Molex,,,,Connector,False,,,,,,,,,,,,,,,,,,,,,,,,,,,,,,,,,,,,,,,,,,,,,,,,,,,,,,,,,,,,,,,,,,,,,,,,,,,,,,,,,,,,,,,,,,,,,,,,,,,,,,,,,,,,,,,,,,,,,,,,,,,,,,,,,,
CN202229760YWY7,2023-12-13,Henkel Loctite (China) Co. Ltd.,"No. 90 Zhu Jiang Road, Yantai Economic Technological Development Zone, Shandong Province, 264006",CN,China,37.26117,120.8032,Aerospace|Automotive|Chemicals|Electronics|Energy|Furniture|Manufacturing|Rail Transportation,Apple [Public List] (Apple 2019 Facility List)|Henkel [Public List] (Henkel December 2023 Facility List),,Henkel AG & Co. KGaA,,,,Personal Hygiene Adhesives|Data|Medical|Tapes|Fashion|Labels|Building Components|Sports|Graphics|Packaging & Paper|Telecom Infracstructure|Metals|Industrial Maintenance and Repair (MRO)|Power Generation and Conversion|Engineered Wood,False,,,,,,,,,,,,,,,,,,,,,,,,,,,,,,,,,,,,,,,,,,,,,,,,,,,,,,,,,,,,,,,,,,,,,,,,,,,,,,,,,,,,,,,,,,,,,,,,,,,,,,,,,,,,,,,,,,,,,,,,,,,,,,,,,,
CN2022297684CEN,2022-10-24,Diodes Incorporated,"Plant No. 1, Lane 18, San Zhuang Road, Songjiang Export Zone, Shanghai",CN,China,31.01868,121.29327,Electronics,Apple [Public List] (Apple 2019 Facility List),,,,,,,False,,,,,,,,,,,,,,,,,,,,,,,,,,,,,,,,,,,,,,,,,,,,,,,,,,,,,,,,,,,,,,,,,,,,,,,,,,,,,,,,,,,,,,,,,,,,,,,,,,,,,,,,,,,,,,,,,,,,,,,,,,,,,,,,,,
CN20222976D3Z86,2022-10-24,Hi-P International Limited,"Blk 3 and 4, No. 955, Jinhai Road, Shanghai",CN,China,31.26478,121.65009,Electronics,Apple [Public List] (Apple 2019 Facility List),,,,,,,False,,,,,,,,,,,,,,,,,,,,,,,,,,,,,,,,,,,,,,,,,,,,,,,,,,,,,,,,,,,,,,,,,,,,,,,,,,,,,,,,,,,,,,,,,,,,,,,,,,,,,,,,,,,,,,,,,,,,,,,,,,,,,,,,,,
CN20222976VX2CN,2022-10-24,Radiant Opto-Electronics Corporation,"No. 35, Hengtong Road, Nanjing Economic & Technology Development Zone, Nanjing, Jiangsu",CN,China,31.68454,118.85711,Electronics,Apple [Public List] (Apple 2019 Facility List),,,,,,,False,,,,,,,,,,,,,,,,,,,,,,,,,,,,,,,,,,,,,,,,,,,,,,,,,,,,,,,,,,,,,,,,,,,,,,,,,,,,,,,,,,,,,,,,,,,,,,,,,,,,,,,,,,,,,,,,,,,,,,,,,,,,,,,,,,
CN20222976ZHR5W,2022-10-24,Chengdu Homin Technology Company Limited,"No. 265, Tengfei Avenue, Qingyang District, Chengdu, Sichuan",CN,China,30.686417,103.955415,Electronics,Apple [Public List] (Apple 2019 Facility List),,,,,,,False,,,,,,,,,,,,,,,,,,,,,,,,,,,,,,,,,,,,,,,,,,,,,,,,,,,,,,,,,,,,,,,,,,,,,,,,,,,,,,,,,,,,,,,,,,,,,,,,,,,,,,,,,,,,,,,,,,,,,,,,,,,,,,,,,,
CN202229773N4P2,2022-10-24,Suzhou Anjie Technology Company Limited,"No. 8, Fujin Road, Guangfu Town, Wuzhong District, Suzhou, Jiangsu",CN,China,31.28193,120.40039,Electronics,"A Brand / Retailer|Amazon.com, Inc. (Amazon Facility List 2026)|Amazon.com, Inc. (Amazon Facility List 2024)|Apple [Public List] (Apple 2019 Facility List)",921,,Finished goods,,Finished goods|Finished goods,,False,,,,,,,,,,,,,,,,,,,,,,,,,,,,,,,,,,,,,,,,,,,,,,,,,,,,,,,,,,,,,,,,,,,,,,,,,,,,,,,,,,,,,,,,,,,,,,,,,,,,,,,,,,,,,,,,,,,,,,,,,,,,,,,,,,
CN202229776JXPV,2022-10-24,Hon Hai Precision Industry Company Limited (Foxconn),"Building 20 Intelligent Terminal Industrial Zone, Xin Zheng, Zhengzhou, Henan",CN,China,34.3960499,113.74161,Electronics,Apple [Public List] (Apple 2019 Facility List),,,,,,,False,,,,,,,,,,,,,,,,,,,,,,,,,,,,,,,,,,,,,,,,,,,,,,,,,,,,,,,,,,,,,,,,,,,,,,,,,,,,,,,,,,,,,,,,,,,,,,,,,,,,,,,,,,,,,,,,,,,,,,,,,,,,,,,,,,
CN202229776Y963,2022-10-24,Coilcraft Incorporated,"No. 5, Guangtonnan Road, Dongfeng West Street, Weinan, Shanxi",CN,China,40.11314,113.29231,Electronics,Apple [Public List] (Apple 2019 Facility List),,,,,,,False,,,,,,,,,,,,,,,,,,,,,,,,,,,,,,,,,,,,,,,,,,,,,,,,,,,,,,,,,,,,,,,,,,,,,,,,,,,,,,,,,,,,,,,,,,,,,,,,,,,,,,,,,,,,,,,,,,,,,,,,,,,,,,,,,,
CN20222977MS333,2022-10-24,Fujikura Limited,"Build A-B, No. 1411 Yecheng Road, Jiading Industrial Zone, Shanghai",CN,China,31.363399,121.248106,Electronics,Apple [Public List] (Apple 2019 Facility List),,,,,,,False,,,,,,,,,,,,,,,,,,,,,,,,,,,,,,,,,,,,,,,,,,,,,,,,,,,,,,,,,,,,,,,,,,,,,,,,,,,,,,,,,,,,,,,,,,,,,,,,,,,,,,,,,,,,,,,,,,,,,,,,,,,,,,,,,,
CN20222977R6PBF,2022-10-24,LY Investment (HK) Limited,"No. 2, Yuyuan Road No. 1, Yuyuan Indusctrial Park, Huang Jiang, Dongguan, Guangdong",CN,China,22.892264,113.999078,Electronics,Apple [Public List] (Apple 2019 Facility List)|Apple [Public List] (Apple 2019 Facility List)|Apple [Public List] (Apple 2019 Facility List),,,,,,,False,,,,,,,,,,,,,,,,,,,,,,,,,,,,,,,,,,,,,,,,,,,,,,,,,,,,,,,,,,,,,,,,,,,,,,,,,,,,,,,,,,,,,,,,,,,,,,,,,,,,,,,,,,,,,,,,,,,,,,,,,,,,,,,,,,
CN20222977RKZJC,2022-10-24,Radiant Opto-Electronics Corporation,"No. 1621, Jiang Xin East Road, Economic Developing Area, Wujiang, Jiangsu",CN,China,31.11130989999999,120.84753,Electronics,Apple [Public List] (Apple 2019 Facility List),,,,,,,False,,,,,,,,,,,,,,,,,,,,,,,,,,,,,,,,,,,,,,,,,,,,,,,,,,,,,,,,,,,,,,,,,,,,,,,,,,,,,,,,,,,,,,,,,,,,,,,,,,,,,,,,,,,,,,,,,,,,,,,,,,,,,,,,,,
CN20222977SHWVH,2022-10-24,MinebeaMitsumi Incorporated,"No. 1 Tongsheng Road, Suzhou Industrial Park, Suzhou, Jiangsu",CN,China,31.3266852,120.8324993,Electronics,Apple [Public List] (Apple 2019 Facility List),,,,,,,False,,,,,,,,,,,,,,,,,,,,,,,,,,,,,,,,,,,,,,,,,,,,,,,,,,,,,,,,,,,,,,,,,,,,,,,,,,,,,,,,,,,,,,,,,,,,,,,,,,,,,,,,,,,,,,,,,,,,,,,,,,,,,,,,,,
CN20222977XVSJK,2022-10-24,Compal Electronics Incorporated,"No. D05, Zone D, Air Port Section of LiangLu CunTan Free Trade Port Area, YuBei District, Chongqing",CN,China,29.622586,106.59283,Electronics,Apple [Public List] (Apple 2019 Facility List),,,,,,,False,,,,,,,,,,,,,,,,,,,,,,,,,,,,,,,,,,,,,,,,,,,,,,,,,,,,,,,,,,,,,,,,,,,,,,,,,,,,,,,,,,,,,,,,,,,,,,,,,,,,,,,,,,,,,,,,,,,,,,,,,,,,,,,,,,
CN2022297808EQY,2022-10-24,Cheng Uei Precision Industry Company Limited (Foxlink),"No. 6, Zheng Wei Road, Jin Xi Town, Kunshan, Jiangsu",CN,China,31.18099,120.90138,Electronics,Apple [Public List] (Apple 2019 Facility List),,,,,,,False,,,,,,,,,,,,,,,,,,,,,,,,,,,,,,,,,,,,,,,,,,,,,,,,,,,,,,,,,,,,,,,,,,,,,,,,,,,,,,,,,,,,,,,,,,,,,,,,,,,,,,,,,,,,,,,,,,,,,,,,,,,,,,,,,,
CN202229780TPZ0,2022-10-24,Jabil Incorporated,"Lot J9, J10 Export Processing Zone, Wuxi, Jiangsu",CN,China,31.5388079,120.3808345,Electronics,Apple [Public List] (Apple 2019 Facility List),,,,,,,False,,,,,,,,,,,,,,,,,,,,,,,,,,,,,,,,,,,,,,,,,,,,,,,,,,,,,,,,,,,,,,,,,,,,,,,,,,,,,,,,,,,,,,,,,,,,,,,,,,,,,,,,,,,,,,,,,,,,,,,,,,,,,,,,,,
CN202229783YQFR,2022-10-24,SMK Corporation,"1-5 Floor, Section 3 Building 1, Honghualing Industrial South area, Xili Town, Nanshan District, Shenzhen, Guangdong",CN,China,22.581996,113.960769,Electronics,Apple [Public List] (Apple 2019 Facility List),,,,,,,False,,,,,,,,,,,,,,,,,,,,,,,,,,,,,,,,,,,,,,,,,,,,,,,,,,,,,,,,,,,,,,,,,,,,,,,,,,,,,,,,,,,,,,,,,,,,,,,,,,,,,,,,,,,,,,,,,,,,,,,,,,,,,,,,,,
CN20222978HR0JC,2022-10-24,J.Pond Industry (Dongguan) Company Limited,"No. 336, Honghu Road, Penglang Town, Kunshan, Jiangsu",CN,China,31.35056,121.07397,Electronics,Apple [Public List] (Apple 2019 Facility List),,,,,,,False,,,,,,,,,,,,,,,,,,,,,,,,,,,,,,,,,,,,,,,,,,,,,,,,,,,,,,,,,,,,,,,,,,,,,,,,,,,,,,,,,,,,,,,,,,,,,,,,,,,,,,,,,,,,,,,,,,,,,,,,,,,,,,,,,,
CN20222978J9X8H,2022-10-24,CN Innovations Holdings Limited,"9 Dongfu Road, SIP, Suzhou, Jiangsu",CN,China,31.28363,120.75114,Electronics,Apple [Public List] (Apple 2019 Facility List),,,,,,,False,,,,,,,,,,,,,,,,,,,,,,,,,,,,,,,,,,,,,,,,,,,,,,,,,,,,,,,,,,,,,,,,,,,,,,,,,,,,,,,,,,,,,,,,,,,,,,,,,,,,,,,,,,,,,,,,,,,,,,,,,,,,,,,,,,
CN20222978KQDNX,2022-10-24,Tongda Group Holdings Limited,"No. 88 Dingshan Road, Haicang District, Xiamen, Fujian",CN,China,24.5317599,117.95542,Electronics,Apple [Public List] (Apple 2019 Facility List),,,,,,,False,,,,,,,,,,,,,,,,,,,,,,,,,,,,,,,,,,,,,,,,,,,,,,,,,,,,,,,,,,,,,,,,,,,,,,,,,,,,,,,,,,,,,,,,,,,,,,,,,,,,,,,,,,,,,,,,,,,,,,,,,,,,,,,,,,
CN20222978Q3GXR,2022-10-24,Delta Electronics Incorporated,"No. 688 Xiuhu West Road, Song Ling Town, Suzhou, Jiangsu",CN,China,31.15593,120.66998,Electronics,Apple [Public List] (Apple 2019 Facility List),,,,,,,False,,,,,,,,,,,,,,,,,,,,,,,,,,,,,,,,,,,,,,,,,,,,,,,,,,,,,,,,,,,,,,,,,,,,,,,,,,,,,,,,,,,,,,,,,,,,,,,,,,,,,,,,,,,,,,,,,,,,,,,,,,,,,,,,,,
CN20222978T6EMK,2022-10-24,Asia Vital Components Company Limited,"No. 5, Lane 8, RongJiang Road, Songjiang Export Processing Zone, Shanghai",CN,China,31.024015,121.293753,Electronics,Apple [Public List] (Apple 2019 Facility List),,,,,,,False,,,,,,,,,,,,,,,,,,,,,,,,,,,,,,,,,,,,,,,,,,,,,,,,,,,,,,,,,,,,,,,,,,,,,,,,,,,,,,,,,,,,,,,,,,,,,,,,,,,,,,,,,,,,,,,,,,,,,,,,,,,,,,,,,,
CN20222978V4TS3,2022-10-24,KEMET Corporation,"No. 9 Rixin Road, Xinglin Jimei Zone, Xiamen, Fujian",CN,China,24.56484,118.03132,Electronics,Apple [Public List] (Apple 2019 Facility List),,,,,,,False,,,,,,,,,,,,,,,,,,,,,,,,,,,,,,,,,,,,,,,,,,,,,,,,,,,,,,,,,,,,,,,,,,,,,,,,,,,,,,,,,,,,,,,,,,,,,,,,,,,,,,,,,,,,,,,,,,,,,,,,,,,,,,,,,,
CN20222978WJHN5,2022-10-24,Hi-P International Limited,"No. 1 Hexing Road, Economic Development Zone, Nantong, Jiangsu",CN,China,31.89157,120.95334,Electronics,Apple [Public List] (Apple 2019 Facility List),,,,,,,False,,,,,,,,,,,,,,,,,,,,,,,,,,,,,,,,,,,,,,,,,,,,,,,,,,,,,,,,,,,,,,,,,,,,,,,,,,,,,,,,,,,,,,,,,,,,,,,,,,,,,,,,,,,,,,,,,,,,,,,,,,,,,,,,,,
CN202229792A9DM,2022-10-24,Unimicron Technology Corporation,"No. 160, Fengli Street, Suzhou Ind. Park, Suzhou, Jiangsu",CN,China,31.3225855,120.7786456,Electronics,Apple [Public List] (Apple 2019 Facility List),,,,,,,False,,,,,,,,,,,,,,,,,,,,,,,,,,,,,,,,,,,,,,,,,,,,,,,,,,,,,,,,,,,,,,,,,,,,,,,,,,,,,,,,,,,,,,,,,,,,,,,,,,,,,,,,,,,,,,,,,,,,,,,,,,,,,,,,,,
CN202229794XWT9,2022-10-24,Hi-P International Limited,"No. 86 Liu Feng Road, Wu Zhong District, Suzhou, Jiangsu",CN,China,31.22197,120.67071,Electronics,Apple [Public List] (Apple 2019 Facility List),,,,,,,False,,,,,,,,,,,,,,,,,,,,,,,,,,,,,,,,,,,,,,,,,,,,,,,,,,,,,,,,,,,,,,,,,,,,,,,,,,,,,,,,,,,,,,,,,,,,,,,,,,,,,,,,,,,,,,,,,,,,,,,,,,,,,,,,,,
CN202229796BJM9,2022-10-24,Asia Vital Components Company Limited,"No. 188, Building 9, Jinxi Zhenjin Road, Kunshan, Jiangsu",CN,China,31.18099,120.90138,Electronics,Apple [Public List] (Apple 2019 Facility List),,,,,,,False,,,,,,,,,,,,,,,,,,,,,,,,,,,,,,,,,,,,,,,,,,,,,,,,,,,,,,,,,,,,,,,,,,,,,,,,,,,,,,,,,,,,,,,,,,,,,,,,,,,,,,,,,,,,,,,,,,,,,,,,,,,,,,,,,,
CN20222979AS9PM,2022-10-24,Jabil Incorporated,"Ganpi Village, Zhenlong Town, Huiyang District, Huizhou, Guangdong",CN,China,22.9643799,114.31842,Electronics,Apple [Public List] (Apple 2019 Facility List),,,,,,,False,,,,,,,,,,,,,,,,,,,,,,,,,,,,,,,,,,,,,,,,,,,,,,,,,,,,,,,,,,,,,,,,,,,,,,,,,,,,,,,,,,,,,,,,,,,,,,,,,,,,,,,,,,,,,,,,,,,,,,,,,,,,,,,,,,
CN20222979D9E8Y,2022-10-24,"Panasonic Industrial Devices (Qingdao) Co., Ltd.","No. 49 Tokyo Road, Free Trade Zone,, Qingdao, Shandong, ",CN,China,36.0662299,120.38299,Electronics,"Amazon.com, Inc. (Amazon Facility List 2024)|Amazon.com, Inc. (Amazon Facility List 2022)|Apple [Public List] (Apple 2019 Facility List)|Amazon.com, Inc. (Amazon Facility List 2023)",1000|1261,,Finished goods,,Finished goods,,False,,,,,,,,,,,,,,,,,,,,,,,,,,,,,,,,,,,,,,,,,,,,,,,,,,,,,,,,,,,,,,,,,,,,,,,,,,,,,,,,,,,,,,,,,,,,,,,,,,,,,,,,,,,,,,,,,,,,,,,,,,,,,,,,,,
CN20222979DWNN5,2022-10-24,Jabil Incorporated,"No. 128 TongYuan Road, Suzhou Industrial Park, Suzhou, Jiangsu",CN,China,31.319614,120.770586,Electronics,Apple [Public List] (Apple 2019 Facility List),,,,,,,False,,,,,,,,,,,,,,,,,,,,,,,,,,,,,,,,,,,,,,,,,,,,,,,,,,,,,,,,,,,,,,,,,,,,,,,,,,,,,,,,,,,,,,,,,,,,,,,,,,,,,,,,,,,,,,,,,,,,,,,,,,,,,,,,,,
CN20222979EBWNW,2022-10-24,TDK Corporation,"689 Zhen An Road, Conrad Hi-Tech Park, Changan Town, Dongguan, Guangdong",CN,China,22.78977,113.8076,Electronics,Apple [Public List] (Apple 2019 Facility List),,,,,,,False,,,,,,,,,,,,,,,,,,,,,,,,,,,,,,,,,,,,,,,,,,,,,,,,,,,,,,,,,,,,,,,,,,,,,,,,,,,,,,,,,,,,,,,,,,,,,,,,,,,,,,,,,,,,,,,,,,,,,,,,,,,,,,,,,,
CN20222979J3ADY,2022-10-24,Pegatron Corporation,"No. 88 Kaedar Road, Kunshan High-tech Industrial Park, Kunshan, Jiangsu",CN,China,31.35036,120.91991,Electronics,Apple [Public List] (Apple 2019 Facility List),,,,,,,False,,,,,,,,,,,,,,,,,,,,,,,,,,,,,,,,,,,,,,,,,,,,,,,,,,,,,,,,,,,,,,,,,,,,,,,,,,,,,,,,,,,,,,,,,,,,,,,,,,,,,,,,,,,,,,,,,,,,,,,,,,,,,,,,,,
CN20222979P6F0X,2022-10-24,Zhen Ding Technology Holding Limited,"Building A1-A3, Pengding Plant, Songluo Road, Yanchuan Community, Yanluo Street, Bao'an District, Shenzhen, Guangdong",CN,China,22.78323,113.85383,Electronics,Apple [Public List] (Apple 2019 Facility List),,,,,,,False,,,,,,,,,,,,,,,,,,,,,,,,,,,,,,,,,,,,,,,,,,,,,,,,,,,,,,,,,,,,,,,,,,,,,,,,,,,,,,,,,,,,,,,,,,,,,,,,,,,,,,,,,,,,,,,,,,,,,,,,,,,,,,,,,,
CN20222979V6B64,2022-10-24,Laird PLC,"28 Huanghe South Road, Kunshan Economic & Tech Development Zone, Kunshan, Jiangsu",CN,China,31.3634,120.97758,Electronics,Apple [Public List] (Apple 2019 Facility List),,,,,,,False,,,,,,,,,,,,,,,,,,,,,,,,,,,,,,,,,,,,,,,,,,,,,,,,,,,,,,,,,,,,,,,,,,,,,,,,,,,,,,,,,,,,,,,,,,,,,,,,,,,,,,,,,,,,,,,,,,,,,,,,,,,,,,,,,,
CN2022297A1FC5M,2022-10-24,SMK Corporation,"1st East Turning, Zhenxing Road, Gaobu Town, Dongguan, Guangdong",CN,China,23.87009,113.53261,Electronics,Apple [Public List] (Apple 2019 Facility List),,,,,,,False,,,,,,,,,,,,,,,,,,,,,,,,,,,,,,,,,,,,,,,,,,,,,,,,,,,,,,,,,,,,,,,,,,,,,,,,,,,,,,,,,,,,,,,,,,,,,,,,,,,,,,,,,,,,,,,,,,,,,,,,,,,,,,,,,,
CN2022297A1KMFA,2022-10-24,Toyo Rikagaku Kenkyusho Company Limited,"777 Honghu Road, Kunshan Economic & Technical Development Zone, Kunshan, Jiangsu",CN,China,31.35056,121.07397,Electronics,Apple [Public List] (Apple 2019 Facility List)|Apple [Public List] (Apple 2019 Facility List),,,,,,,False,,,,,,,,,,,,,,,,,,,,,,,,,,,,,,,,,,,,,,,,,,,,,,,,,,,,,,,,,,,,,,,,,,,,,,,,,,,,,,,,,,,,,,,,,,,,,,,,,,,,,,,,,,,,,,,,,,,,,,,,,,,,,,,,,,
CN2022297A39Q1Q,2022-10-24,Pai Shing International Limited,"22, Xing Yang Road, Tian Xin, Qiao Tou, Dongguan, Guangdong",CN,China,22.916058,113.667097,Electronics,Apple [Public List] (Apple 2019 Facility List),,,,,,,False,,,,,,,,,,,,,,,,,,,,,,,,,,,,,,,,,,,,,,,,,,,,,,,,,,,,,,,,,,,,,,,,,,,,,,,,,,,,,,,,,,,,,,,,,,,,,,,,,,,,,,,,,,,,,,,,,,,,,,,,,,,,,,,,,,
CN2022297A558FM,2022-10-24,Sunwoda Electronic Company Limited,"No. 2 Yihe Road, Shilong Community, Shiyan Street, Bao’an District, Shenzhen, Guangdong",CN,China,22.6823452,113.9386487,Electronics,Apple [Public List] (Apple 2019 Facility List),,,,,,,False,,,,,,,,,,,,,,,,,,,,,,,,,,,,,,,,,,,,,,,,,,,,,,,,,,,,,,,,,,,,,,,,,,,,,,,,,,,,,,,,,,,,,,,,,,,,,,,,,,,,,,,,,,,,,,,,,,,,,,,,,,,,,,,,,,
CN2022297AMSYA8,2022-10-24,Suzhou Dongshan Precision Manufacturing Company Limited,"Smart Terminal Industrial Park, High Technology of Yandu District, Yancheng, Jiangsu",CN,China,33.3373199,120.15448,Electronics,Apple [Public List] (Apple 2019 Facility List),,,,,,,False,,,,,,,,,,,,,,,,,,,,,,,,,,,,,,,,,,,,,,,,,,,,,,,,,,,,,,,,,,,,,,,,,,,,,,,,,,,,,,,,,,,,,,,,,,,,,,,,,,,,,,,,,,,,,,,,,,,,,,,,,,,,,,,,,,
CN2022297AP0W8D,2022-10-24,"Wuxi Murata Electronics Co., Ltd.","No 6, Xingchuang 1st Road, Wuxi Export Processing Zone, B Zone, Wuxi, Jiangsu, ",CN,China,31.531437,120.38069,Electronics,"Fairphone [Public List] (Fairphone May 2022 Facility List)|Apple [Public List] (Apple 2019 Facility List)|Amazon.com, Inc. (Amazon Facility List 2024)|A Brand / Retailer|Amazon.com, Inc. (Amazon Facility List 2022)|Amazon.com, Inc. (Amazon Facility List 2023)",1000|8028,,Finished goods,,Finished goods,Passives,False,,,,,,,,,,,,,,,,,,,,,,,,,,,,,,,,,,,,,,,,,,,,,,,,,,,,,,,,,,,,,,,,,,,,,,,,,,,,,,,,,,,,,,,,,,,,,,,,,,,,,,,,,,,,,,,,,,,,,,,,,,,,,,,,,,
CN2022297ARB01Q,2022-10-24,TDK Corporation,"No. 8 Xingguo Road, Jiaoshe Village, Dongkeng Town, Dongguan, Guangdong",CN,China,22.995838,113.933872,Electronics,Apple [Public List] (Apple 2019 Facility List),,,,,,,False,,,,,,,,,,,,,,,,,,,,,,,,,,,,,,,,,,,,,,,,,,,,,,,,,,,,,,,,,,,,,,,,,,,,,,,,,,,,,,,,,,,,,,,,,,,,,,,,,,,,,,,,,,,,,,,,,,,,,,,,,,,,,,,,,,
CN2022297AYCKK3,2022-10-24,Lite-On Technology Corporation,"59 Hong Jing Road, Eastern Section, GETDD, Guangzhou, Guangdong",CN,China,23.12334,113.52384,Electronics,Apple [Public List] (Apple 2019 Facility List),,,,,,,False,,,,,,,,,,,,,,,,,,,,,,,,,,,,,,,,,,,,,,,,,,,,,,,,,,,,,,,,,,,,,,,,,,,,,,,,,,,,,,,,,,,,,,,,,,,,,,,,,,,,,,,,,,,,,,,,,,,,,,,,,,,,,,,,,,
CN2022297AYESD5,2022-10-24,Phone In Mag-Electronics Company Limited,"No. 899 Mingshu Road, Yinzhou District, Ningbo, Zhejiang",CN,China,29.76336,121.52044,Electronics,Apple [Public List] (Apple 2019 Facility List),,,,,,,False,,,,,,,,,,,,,,,,,,,,,,,,,,,,,,,,,,,,,,,,,,,,,,,,,,,,,,,,,,,,,,,,,,,,,,,,,,,,,,,,,,,,,,,,,,,,,,,,,,,,,,,,,,,,,,,,,,,,,,,,,,,,,,,,,,
CN2022297B699ET,2022-10-24,Japan Display Incorporated,"No. 1 Central Avenue, Area B, Kunshan Free Trade Zone, Kunshan, Jiangsu",CN,China,31.1823199,121.00715,Electronics,Apple [Public List] (Apple 2019 Facility List),,,,,,,False,,,,,,,,,,,,,,,,,,,,,,,,,,,,,,,,,,,,,,,,,,,,,,,,,,,,,,,,,,,,,,,,,,,,,,,,,,,,,,,,,,,,,,,,,,,,,,,,,,,,,,,,,,,,,,,,,,,,,,,,,,,,,,,,,,
CN2022297B79G3Q,2022-10-24,LY Investment (HK) Limited,"No. 2988, Taidong Road, Huangdai Town, Xiangcheng District, Suzhou, Jiangsu",CN,China,31.43466,120.60073,Electronics,Apple [Public List] (Apple 2019 Facility List)|Apple [Public List] (Apple 2019 Facility List),,,,,,,False,,,,,,,,,,,,,,,,,,,,,,,,,,,,,,,,,,,,,,,,,,,,,,,,,,,,,,,,,,,,,,,,,,,,,,,,,,,,,,,,,,,,,,,,,,,,,,,,,,,,,,,,,,,,,,,,,,,,,,,,,,,,,,,,,,
CN2022297BEREJT,2022-10-24,Sekisui Chemical Company Limited,"No. 718, Guangzhong Road, Xinzhuang Industry Park. Minhang, Shanghai",CN,China,31.07236,121.38799,Electronics,Apple [Public List] (Apple 2019 Facility List),,,,,,,False,,,,,,,,,,,,,,,,,,,,,,,,,,,,,,,,,,,,,,,,,,,,,,,,,,,,,,,,,,,,,,,,,,,,,,,,,,,,,,,,,,,,,,,,,,,,,,,,,,,,,,,,,,,,,,,,,,,,,,,,,,,,,,,,,,
CN2022297BHJX3Q,2022-10-24,R.R. Donnelley & Sons Company,"No. 128, Chensong Road, Kunshan High and New Technology Industrial Development Zone, Kunshan, Jiangsu",CN,China,31.3561517,120.8735359,Electronics,Apple [Public List] (Apple 2019 Facility List),,,,,,,False,,,,,,,,,,,,,,,,,,,,,,,,,,,,,,,,,,,,,,,,,,,,,,,,,,,,,,,,,,,,,,,,,,,,,,,,,,,,,,,,,,,,,,,,,,,,,,,,,,,,,,,,,,,,,,,,,,,,,,,,,,,,,,,,,,
CN2022297BNN49B,2022-10-24,TTM Technologies Incorporated,"No. 1 Xinle Road, Science City, Hi-Tech Industrial Development Zone, Guangzhou, Guangdong",CN,China,38.3433799,114.68384,Electronics,Apple [Public List] (Apple 2019 Facility List),,,,,,,False,,,,,,,,,,,,,,,,,,,,,,,,,,,,,,,,,,,,,,,,,,,,,,,,,,,,,,,,,,,,,,,,,,,,,,,,,,,,,,,,,,,,,,,,,,,,,,,,,,,,,,,,,,,,,,,,,,,,,,,,,,,,,,,,,,
CN2022297BNZSHJ,2022-10-24,China Circuit Technology (Shantou) Corporation,"Wanji Industrial District, Longhu, Shantou, Guangdong",CN,China,23.44137,116.74164,Electronics,Apple [Public List] (Apple 2019 Facility List),,,,,,,False,,,,,,,,,,,,,,,,,,,,,,,,,,,,,,,,,,,,,,,,,,,,,,,,,,,,,,,,,,,,,,,,,,,,,,,,,,,,,,,,,,,,,,,,,,,,,,,,,,,,,,,,,,,,,,,,,,,,,,,,,,,,,,,,,,
CN2022297BXQ8XD,2022-10-24,Phone In Mag-Electronics Company Limited,"No. 30-8 Dongwaihuan Road, High-Tech Development Zone, Xinyang, Henan",CN,China,32.1471399,114.09279,Electronics,Apple [Public List] (Apple 2019 Facility List),,,,,,,False,,,,,,,,,,,,,,,,,,,,,,,,,,,,,,,,,,,,,,,,,,,,,,,,,,,,,,,,,,,,,,,,,,,,,,,,,,,,,,,,,,,,,,,,,,,,,,,,,,,,,,,,,,,,,,,,,,,,,,,,,,,,,,,,,,
CN2022297C0WCTQ,2022-10-24,Pegatron Corporation,"No. 1168 Ronghua Road, Songjiang Export/Import Park, Shanghai",CN,China,31.02932,121.30231,Electronics,Apple [Public List] (Apple 2019 Facility List),,,,,,,False,,,,,,,,,,,,,,,,,,,,,,,,,,,,,,,,,,,,,,,,,,,,,,,,,,,,,,,,,,,,,,,,,,,,,,,,,,,,,,,,,,,,,,,,,,,,,,,,,,,,,,,,,,,,,,,,,,,,,,,,,,,,,,,,,,
CN2022297C6RSN1,2022-10-24,R.R. Donnelley & Sons Company,"No. 28 Huang Sha He West Road, Xin Jiu Wei Village, Liaobu Town, Dongguan, Guangdong",CN,China,23.061845,114.04481,Electronics,Apple [Public List] (Apple 2019 Facility List),,,,,,,False,,,,,,,,,,,,,,,,,,,,,,,,,,,,,,,,,,,,,,,,,,,,,,,,,,,,,,,,,,,,,,,,,,,,,,,,,,,,,,,,,,,,,,,,,,,,,,,,,,,,,,,,,,,,,,,,,,,,,,,,,,,,,,,,,,
CN2022297CBVHHX,2022-10-24,AT & S Austria Technologie & Systemtechnik Aktiengesellschaft,"No. 5000 Jin Du Road, Shanghai",CN,China,31.08683,121.40923,Electronics,Apple [Public List] (Apple 2019 Facility List),,,,,,,False,,,,,,,,,,,,,,,,,,,,,,,,,,,,,,,,,,,,,,,,,,,,,,,,,,,,,,,,,,,,,,,,,,,,,,,,,,,,,,,,,,,,,,,,,,,,,,,,,,,,,,,,,,,,,,,,,,,,,,,,,,,,,,,,,,
CN2022297CC83X9,2022-10-24,MinebeaMitsumi Incorporated,"No. 2 Dayangzhou Road, Qingdao West Coast Export Processing Zone, Qingdao, Shandong",CN,China,36.103824,120.09912,Electronics,Apple [Public List] (Apple 2019 Facility List),,,,,,,False,,,,,,,,,,,,,,,,,,,,,,,,,,,,,,,,,,,,,,,,,,,,,,,,,,,,,,,,,,,,,,,,,,,,,,,,,,,,,,,,,,,,,,,,,,,,,,,,,,,,,,,,,,,,,,,,,,,,,,,,,,,,,,,,,,
CN2022297CFYG9V,2022-10-24,Biel Crystal Manufactory Limited,"Yang Na Village, Dan Shui Street, Huiyang Distrcit, Huizhou, Guangdong",CN,China,22.831365,114.5127105,Electronics,Apple [Public List] (Apple 2019 Facility List),,,,,,,False,,,,,,,,,,,,,,,,,,,,,,,,,,,,,,,,,,,,,,,,,,,,,,,,,,,,,,,,,,,,,,,,,,,,,,,,,,,,,,,,,,,,,,,,,,,,,,,,,,,,,,,,,,,,,,,,,,,,,,,,,,,,,,,,,,
CN2022297CH1TCD,2022-10-24,Winox Enterprise Company Limited,"Dongfeng Village, Huzhen Town, Boluo County, Huizhou, Guangdong",CN,China,23.248137,114.13078,Electronics,Apple [Public List] (Apple 2019 Facility List),,,,,,,False,,,,,,,,,,,,,,,,,,,,,,,,,,,,,,,,,,,,,,,,,,,,,,,,,,,,,,,,,,,,,,,,,,,,,,,,,,,,,,,,,,,,,,,,,,,,,,,,,,,,,,,,,,,,,,,,,,,,,,,,,,,,,,,,,,
CN2022297CHW3Z4,2022-10-24,SABIC Innovative Plastics,"No. 1 Sulia Road, Nansha, Panyu District, Guangzhou, Guangdong",CN,China,22.8837,113.53115,Electronics,Apple [Public List] (Apple 2019 Facility List),,,,,,,False,,,,,,,,,,,,,,,,,,,,,,,,,,,,,,,,,,,,,,,,,,,,,,,,,,,,,,,,,,,,,,,,,,,,,,,,,,,,,,,,,,,,,,,,,,,,,,,,,,,,,,,,,,,,,,,,,,,,,,,,,,,,,,,,,,
CN2022297CKQQ3S,2022-10-24,Cheng Loong Corporation,"888 Fuyan Road, Weishi county, Kaifeng, Henan",CN,China,34.39131,114.19026,Electronics,Apple [Public List] (Apple 2019 Facility List),,,,,,,False,,,,,,,,,,,,,,,,,,,,,,,,,,,,,,,,,,,,,,,,,,,,,,,,,,,,,,,,,,,,,,,,,,,,,,,,,,,,,,,,,,,,,,,,,,,,,,,,,,,,,,,,,,,,,,,,,,,,,,,,,,,,,,,,,,
CN2022297CPW44F,2022-10-24,Xiamen Jan Jia Optoelectronics Company Limited,"No. 1 Xiang Ming Road, Xiang'an, Xiamen, Fujian",CN,China,24.633399,118.244651,Electronics,Apple [Public List] (Apple 2019 Facility List),,,,,,,False,,,,,,,,,,,,,,,,,,,,,,,,,,,,,,,,,,,,,,,,,,,,,,,,,,,,,,,,,,,,,,,,,,,,,,,,,,,,,,,,,,,,,,,,,,,,,,,,,,,,,,,,,,,,,,,,,,,,,,,,,,,,,,,,,,
CN2022297CZ6V2Q,2022-10-24,Sumida Corporation,"Tai Xin Road, Humen Town, Dongguan, Guangdong",CN,China,22.80599,113.67768,Electronics,Apple [Public List] (Apple 2019 Facility List),,,,,,,False,,,,,,,,,,,,,,,,,,,,,,,,,,,,,,,,,,,,,,,,,,,,,,,,,,,,,,,,,,,,,,,,,,,,,,,,,,,,,,,,,,,,,,,,,,,,,,,,,,,,,,,,,,,,,,,,,,,,,,,,,,,,,,,,,,
CN2022297D1KQCD,2022-10-24,Cosmosupplylab Limited,"Bo Wang Industrial Park, Gaobu Town, Dongguan, Guangdong",CN,China,23.09099,113.7459,Electronics,Apple [Public List] (Apple 2019 Facility List),,,,,,,False,,,,,,,,,,,,,,,,,,,,,,,,,,,,,,,,,,,,,,,,,,,,,,,,,,,,,,,,,,,,,,,,,,,,,,,,,,,,,,,,,,,,,,,,,,,,,,,,,,,,,,,,,,,,,,,,,,,,,,,,,,,,,,,,,,
CN2022297D4YKCQ,2022-10-24,Amphenol Corporation,"Block A3/A4, The 4th Ind. District of Industrial Headquarters, DongKeng Road, GongMing Town, Shenzhen, Guangdong",CN,China,22.75476,113.91714,Electronics,Apple [Public List] (Apple 2019 Facility List),,,,,,,False,,,,,,,,,,,,,,,,,,,,,,,,,,,,,,,,,,,,,,,,,,,,,,,,,,,,,,,,,,,,,,,,,,,,,,,,,,,,,,,,,,,,,,,,,,,,,,,,,,,,,,,,,,,,,,,,,,,,,,,,,,,,,,,,,,
CN2022297D54T6Z,2022-10-24,CymMetrik Enterprise Company Limited,"Xinhua Road, Xingwei Community, Fuyong Street, Bao'an, Shenzhen, Guangdong",CN,China,22.6417499,113.83452,Electronics,Apple [Public List] (Apple 2019 Facility List),,,,,,,False,,,,,,,,,,,,,,,,,,,,,,,,,,,,,,,,,,,,,,,,,,,,,,,,,,,,,,,,,,,,,,,,,,,,,,,,,,,,,,,,,,,,,,,,,,,,,,,,,,,,,,,,,,,,,,,,,,,,,,,,,,,,,,,,,,
CN2022297D5M63R,2022-10-24,Texas Instruments Incorporated,"No. 8010, Kexin Road, Hi-Tech, Comprehensive Free Trade Zone, Chengdu, Sichuan",CN,China,30.5722599,104.0665099,Electronics,Apple [Public List] (Apple 2019 Facility List),,,,,,,False,,,,,,,,,,,,,,,,,,,,,,,,,,,,,,,,,,,,,,,,,,,,,,,,,,,,,,,,,,,,,,,,,,,,,,,,,,,,,,,,,,,,,,,,,,,,,,,,,,,,,,,,,,,,,,,,,,,,,,,,,,,,,,,,,,
CN2022297D7P771,2022-10-24,Taishan City Kam Kiu Aluminium Extrusion Company Limited,"Shiqiao Industrial Zone, Dajiang Town, Taishan, Guangdong",CN,China,22.38182,112.80074,Electronics,Apple [Public List] (Apple 2019 Facility List),,,,,,,False,,,,,,,,,,,,,,,,,,,,,,,,,,,,,,,,,,,,,,,,,,,,,,,,,,,,,,,,,,,,,,,,,,,,,,,,,,,,,,,,,,,,,,,,,,,,,,,,,,,,,,,,,,,,,,,,,,,,,,,,,,,,,,,,,,
CN2022297DE6A3Q,2022-10-24,Toyo Rikagaku Kenkyusho Company Limited,"No. 188 Gaoding Road, Kunshan Economic & Technical Development Zone, Kunshan, Jiangsu",CN,China,31.3527509,121.0635131,Electronics,Apple [Public List] (Apple 2019 Facility List),,,,,,,False,,,,,,,,,,,,,,,,,,,,,,,,,,,,,,,,,,,,,,,,,,,,,,,,,,,,,,,,,,,,,,,,,,,,,,,,,,,,,,,,,,,,,,,,,,,,,,,,,,,,,,,,,,,,,,,,,,,,,,,,,,,,,,,,,,
CN2022297DEACSK,2022-10-24,Diodes Incorporated,"No. 999 Chenchun Road, Xinqiao Town, Songjiang District, Shanghai",CN,China,31.07204,121.33452,Electronics,Apple [Public List] (Apple 2019 Facility List),,,,,,,False,,,,,,,,,,,,,,,,,,,,,,,,,,,,,,,,,,,,,,,,,,,,,,,,,,,,,,,,,,,,,,,,,,,,,,,,,,,,,,,,,,,,,,,,,,,,,,,,,,,,,,,,,,,,,,,,,,,,,,,,,,,,,,,,,,
CN2022297DEPG4E,2022-10-24,Salcomp Plc,"Salcomp Road No. 69 Furong Industrial Area Xinqiao, Shajing, Bao'an District, Shenzhen, Guangdong",CN,China,22.7444099,113.85274,Electronics,Apple [Public List] (Apple 2019 Facility List),,,,,,,False,,,,,,,,,,,,,,,,,,,,,,,,,,,,,,,,,,,,,,,,,,,,,,,,,,,,,,,,,,,,,,,,,,,,,,,,,,,,,,,,,,,,,,,,,,,,,,,,,,,,,,,,,,,,,,,,,,,,,,,,,,,,,,,,,,
CN2022297DTBMS8,2022-10-24,Advanced Semiconductor Engineering Incorporated,"No. 1558, Zhang Dong Road, Zhangjiang Hi-Tech Park, Shanghai",CN,China,31.20193,121.59715,Electronics,Apple [Public List] (Apple 2019 Facility List),,,,,,,False,,,,,,,,,,,,,,,,,,,,,,,,,,,,,,,,,,,,,,,,,,,,,,,,,,,,,,,,,,,,,,,,,,,,,,,,,,,,,,,,,,,,,,,,,,,,,,,,,,,,,,,,,,,,,,,,,,,,,,,,,,,,,,,,,,
CN2022297DXXCHD,2022-10-24,Nidec Corporation,"12 HuanCheng North Road, Hongye (138), Industrial District, Tangxia Town, Dongguan, Guangdong",CN,China,24.14196,115.73243,Electronics,Apple [Public List] (Apple 2019 Facility List)|Apple [Public List] (Apple 2019 Facility List),,,,,,,False,,,,,,,,,,,,,,,,,,,,,,,,,,,,,,,,,,,,,,,,,,,,,,,,,,,,,,,,,,,,,,,,,,,,,,,,,,,,,,,,,,,,,,,,,,,,,,,,,,,,,,,,,,,,,,,,,,,,,,,,,,,,,,,,,,
CN2022297E0SGMM,2022-10-24,DSM Engineering Plastics Company Limited,"No. 18 Pan Long Shan Road, Jiangyin, Jiangsu",CN,China,31.9280556,120.3466667,Electronics,Apple [Public List] (Apple 2019 Facility List),,,,,,,False,,,,,,,,,,,,,,,,,,,,,,,,,,,,,,,,,,,,,,,,,,,,,,,,,,,,,,,,,,,,,,,,,,,,,,,,,,,,,,,,,,,,,,,,,,,,,,,,,,,,,,,,,,,,,,,,,,,,,,,,,,,,,,,,,,
CN2022297E45QQE,2022-10-24,Pioneer Material Precision Tech Company Limited,"No. 999 Avenue of Stars, Phoenix Lake Industrial Park, Yongchuan District, Chongqing",CN,China,29.3559999,105.92709,Electronics,Apple [Public List] (Apple 2019 Facility List),,,,,,,False,,,,,,,,,,,,,,,,,,,,,,,,,,,,,,,,,,,,,,,,,,,,,,,,,,,,,,,,,,,,,,,,,,,,,,,,,,,,,,,,,,,,,,,,,,,,,,,,,,,,,,,,,,,,,,,,,,,,,,,,,,,,,,,,,,
CN2022297E4CACX,2022-10-24,Largan Precision Company Limited,"No. 18, Tutong First Industrial District, Tutong, Changping, Dongguan, Guangdong",CN,China,22.9749,113.993,Electronics,Apple [Public List] (Apple 2019 Facility List),,,,,,,False,,,,,,,,,,,,,,,,,,,,,,,,,,,,,,,,,,,,,,,,,,,,,,,,,,,,,,,,,,,,,,,,,,,,,,,,,,,,,,,,,,,,,,,,,,,,,,,,,,,,,,,,,,,,,,,,,,,,,,,,,,,,,,,,,,
CN2022297EB363E,2022-10-24,Swiftronic Holding Pte. Limited,"D Building, No. 875, Qiuxing Road, NiCheng Industrial Park, LinGang, Puding, Shanghai",CN,China,30.89834,121.91966,Electronics,Apple [Public List] (Apple 2019 Facility List),,,,,,,False,,,,,,,,,,,,,,,,,,,,,,,,,,,,,,,,,,,,,,,,,,,,,,,,,,,,,,,,,,,,,,,,,,,,,,,,,,,,,,,,,,,,,,,,,,,,,,,,,,,,,,,,,,,,,,,,,,,,,,,,,,,,,,,,,,
CN2022297EC982P,2022-10-24,Hon Hai Precision Industry Company Limited (Foxconn),"Foxconn Longhua Technology Park, No. 2 2nd Donghuan Road, 10th Yousong Industrial District, Longhua Town, Bao'an, Shenzhen, Guangdong",CN,China,22.642361,114.046197,Electronics,Apple [Public List] (Apple 2019 Facility List)|Apple [Public List] (Apple 2019 Facility List),,,,,,,False,,,,,,,,,,,,,,,,,,,,,,,,,,,,,,,,,,,,,,,,,,,,,,,,,,,,,,,,,,,,,,,,,,,,,,,,,,,,,,,,,,,,,,,,,,,,,,,,,,,,,,,,,,,,,,,,,,,,,,,,,,,,,,,,,,
CN2022297EE87TE,2022-10-24,NOK Corporation,"No. 1 Shuang Deng Road Weiting Town, Suzhou Industrial Park, Suzhou, Jiangsu",CN,China,31.319614,120.770586,Electronics,Apple [Public List] (Apple 2019 Facility List),,,,,,,False,,,,,,,,,,,,,,,,,,,,,,,,,,,,,,,,,,,,,,,,,,,,,,,,,,,,,,,,,,,,,,,,,,,,,,,,,,,,,,,,,,,,,,,,,,,,,,,,,,,,,,,,,,,,,,,,,,,,,,,,,,,,,,,,,,
CN2022297EEE30P,2022-10-24,Jabil Incorporated,"No. 1199, Hulin Road, Huangpu District, Guangzhou, Guangdong",CN,China,23.109858,113.4783154,Electronics,Apple [Public List] (Apple 2019 Facility List),,,,,,,False,,,,,,,,,,,,,,,,,,,,,,,,,,,,,,,,,,,,,,,,,,,,,,,,,,,,,,,,,,,,,,,,,,,,,,,,,,,,,,,,,,,,,,,,,,,,,,,,,,,,,,,,,,,,,,,,,,,,,,,,,,,,,,,,,,
CN2022297EHWJ4T,2022-10-24,Shenzhen Sunway Communication Company Limited,"No. 14, Jinxiu Street, BDA, Beijing",CN,China,39.78704,116.52429,Electronics,Apple [Public List] (Apple 2019 Facility List),,,,,,,False,,,,,,,,,,,,,,,,,,,,,,,,,,,,,,,,,,,,,,,,,,,,,,,,,,,,,,,,,,,,,,,,,,,,,,,,,,,,,,,,,,,,,,,,,,,,,,,,,,,,,,,,,,,,,,,,,,,,,,,,,,,,,,,,,,
CN2022297EJAMNW,2022-10-24,Zeniya Aluminum Engineering Limited,"Block B, No. 2, Industry 5th Road, Jiangbian, Songgang Community, Bao'an District, Shenzhen, Guangdong",CN,China,22.776804,113.838976,Electronics,Apple [Public List] (Apple 2019 Facility List),,,,,,,False,,,,,,,,,,,,,,,,,,,,,,,,,,,,,,,,,,,,,,,,,,,,,,,,,,,,,,,,,,,,,,,,,,,,,,,,,,,,,,,,,,,,,,,,,,,,,,,,,,,,,,,,,,,,,,,,,,,,,,,,,,,,,,,,,,
CN2022297EKHCT1,2022-10-24,Yageo Corporation,"No. 701, Gaoli Road, Gaoli Industrial Zone, Tangxia Town, Dongguan, Guangdong",CN,China,22.806965,114.072575,Electronics,Apple [Public List] (Apple 2019 Facility List),,,,,,,False,,,,,,,,,,,,,,,,,,,,,,,,,,,,,,,,,,,,,,,,,,,,,,,,,,,,,,,,,,,,,,,,,,,,,,,,,,,,,,,,,,,,,,,,,,,,,,,,,,,,,,,,,,,,,,,,,,,,,,,,,,,,,,,,,,
CN2022297EQ3NRY,2022-10-24,Artesyn Embedded Technologies Incorporated,"1st Building, Emerson Industrial Park, FengTang Road, Fuyong, Bao'an District, Shenzhen, Guangdong",CN,China,22.67147,113.8227,Electronics,Apple [Public List] (Apple 2019 Facility List),,,,,,,False,,,,,,,,,,,,,,,,,,,,,,,,,,,,,,,,,,,,,,,,,,,,,,,,,,,,,,,,,,,,,,,,,,,,,,,,,,,,,,,,,,,,,,,,,,,,,,,,,,,,,,,,,,,,,,,,,,,,,,,,,,,,,,,,,,
CN2022297ETN33C,2022-10-24,Delta Electronics Incorporated,"Chen Zhou Export Processing Zone, Bai Lu Tang Town, Su Xian District, Chenzhou, Hunan",CN,China,25.78457,113.09545,Electronics,Apple [Public List] (Apple 2019 Facility List),,,,,,,False,,,,,,,,,,,,,,,,,,,,,,,,,,,,,,,,,,,,,,,,,,,,,,,,,,,,,,,,,,,,,,,,,,,,,,,,,,,,,,,,,,,,,,,,,,,,,,,,,,,,,,,,,,,,,,,,,,,,,,,,,,,,,,,,,,
CN2022297EX3E5A,2022-10-24,LY Investment (HK) Limited,"Building A, FengMenAo Technology Park, FengMen Road, BanTian, LongGang District, Shenzhen, Guangdong",CN,China,22.6652099,114.06558,Electronics,Apple [Public List] (Apple 2019 Facility List),,,,,,,False,,,,,,,,,,,,,,,,,,,,,,,,,,,,,,,,,,,,,,,,,,,,,,,,,,,,,,,,,,,,,,,,,,,,,,,,,,,,,,,,,,,,,,,,,,,,,,,,,,,,,,,,,,,,,,,,,,,,,,,,,,,,,,,,,,
CN2022297F3ZT4R,2022-10-24,Wistron Corporation,"No. 15 Cuiwei Road, Tsuihang New District, Zhongshan, Guangdong",CN,China,22.25497,113.52292,Electronics,A Brand / Retailer|Lenovo [Public List] (Lenovo August 2020 Facility List)|Apple [Public List] (Apple 2019 Facility List)|A Brand / Retailer|HP [Public List] (HP December 2021 Facility List)|Dell [Public List] (Dell 2021 Facility List),1217,Wistron|Wistron|Wistron,Other direct material suppliers,,Other direct material suppliers,Display|Monitor|Displays/LCD,False,,,,,,,,,,,,,,,,,,,,,,,,,,,,,,,,,,,,,,,,,,,,,,,,,,,,,,,,,,,,,,,,,,,,,,,,,,,,,,,,,,,,,,,,,,,,,,,,,,,,,,,,,,,,,,,,,,,,,,,,,,,,,,,,,,
CN2022297F5TRH0,2022-10-24,Lite-On Technology Corporation,"Land Lot J7J8 WEPZ, New District, Wuxi, Jiangsu",CN,China,31.4909899,120.31237,Electronics,Apple [Public List] (Apple 2019 Facility List),,,,,,,False,,,,,,,,,,,,,,,,,,,,,,,,,,,,,,,,,,,,,,,,,,,,,,,,,,,,,,,,,,,,,,,,,,,,,,,,,,,,,,,,,,,,,,,,,,,,,,,,,,,,,,,,,,,,,,,,,,,,,,,,,,,,,,,,,,
CN2022297F7J7SH,2022-10-24,Shenzhen STS Microelectronics Co. Ltd,"16, Tao Hua Road, Futian Free Trade Zone, Shenzhen, Guangdong, 518048",CN,China,22.507865,114.057036,Electronics,"Amazon.com, Inc. (Amazon Facility List 2024)|Amazon.com, Inc. (Amazon Facility List 2022)|Apple [Public List] (Apple 2019 Facility List)|Amazon.com, Inc. (Amazon Facility List 2023)",1000|3713,,Finished goods,,Finished goods,,False,,,,,,,,,,,,,,,,,,,,,,,,,,,,,,,,,,,,,,,,,,,,,,,,,,,,,,,,,,,,,,,,,,,,,,,,,,,,,,,,,,,,,,,,,,,,,,,,,,,,,,,,,,,,,,,,,,,,,,,,,,,,,,,,,,
CN2022297FB2V55,2022-10-24,Lens Technology Company Limited,"Lens Technology Zone, Liuyang Biomedical Industrial Estate, Changsha, Hunan",CN,China,28.219282,113.385357,Electronics,Apple [Public List] (Apple 2019 Facility List),,,,,,,False,,,,,,,,,,,,,,,,,,,,,,,,,,,,,,,,,,,,,,,,,,,,,,,,,,,,,,,,,,,,,,,,,,,,,,,,,,,,,,,,,,,,,,,,,,,,,,,,,,,,,,,,,,,,,,,,,,,,,,,,,,,,,,,,,,
CN2022297FC41DP,2022-10-24,Cheng Uei Precision Industry Company Limited (Foxlink),"No. 2161, Zhengwei Road, Economic and Technology Development Zone of Ma'anshan, Ma'anshan, Anhui",CN,China,31.635283,118.489592,Electronics,Apple [Public List] (Apple 2019 Facility List),,,,,,,False,,,,,,,,,,,,,,,,,,,,,,,,,,,,,,,,,,,,,,,,,,,,,,,,,,,,,,,,,,,,,,,,,,,,,,,,,,,,,,,,,,,,,,,,,,,,,,,,,,,,,,,,,,,,,,,,,,,,,,,,,,,,,,,,,,
CN2022297FCWP0P,2022-10-24,Boyd Corporation,"8 XinDu Road, Singapore Industrial Park, Wuxi, Jiangsu",CN,China,31.533902,120.393162,Electronics,Apple [Public List] (Apple 2019 Facility List),,,,,,,False,,,,,,,,,,,,,,,,,,,,,,,,,,,,,,,,,,,,,,,,,,,,,,,,,,,,,,,,,,,,,,,,,,,,,,,,,,,,,,,,,,,,,,,,,,,,,,,,,,,,,,,,,,,,,,,,,,,,,,,,,,,,,,,,,,
CN2022297FNMVQK,2022-10-24,Hon Hai Precision Industry Company Limited (Foxconn),"No. 9 Jianye East Road, Torch Hi-Tech Development Zone, Zhongshan, Guangdong",CN,China,22.56322,113.45365,Electronics,Apple [Public List] (Apple 2019 Facility List),,,,,,,False,,,,,,,,,,,,,,,,,,,,,,,,,,,,,,,,,,,,,,,,,,,,,,,,,,,,,,,,,,,,,,,,,,,,,,,,,,,,,,,,,,,,,,,,,,,,,,,,,,,,,,,,,,,,,,,,,,,,,,,,,,,,,,,,,,
CN2022297FQNB3J,2022-10-24,O-film Tech Company Limited,"No. 7 Shenzhou Road, Science Park of GETDD, Guangzhou, Guangdong",CN,China,23.17188,113.43322,Electronics,Apple [Public List] (Apple 2019 Facility List),,,,,,,False,,,,,,,,,,,,,,,,,,,,,,,,,,,,,,,,,,,,,,,,,,,,,,,,,,,,,,,,,,,,,,,,,,,,,,,,,,,,,,,,,,,,,,,,,,,,,,,,,,,,,,,,,,,,,,,,,,,,,,,,,,,,,,,,,,
CN2022297G25Y86,2022-10-24,Fujikura Limited,"Building 56A, No. 199 Riying North Road, Waigaoqiao Free Trade Zone, Shanghai",CN,China,31.32291,121.61496,Electronics,Apple [Public List] (Apple 2019 Facility List),,,,,,,False,,,,,,,,,,,,,,,,,,,,,,,,,,,,,,,,,,,,,,,,,,,,,,,,,,,,,,,,,,,,,,,,,,,,,,,,,,,,,,,,,,,,,,,,,,,,,,,,,,,,,,,,,,,,,,,,,,,,,,,,,,,,,,,,,,
CN2022297G5DK75,2022-10-24,Quanta Computer Incorporated,"No. 8 Jinzhou Road, High-tech Industrial Park, Changshu Economic Development Zone, Changshu, Jiangsu",CN,China,31.685957,120.886711,Electronics,Apple [Public List] (Apple 2019 Facility List),,,,,,,False,,,,,,,,,,,,,,,,,,,,,,,,,,,,,,,,,,,,,,,,,,,,,,,,,,,,,,,,,,,,,,,,,,,,,,,,,,,,,,,,,,,,,,,,,,,,,,,,,,,,,,,,,,,,,,,,,,,,,,,,,,,,,,,,,,
CN2022297G78EVH,2022-10-24,Kunshan Kersen Science & Technology Company Limited,"No. 5. Weiliu Road, Dong Tai, Jiangsu",CN,China,32.8982699,120.29914,Electronics,Apple [Public List] (Apple 2019 Facility List),,,,,,,False,,,,,,,,,,,,,,,,,,,,,,,,,,,,,,,,,,,,,,,,,,,,,,,,,,,,,,,,,,,,,,,,,,,,,,,,,,,,,,,,,,,,,,,,,,,,,,,,,,,,,,,,,,,,,,,,,,,,,,,,,,,,,,,,,,
CN2022297G7J90V,2022-10-24,Cosmosupplylab Limited,"Middle ZhongXin Road, Xian Sha Industry, Gaobu Town, Dongguan, Guangdong",CN,China,23.10434,113.75936,Electronics,Apple [Public List] (Apple 2019 Facility List),,,,,,,False,,,,,,,,,,,,,,,,,,,,,,,,,,,,,,,,,,,,,,,,,,,,,,,,,,,,,,,,,,,,,,,,,,,,,,,,,,,,,,,,,,,,,,,,,,,,,,,,,,,,,,,,,,,,,,,,,,,,,,,,,,,,,,,,,,
CN2022297G8ADXN,2022-10-24,Sumitomo Electric Industries Limited,"Building B, No. 20 Song Tang Road, Tong Fu Yu Industrial Area, Tang Xia Chong, Songgang, Bao'an, Shenzhen, Guangdong",CN,China,22.799303,113.845451,Electronics,"Amazon.com, Inc. (Amazon Facility List 2024)|Apple [Public List] (Apple 2019 Facility List)|Amazon.com, Inc. (Amazon Facility List 2023)",1000|2249,,Finished goods,,Finished goods,,False,,,,,,,,,,,,,,,,,,,,,,,,,,,,,,,,,,,,,,,,,,,,,,,,,,,,,,,,,,,,,,,,,,,,,,,,,,,,,,,,,,,,,,,,,,,,,,,,,,,,,,,,,,,,,,,,,,,,,,,,,,,,,,,,,,
CN2022297GBZ9AP,2022-10-24,Diodes Incorporated,"No. 8 Kexin Road, Chengdu Hi-Tech Zone (West Park), Chengdu, Sichuan",CN,China,30.763953,103.924997,Electronics,Apple [Public List] (Apple 2019 Facility List),,,,,,,False,,,,,,,,,,,,,,,,,,,,,,,,,,,,,,,,,,,,,,,,,,,,,,,,,,,,,,,,,,,,,,,,,,,,,,,,,,,,,,,,,,,,,,,,,,,,,,,,,,,,,,,,,,,,,,,,,,,,,,,,,,,,,,,,,,
CN2022297GEJ283,2022-10-24,LY Investment (HK) Limited,"No. 10 Yingbin Road, Development Zone of Dongtai City, Dong Tai, Jiangsu",CN,China,32.76526,120.84924,Electronics,Apple [Public List] (Apple 2019 Facility List)|Apple [Public List] (Apple 2019 Facility List)|Apple [Public List] (Apple 2019 Facility List),,,,,,,False,,,,,,,,,,,,,,,,,,,,,,,,,,,,,,,,,,,,,,,,,,,,,,,,,,,,,,,,,,,,,,,,,,,,,,,,,,,,,,,,,,,,,,,,,,,,,,,,,,,,,,,,,,,,,,,,,,,,,,,,,,,,,,,,,,
CN2022297GHMBNY,2022-10-24,Foster Electric Company Limited,"No. 8, 11 Ke Yuan Dong Road, Nanning New High Technology Industrial Zone, Nanning, Guangxi",CN,China,22.843761,108.267375,Electronics,Apple [Public List] (Apple 2019 Facility List),,,,,,,False,,,,,,,,,,,,,,,,,,,,,,,,,,,,,,,,,,,,,,,,,,,,,,,,,,,,,,,,,,,,,,,,,,,,,,,,,,,,,,,,,,,,,,,,,,,,,,,,,,,,,,,,,,,,,,,,,,,,,,,,,,,,,,,,,,
CN2022297GJAXYG,2022-10-24,Marian Incorporated,"Unit 1B, Suchun Industrial Square, 428 Xinglong Street, Suzhou Industrial Park, Suzhou, Jiangsu",CN,China,31.319614,120.770586,Electronics,Apple [Public List] (Apple 2019 Facility List)|Apple [Public List] (Apple 2019 Facility List),,,,,,,False,,,,,,,,,,,,,,,,,,,,,,,,,,,,,,,,,,,,,,,,,,,,,,,,,,,,,,,,,,,,,,,,,,,,,,,,,,,,,,,,,,,,,,,,,,,,,,,,,,,,,,,,,,,,,,,,,,,,,,,,,,,,,,,,,,
CN2022297GJGRF2,2022-10-24,Zhen Ding Technology Holding Limited,"No. 11 Honghai North Road, Huaian Economic Development Zone, Huai'an, Jiangsu",CN,China,33.616485,119.148674,Electronics,Apple [Public List] (Apple 2019 Facility List),,,,,,,False,,,,,,,,,,,,,,,,,,,,,,,,,,,,,,,,,,,,,,,,,,,,,,,,,,,,,,,,,,,,,,,,,,,,,,,,,,,,,,,,,,,,,,,,,,,,,,,,,,,,,,,,,,,,,,,,,,,,,,,,,,,,,,,,,,
CN2022297GSWHFE,2022-10-24,Luxshare Precision Industry Company Limited,"No. 288 Jindong Road, Jinxi Town, Kunshan, Jiangsu",CN,China,31.17985,120.93739,Electronics,Apple [Public List] (Apple 2019 Facility List)|Apple [Public List] (Apple 2019 Facility List)|Apple [Public List] (Apple 2019 Facility List)|Apple [Public List] (Apple 2019 Facility List),,,,,,,False,,,,,,,,,,,,,,,,,,,,,,,,,,,,,,,,,,,,,,,,,,,,,,,,,,,,,,,,,,,,,,,,,,,,,,,,,,,,,,,,,,,,,,,,,,,,,,,,,,,,,,,,,,,,,,,,,,,,,,,,,,,,,,,,,,
CN2022297GT1PQ1,2022-10-24,Marian Incorporated,"Floor 2, Building 3, Chaohuilou Technology Industrial Park, 180 Huating Road, Da Lang, Longhua, Shenzhen, Guangdong",CN,China,22.686014,113.99914,Electronics,Apple [Public List] (Apple 2019 Facility List),,,,,,,False,,,,,,,,,,,,,,,,,,,,,,,,,,,,,,,,,,,,,,,,,,,,,,,,,,,,,,,,,,,,,,,,,,,,,,,,,,,,,,,,,,,,,,,,,,,,,,,,,,,,,,,,,,,,,,,,,,,,,,,,,,,,,,,,,,
CN2022297GYDA9Q,2022-10-24,CymMetrik Enterprise Company Limited,"8th Factory, Industrial Park of Weishi County, Kaifeng, Henan",CN,China,34.4116099,114.19297,Electronics,Apple [Public List] (Apple 2019 Facility List),,,,,,,False,,,,,,,,,,,,,,,,,,,,,,,,,,,,,,,,,,,,,,,,,,,,,,,,,,,,,,,,,,,,,,,,,,,,,,,,,,,,,,,,,,,,,,,,,,,,,,,,,,,,,,,,,,,,,,,,,,,,,,,,,,,,,,,,,,
CN2022297GYMRBE,2022-10-24,Zeniya Aluminum Engineering Limited,"No. 130, 307, 888 Bubugao Road, Wusha Jiangbei Village, Changan Town, Dongguan, Guangdong",CN,China,22.772903,113.780735,Electronics,Apple [Public List] (Apple 2019 Facility List),,,,,,,False,,,,,,,,,,,,,,,,,,,,,,,,,,,,,,,,,,,,,,,,,,,,,,,,,,,,,,,,,,,,,,,,,,,,,,,,,,,,,,,,,,,,,,,,,,,,,,,,,,,,,,,,,,,,,,,,,,,,,,,,,,,,,,,,,,
CN2022297H0187A,2022-10-24,Stora Enso Oyj,"No. 1299 Feng'an Road, Qian'an, Hebei",CN,China,39.99888,118.71913,Electronics,Apple [Public List] (Apple 2019 Facility List),,,,,,,False,,,,,,,,,,,,,,,,,,,,,,,,,,,,,,,,,,,,,,,,,,,,,,,,,,,,,,,,,,,,,,,,,,,,,,,,,,,,,,,,,,,,,,,,,,,,,,,,,,,,,,,,,,,,,,,,,,,,,,,,,,,,,,,,,,
CN2022297H3EVW2,2022-10-24,TDK Corporation,"Lianfeng Lu, Free Trade Zone, Zhuhai, Guangdong",CN,China,22.1705599,113.49377,Electronics,Apple [Public List] (Apple 2019 Facility List),,,,,,,False,,,,,,,,,,,,,,,,,,,,,,,,,,,,,,,,,,,,,,,,,,,,,,,,,,,,,,,,,,,,,,,,,,,,,,,,,,,,,,,,,,,,,,,,,,,,,,,,,,,,,,,,,,,,,,,,,,,,,,,,,,,,,,,,,,
CN2022297H61416,2022-10-24,Laird PLC,"3rd Building, No. 398, Yuandian Road, Minhang District, Shanghai",CN,China,31.04911,121.37286,Electronics,Apple [Public List] (Apple 2019 Facility List)|Apple [Public List] (Apple 2019 Facility List),,,,,,,False,,,,,,,,,,,,,,,,,,,,,,,,,,,,,,,,,,,,,,,,,,,,,,,,,,,,,,,,,,,,,,,,,,,,,,,,,,,,,,,,,,,,,,,,,,,,,,,,,,,,,,,,,,,,,,,,,,,,,,,,,,,,,,,,,,
CN2022297H8EV3E,2022-10-24,Samsung SDI. Company Limited,"No. 1 Qingling Road, Yat-Sen, Scientific Industrial Park, Wuqing Development Zone, Tianjin",CN,China,39.408406,117.037228,Electronics,Apple [Public List] (Apple 2019 Facility List),,,,,,,False,,,,,,,,,,,,,,,,,,,,,,,,,,,,,,,,,,,,,,,,,,,,,,,,,,,,,,,,,,,,,,,,,,,,,,,,,,,,,,,,,,,,,,,,,,,,,,,,,,,,,,,,,,,,,,,,,,,,,,,,,,,,,,,,,,
CN2022297HC4EWM,2022-10-24,Lens Technology Company Limited,"Huangxing Road, Langli Town, Changsha, Hunan",CN,China,28.392535,113.2151232,Electronics,Apple [Public List] (Apple 2019 Facility List),,,,,,,False,,,,,,,,,,,,,,,,,,,,,,,,,,,,,,,,,,,,,,,,,,,,,,,,,,,,,,,,,,,,,,,,,,,,,,,,,,,,,,,,,,,,,,,,,,,,,,,,,,,,,,,,,,,,,,,,,,,,,,,,,,,,,,,,,,
CN2022297HCQTMB,2022-10-24,Murata Manufacturing Company Limited,"Lishan Village, Qianwu Town, Doumen, Zhuhai, Guangdong",CN,China,22.14957,113.18495,Electronics,Apple [Public List] (Apple 2019 Facility List),,,,,,,False,,,,,,,,,,,,,,,,,,,,,,,,,,,,,,,,,,,,,,,,,,,,,,,,,,,,,,,,,,,,,,,,,,,,,,,,,,,,,,,,,,,,,,,,,,,,,,,,,,,,,,,,,,,,,,,,,,,,,,,,,,,,,,,,,,
CN2022297HHE33Z,2022-10-24,Dynapack International Technology Corporation,"No. 8 Hua-Gang Road, Wujiang Economic and Technological Development Zone, Suzhou, Jiangsu",CN,China,31.17991199999999,120.675472,Electronics,Apple [Public List] (Apple 2019 Facility List),,,,,,,False,,,,,,,,,,,,,,,,,,,,,,,,,,,,,,,,,,,,,,,,,,,,,,,,,,,,,,,,,,,,,,,,,,,,,,,,,,,,,,,,,,,,,,,,,,,,,,,,,,,,,,,,,,,,,,,,,,,,,,,,,,,,,,,,,,
CN2022297HRSBXK,2022-10-24,Cathay Tat Ming Precision Metal Products Company Limited,"Yuyuan 4 Road, Yuyuan Industrial Zone, Huangjiang Town, Dongguan, Guangdong",CN,China,22.915278,114.003561,Electronics,Apple [Public List] (Apple 2019 Facility List),,,,,,,False,,,,,,,,,,,,,,,,,,,,,,,,,,,,,,,,,,,,,,,,,,,,,,,,,,,,,,,,,,,,,,,,,,,,,,,,,,,,,,,,,,,,,,,,,,,,,,,,,,,,,,,,,,,,,,,,,,,,,,,,,,,,,,,,,,
CN2022297HSXZH0,2022-10-24,Cheng Uei Precision Industry Company Limited (Foxlink),"8th, Long Keng Industry District, QianMei Road, Dong Keng, Dongguan, Guangdong",CN,China,22.98488,113.92141,Electronics,Apple [Public List] (Apple 2019 Facility List),,,,,,,False,,,,,,,,,,,,,,,,,,,,,,,,,,,,,,,,,,,,,,,,,,,,,,,,,,,,,,,,,,,,,,,,,,,,,,,,,,,,,,,,,,,,,,,,,,,,,,,,,,,,,,,,,,,,,,,,,,,,,,,,,,,,,,,,,,
CN2022297HT3HFQ,2022-10-24,Shenzhen Sunway Communication Company Limited,"No. 1036 Chenfeng Road Economic Development Zone, Jintan District, Changzhou, Jiangsu",CN,China,31.75222,119.59046,Electronics,Apple [Public List] (Apple 2019 Facility List),,,,,,,False,,,,,,,,,,,,,,,,,,,,,,,,,,,,,,,,,,,,,,,,,,,,,,,,,,,,,,,,,,,,,,,,,,,,,,,,,,,,,,,,,,,,,,,,,,,,,,,,,,,,,,,,,,,,,,,,,,,,,,,,,,,,,,,,,,
CN2022297HV01J8,2022-10-24,Solvay SA,"Jiangsu High-Tech Fluorochemical Industrial Park, Haiyu Town, Changshu, Jiangsu",CN,China,31.63546,120.80231,Electronics,Apple [Public List] (Apple 2019 Facility List),,,,,,,False,,,,,,,,,,,,,,,,,,,,,,,,,,,,,,,,,,,,,,,,,,,,,,,,,,,,,,,,,,,,,,,,,,,,,,,,,,,,,,,,,,,,,,,,,,,,,,,,,,,,,,,,,,,,,,,,,,,,,,,,,,,,,,,,,,
CN2022297HWYBCB,2022-10-24,Merry Electronics Company Limited,"No. 800 Kang Yuan Road, Xiang Cheng Economic Development Zone, Suzhou, Jiangsu",CN,China,31.380472,120.640496,Electronics,Apple [Public List] (Apple 2019 Facility List),,,,,,,False,,,,,,,,,,,,,,,,,,,,,,,,,,,,,,,,,,,,,,,,,,,,,,,,,,,,,,,,,,,,,,,,,,,,,,,,,,,,,,,,,,,,,,,,,,,,,,,,,,,,,,,,,,,,,,,,,,,,,,,,,,,,,,,,,,
CN2022297HZFZPX,2022-10-24,Career Technology (Mfg.) Company Limited,"No. 18 Jin Sha Jiang South Road, Kunshan, Jiangsu",CN,China,31.36543,121.01697,Electronics,Apple [Public List] (Apple 2019 Facility List),,,,,,,False,,,,,,,,,,,,,,,,,,,,,,,,,,,,,,,,,,,,,,,,,,,,,,,,,,,,,,,,,,,,,,,,,,,,,,,,,,,,,,,,,,,,,,,,,,,,,,,,,,,,,,,,,,,,,,,,,,,,,,,,,,,,,,,,,,
CN2022297J0FGGA,2022-10-24,Suzhou Dongshan Precision Manufacturing Company Limited,"No. 88 Tang Dong Road, River Eastern Industrial Park, Wuzhong Economic Development Zone, Suzhou, Jiangsu",CN,China,31.2482941,120.6439848,Electronics|Unspecified,Apple [Public List] (Apple 2019 Facility List)|Apple [Public List] (Apple 2019 Facility List)|Sheffield Hallam University Forced Labour Lab [Public List] (Labor Transfers Out of XUAR - Companies Named in Media and Academic Reports as engaging in Labour Transfers or other XUAR Government Programs),,,,,,,False,,,,,,,,,,,,,,,,,,,,,,,,,,,,,,,,,,,,,,,,,,,,,,,,,,,,,,,,,,,,,,,,,,,,,,,,,,,,,,,,,,,,,,,,,,,,,,,,,,,,,,,,,,,,,,,,,,,,,,,,,,,,,,,,,,
CN2022297J3X4FE,2022-10-24,Pioneer Material Precision Tech Company Limited,"No. 1, Jiao Ping Avenue, Ke Yuan Cheng Industrial Park, Tangxia Town, Dongguan, Guangdong",CN,China,22.806965,114.072575,Electronics,Apple [Public List] (Apple 2019 Facility List),,,,,,,False,,,,,,,,,,,,,,,,,,,,,,,,,,,,,,,,,,,,,,,,,,,,,,,,,,,,,,,,,,,,,,,,,,,,,,,,,,,,,,,,,,,,,,,,,,,,,,,,,,,,,,,,,,,,,,,,,,,,,,,,,,,,,,,,,,
CN2022297J4X545,2022-10-24,Unisteel Technology Limited,"No. 988 Shang Xue Road, Malu Town, Jia Ding District, Shanghai",CN,China,31.3541,121.29756,Electronics,Apple [Public List] (Apple 2019 Facility List)|Apple [Public List] (Apple 2019 Facility List),,,,,,,False,,,,,,,,,,,,,,,,,,,,,,,,,,,,,,,,,,,,,,,,,,,,,,,,,,,,,,,,,,,,,,,,,,,,,,,,,,,,,,,,,,,,,,,,,,,,,,,,,,,,,,,,,,,,,,,,,,,,,,,,,,,,,,,,,,
CN2022297J7P7JH,2022-10-24,SK hynix Incorporated,"V2-4/02 Plot, Xiyong Comprehensive Bonded Area, B Zone, Shapingba, Chongqing",CN,China,29.600238,106.374496,Electronics,Apple [Public List] (Apple 2019 Facility List),,,,,,,False,,,,,,,,,,,,,,,,,,,,,,,,,,,,,,,,,,,,,,,,,,,,,,,,,,,,,,,,,,,,,,,,,,,,,,,,,,,,,,,,,,,,,,,,,,,,,,,,,,,,,,,,,,,,,,,,,,,,,,,,,,,,,,,,,,
CN2022297JET3GP,2022-10-24,Luxshare Precision Industry Company Limited,"No. 8 Ji’an Road, Ji’an County, Ji’an, Jiangxi",CN,China,27.01429,114.92271,Electronics,Apple [Public List] (Apple 2019 Facility List),,,,,,,False,,,,,,,,,,,,,,,,,,,,,,,,,,,,,,,,,,,,,,,,,,,,,,,,,,,,,,,,,,,,,,,,,,,,,,,,,,,,,,,,,,,,,,,,,,,,,,,,,,,,,,,,,,,,,,,,,,,,,,,,,,,,,,,,,,
CN2022297JJ01GY,2022-10-24,CymMetrik Enterprise Company Limited,"No. 168 Chuyang Road, Lujia Town, East part of Economic and Technical Development Zone, Kunshan, Jiangsu",CN,China,31.3843451,121.0445805,Electronics,Apple [Public List] (Apple 2019 Facility List),,,,,,,False,,,,,,,,,,,,,,,,,,,,,,,,,,,,,,,,,,,,,,,,,,,,,,,,,,,,,,,,,,,,,,,,,,,,,,,,,,,,,,,,,,,,,,,,,,,,,,,,,,,,,,,,,,,,,,,,,,,,,,,,,,,,,,,,,,
CN2022297JPX4TC,2022-10-24,TDK Corporation,"No. 68 West Huaihe Road, Dalian Economic & Technical Development Zone, Dalian, Liaoning",CN,China,39.0867035,121.9099426,Electronics,Apple [Public List] (Apple 2019 Facility List),,,,,,,False,,,,,,,,,,,,,,,,,,,,,,,,,,,,,,,,,,,,,,,,,,,,,,,,,,,,,,,,,,,,,,,,,,,,,,,,,,,,,,,,,,,,,,,,,,,,,,,,,,,,,,,,,,,,,,,,,,,,,,,,,,,,,,,,,,
CN2022297JRGRSM,2022-10-24,"Shenzhen Sunway Communication Co., Ltd.","No.1013 Xihuan Road Shajing Street Baoan Shenzhen, Guangdong Province, China, Shenzhen, Guangdong, ",CN,China,22.74073,113.807333,Electronics,"Amazon.com, Inc. (Amazon Facility List 2024)|Amazon.com, Inc. (Amazon Facility List 2022)|Apple [Public List] (Apple 2019 Facility List)|Amazon.com, Inc. (Amazon Facility List 2023)",501-1000|666,,Finished goods,,Finished goods,,False,,,,,,,,,,,,,,,,,,,,,,,,,,,,,,,,,,,,,,,,,,,,,,,,,,,,,,,,,,,,,,,,,,,,,,,,,,,,,,,,,,,,,,,,,,,,,,,,,,,,,,,,,,,,,,,,,,,,,,,,,,,,,,,,,,
CN2022297JS61B6,2022-10-24,Alps Electric Company Limited,"XinXing Industry Zone, XingFa South Street, WuShaLiWu, Changan Town, Dongguan, Guangdong",CN,China,23.057449,113.729583,Electronics,Apple [Public List] (Apple 2019 Facility List),,,,,,,False,,,,,,,,,,,,,,,,,,,,,,,,,,,,,,,,,,,,,,,,,,,,,,,,,,,,,,,,,,,,,,,,,,,,,,,,,,,,,,,,,,,,,,,,,,,,,,,,,,,,,,,,,,,,,,,,,,,,,,,,,,,,,,,,,,
CN2022297JS6YVK,2022-10-24,Asia Vital Components Company Limited,"No. 9 Longquan Road, Fuzuling Street, East Lake High-tech Zone, Wuhan, Hubei",CN,China,30.518914,114.39494,Electronics,Apple [Public List] (Apple 2019 Facility List),,,,,,,False,,,,,,,,,,,,,,,,,,,,,,,,,,,,,,,,,,,,,,,,,,,,,,,,,,,,,,,,,,,,,,,,,,,,,,,,,,,,,,,,,,,,,,,,,,,,,,,,,,,,,,,,,,,,,,,,,,,,,,,,,,,,,,,,,,
CN2022297JTEZ9B,2022-10-24,KEMET Corporation,"No. 99 Yangpu Road, Suzhou, Jiangsu",CN,China,31.30792,120.80199,Electronics,Apple [Public List] (Apple 2019 Facility List),,,,,,,False,,,,,,,,,,,,,,,,,,,,,,,,,,,,,,,,,,,,,,,,,,,,,,,,,,,,,,,,,,,,,,,,,,,,,,,,,,,,,,,,,,,,,,,,,,,,,,,,,,,,,,,,,,,,,,,,,,,,,,,,,,,,,,,,,,
CN2022297JV18QP,2022-10-24,Kunshan Kersen Science & Technology Company Limited,"South side of Xinghui Road, East side of Xinxing Road, Kunshan Economic Development Zone, Kunshan, Jiangsu",CN,China,31.38752,120.978639,Electronics,Apple [Public List] (Apple 2019 Facility List),,,,,,,False,,,,,,,,,,,,,,,,,,,,,,,,,,,,,,,,,,,,,,,,,,,,,,,,,,,,,,,,,,,,,,,,,,,,,,,,,,,,,,,,,,,,,,,,,,,,,,,,,,,,,,,,,,,,,,,,,,,,,,,,,,,,,,,,,,
CN2022297JZKWR1,2022-10-24,Qualcomm Incorporated,"No. 17 Xi Shi Road, Xin Wu District, Wuxi, Jiangsu",CN,China,31.52004,120.39542,Automotive|Components|Computers|Consumer Electronics|Electrical Devices|Electronic Product Manufacturing|Electronics|Technology,Apple [Public List] (Apple 2019 Facility List)|Qualcomm [Public List] (Qualcomm December 2023 Facility List)|Qualcomm [Public List] (Qualcomm December 2023 Facility List),,"Qualcomm Technologies, Inc|Qualcomm Technologies, Inc",,,,Industrial IoT|Artificial Intelligence (AI)|Cameras|Smartphones|Laptops|Processors|Wireless Networks|5G|Virtual & Augmented Reality (XR/VR/AR)|Mobile devices|Modem-RF systems|Bluetooth|Wi-Fi|Wearable Technology|Audio Technology|Smart Home devices|Industrial IoT|Artificial Intelligence (AI)|Cameras|Smartphones|Laptops|Processors|Wireless Networks|5G|Virtual & Augmented Reality (XR/VR/AR)|Mobile devices|Modem-RF systems|Bluetooth|Wi-Fi|Wearable Technology|Audio Technology|Smart Home devices,False,,,,,,,,,,,,,,,,,,,,,,,,,,,,,,,,,,,,,,,,,,,,,,,,,,,,,,,,,,,,,,,,,,,,,,,,,,,,,,,,,,,,,,,,,,,,,,,,,,,,,,,,,,,,,,,,,,,,,,,,,,,,,,,,,,
CN2022297K24W97,2022-10-24,Sumida Corporation,"Economic & Industrial Development Zone, Kou Shui Heng Village, Shi Qi Town, Panyu District, Guangzhou, Guangdong",CN,China,22.95239,113.43813,Electronics,Apple [Public List] (Apple 2019 Facility List),,,,,,,False,,,,,,,,,,,,,,,,,,,,,,,,,,,,,,,,,,,,,,,,,,,,,,,,,,,,,,,,,,,,,,,,,,,,,,,,,,,,,,,,,,,,,,,,,,,,,,,,,,,,,,,,,,,,,,,,,,,,,,,,,,,,,,,,,,
CN2022297KDWAH0,2022-10-24,Hon Hai Precision Industry Company Limited (Foxconn),"No 7 Workshop, Export Processing District, No. 9 Avenue, Economy Technology Development Zone, Zhengzhou, Henan",CN,China,34.9132,112.6441,Electronics,Apple [Public List] (Apple 2019 Facility List),,,,,,,False,,,,,,,,,,,,,,,,,,,,,,,,,,,,,,,,,,,,,,,,,,,,,,,,,,,,,,,,,,,,,,,,,,,,,,,,,,,,,,,,,,,,,,,,,,,,,,,,,,,,,,,,,,,,,,,,,,,,,,,,,,,,,,,,,,
CN2022297KEC4TM,2022-10-24,MinebeaMitsumi Incorporated,"No. 5202 LianXi Road, Jinze Town, Qingpu District, Shanghai",CN,China,31.036012,120.922188,Electronics,Apple [Public List] (Apple 2019 Facility List),,,,,,,False,,,,,,,,,,,,,,,,,,,,,,,,,,,,,,,,,,,,,,,,,,,,,,,,,,,,,,,,,,,,,,,,,,,,,,,,,,,,,,,,,,,,,,,,,,,,,,,,,,,,,,,,,,,,,,,,,,,,,,,,,,,,,,,,,,
CN2022297KGAB23,2022-10-24,INB Electronics Limited,"Chuangye Park, Taihe County, Ji'an, Jiangxi",CN,China,26.91144,116.32823,Electronics,Apple [Public List] (Apple 2019 Facility List),,,,,,,False,,,,,,,,,,,,,,,,,,,,,,,,,,,,,,,,,,,,,,,,,,,,,,,,,,,,,,,,,,,,,,,,,,,,,,,,,,,,,,,,,,,,,,,,,,,,,,,,,,,,,,,,,,,,,,,,,,,,,,,,,,,,,,,,,,
CN2022297KJZK22,2022-10-24,MYS Environmental Protection &Technology Company (Suzhou City),"699 Nanxiang Road, Wujiang Economic Development Zone, Suzhou, Jiangsu, 215200",CN,China,31.1797902,120.6755052,Electronics|Unspecified,"Ethical Supply Chain Program|Ethical Supply Chain Program|Amazon.com, Inc. (Amazon Facility List 2024)|Ethical Supply Chain Program (Ethical Supply Chain Program certified supplier list - July 2024)|Amazon.com, Inc. (Amazon Facility List 2022)|Apple [Public List] (Apple 2019 Facility List)|Amazon.com, Inc. (Amazon Facility List 2023)|Ethical Supply Chain Program (Ethical Supply Chain Program certified supplier list valid Feb 2025)",101-500|288,,Finished goods|Printing/Packaging,,Finished goods|Printing Packaging,Printing Products|Printing Products,False,,,,,,,,,,,,,,,,,,,,,,,,,,,,,Social & EHS Audit,Certified,2026-03-10,2027-03-09,Active,2026-03-10,2027-03-09,Multi-issue,Third-party led,Hotline / SMS; Email,All workers (Factory & Management),,,,,,,,,,,,,,,,,,,,,,,,,,,,,,,,,,,,,,,,,,,,,,,,,,,,,,,,,,,,,,,,,,,,,,,,,,,,,,,,,,,,,,,,,,,
CN2022297KRHH7X,2022-10-24,Nanya Technology Corporation,"201, ChangJiang South Road, Kunshan Economic & Technical Development Zone, Kunshan, Jiangsu",CN,China,31.26003,120.96037,Electronics,Apple [Public List] (Apple 2019 Facility List),,,,,,,False,,,,,,,,,,,,,,,,,,,,,,,,,,,,,,,,,,,,,,,,,,,,,,,,,,,,,,,,,,,,,,,,,,,,,,,,,,,,,,,,,,,,,,,,,,,,,,,,,,,,,,,,,,,,,,,,,,,,,,,,,,,,,,,,,,
CN2022297M0WC05,2022-10-24,Cheng Uei Precision Industry Company Limited (Foxlink),"No. 1, Xinfeng Street, Chang Long Village, Huang Jiang Town, Dongguan, Guangdong",CN,China,23.05346,113.73587,Electronics,Apple [Public List] (Apple 2019 Facility List),,,,,,,False,,,,,,,,,,,,,,,,,,,,,,,,,,,,,,,,,,,,,,,,,,,,,,,,,,,,,,,,,,,,,,,,,,,,,,,,,,,,,,,,,,,,,,,,,,,,,,,,,,,,,,,,,,,,,,,,,,,,,,,,,,,,,,,,,,
CN2022297M350V0,2022-10-24,Genius Electronic Optical Company Limited,"No. 8 Chuangxin Road, Torch Hi-tech Industrial Zone, Xiamen, Fujian",CN,China,24.51864,118.12551,Electronics,Apple [Public List] (Apple 2019 Facility List),,,,,,,False,,,,,,,,,,,,,,,,,,,,,,,,,,,,,,,,,,,,,,,,,,,,,,,,,,,,,,,,,,,,,,,,,,,,,,,,,,,,,,,,,,,,,,,,,,,,,,,,,,,,,,,,,,,,,,,,,,,,,,,,,,,,,,,,,,
CN2022297M6FS1C,2022-10-24,Murata Manufacturing Company Limited,"No. 27 Changjiang Road, New District, Wuxi, Jiangsu",CN,China,31.54242,120.35776,Electronics,Apple [Public List] (Apple 2019 Facility List),,,,,,,False,,,,,,,,,,,,,,,,,,,,,,,,,,,,,,,,,,,,,,,,,,,,,,,,,,,,,,,,,,,,,,,,,,,,,,,,,,,,,,,,,,,,,,,,,,,,,,,,,,,,,,,,,,,,,,,,,,,,,,,,,,,,,,,,,,
CN2022297MG3XHY,2022-10-24,Qorvo Incorporated,"17 Middle Tongji Road, Beijing",CN,China,39.91023,116.73727,Electronics,Apple [Public List] (Apple 2019 Facility List),,,,,,,False,,,,,,,,,,,,,,,,,,,,,,,,,,,,,,,,,,,,,,,,,,,,,,,,,,,,,,,,,,,,,,,,,,,,,,,,,,,,,,,,,,,,,,,,,,,,,,,,,,,,,,,,,,,,,,,,,,,,,,,,,,,,,,,,,,
CN2022297MHJKSC,2022-10-24,Compal Electronics Incorporated,"No. 68-2 Suyuan Road, Nanjing Export Processing Zone (South Area), Nanjing, Jiangsu",CN,China,31.886462,118.810353,Electronics,Apple [Public List] (Apple 2019 Facility List),,,,,,,False,,,,,,,,,,,,,,,,,,,,,,,,,,,,,,,,,,,,,,,,,,,,,,,,,,,,,,,,,,,,,,,,,,,,,,,,,,,,,,,,,,,,,,,,,,,,,,,,,,,,,,,,,,,,,,,,,,,,,,,,,,,,,,,,,,
CN2022297MJ44KA,2022-10-24,Jinlong Machinery & Electronic Company Limited,"Sinco Industrial Park, Huai Bei Road, Huai De District, Humen, Dongguan, Guangdong",CN,China,22.837643,113.735638,Electronics,Apple [Public List] (Apple 2019 Facility List),,,,,,,False,,,,,,,,,,,,,,,,,,,,,,,,,,,,,,,,,,,,,,,,,,,,,,,,,,,,,,,,,,,,,,,,,,,,,,,,,,,,,,,,,,,,,,,,,,,,,,,,,,,,,,,,,,,,,,,,,,,,,,,,,,,,,,,,,,
CN2022297MMY6C1,2022-10-24,Intramedia Incorporated,"188 & 189 Tangzhuang Road, Suzhou Industrial Park, Suzhou, Jiangsu",CN,China,31.34365,120.67249,Electronics,Apple [Public List] (Apple 2019 Facility List),,,,,,,False,,,,,,,,,,,,,,,,,,,,,,,,,,,,,,,,,,,,,,,,,,,,,,,,,,,,,,,,,,,,,,,,,,,,,,,,,,,,,,,,,,,,,,,,,,,,,,,,,,,,,,,,,,,,,,,,,,,,,,,,,,,,,,,,,,
CN2022297MSYTCT,2022-10-24,LY Investment (HK) Limited,"No. 13-1, Lijiang Road, XinWu District, Wuxi, Jiangsu",CN,China,31.49667,120.39857,Electronics,Apple [Public List] (Apple 2019 Facility List),,,,,,,False,,,,,,,,,,,,,,,,,,,,,,,,,,,,,,,,,,,,,,,,,,,,,,,,,,,,,,,,,,,,,,,,,,,,,,,,,,,,,,,,,,,,,,,,,,,,,,,,,,,,,,,,,,,,,,,,,,,,,,,,,,,,,,,,,,
CN2022297MVQCWQ,2022-10-24,Luen Fung Group,"No. 48/50 Ke Ji Road, Yuquan Industrial District South, Fenggang Town, Dongguan, Guangdong",CN,China,22.7563,114.163,Electronics,Apple [Public List] (Apple 2019 Facility List),,,,,,,False,,,,,,,,,,,,,,,,,,,,,,,,,,,,,,,,,,,,,,,,,,,,,,,,,,,,,,,,,,,,,,,,,,,,,,,,,,,,,,,,,,,,,,,,,,,,,,,,,,,,,,,,,,,,,,,,,,,,,,,,,,,,,,,,,,
CN2022297MWSCWT,2022-10-24,Quadrant Solutions,"No. 55 Xiacheng Road, Tonglu, Hangzhou, Zhejiang",CN,China,29.7603746,119.6935617,Electronics,Apple [Public List] (Apple 2019 Facility List),,,,,,,False,,,,,,,,,,,,,,,,,,,,,,,,,,,,,,,,,,,,,,,,,,,,,,,,,,,,,,,,,,,,,,,,,,,,,,,,,,,,,,,,,,,,,,,,,,,,,,,,,,,,,,,,,,,,,,,,,,,,,,,,,,,,,,,,,,
CN2022297MXYAGJ,2022-10-24,Cathay Tat Ming Precision Metal Products Company Limited,"No. 5 Furong 3rd Road, Xishan Economic Development Zone, Wuxi, Jiangsu",CN,China,31.631817,120.383241,Electronics,Apple [Public List] (Apple 2019 Facility List),,,,,,,False,,,,,,,,,,,,,,,,,,,,,,,,,,,,,,,,,,,,,,,,,,,,,,,,,,,,,,,,,,,,,,,,,,,,,,,,,,,,,,,,,,,,,,,,,,,,,,,,,,,,,,,,,,,,,,,,,,,,,,,,,,,,,,,,,,
CN2022297MYPWW9,2022-10-24,Yageo Corporation,"No. 179, Changjiang Road Suzhou New District, Suzhou, Jiangsu",CN,China,31.29833989999999,120.58319,Electronics,Apple [Public List] (Apple 2019 Facility List),,,,,,,False,,,,,,,,,,,,,,,,,,,,,,,,,,,,,,,,,,,,,,,,,,,,,,,,,,,,,,,,,,,,,,,,,,,,,,,,,,,,,,,,,,,,,,,,,,,,,,,,,,,,,,,,,,,,,,,,,,,,,,,,,,,,,,,,,,
CN2022297MYW1F7,2022-10-24,Sumida Corporation,"Electronic Information Industrial Pioneer Park, Deshan Economic Development District, changde, Hunan",CN,China,28.95634,111.694586,Electronics,Apple [Public List] (Apple 2019 Facility List),,,,,,,False,,,,,,,,,,,,,,,,,,,,,,,,,,,,,,,,,,,,,,,,,,,,,,,,,,,,,,,,,,,,,,,,,,,,,,,,,,,,,,,,,,,,,,,,,,,,,,,,,,,,,,,,,,,,,,,,,,,,,,,,,,,,,,,,,,
CN2022297N3BERJ,2022-10-24,Western Digital Corporation,"No 388, East Jiang Chuan Road, Minhang District, Shanghai",CN,China,31.01551,121.45304,Electronics,Apple [Public List] (Apple 2019 Facility List),,,,,,,False,,,,,,,,,,,,,,,,,,,,,,,,,,,,,,,,,,,,,,,,,,,,,,,,,,,,,,,,,,,,,,,,,,,,,,,,,,,,,,,,,,,,,,,,,,,,,,,,,,,,,,,,,,,,,,,,,,,,,,,,,,,,,,,,,,
CN2022297NAXREB,2022-10-24,Nitto Denko Corporation,"No. 1 Guangyuan 5th Road, Guangming Hi-tech Park, Shenzhen, Guangdong",CN,China,22.540244,113.953955,Electronics,Apple [Public List] (Apple 2019 Facility List),,,,,,,False,,,,,,,,,,,,,,,,,,,,,,,,,,,,,,,,,,,,,,,,,,,,,,,,,,,,,,,,,,,,,,,,,,,,,,,,,,,,,,,,,,,,,,,,,,,,,,,,,,,,,,,,,,,,,,,,,,,,,,,,,,,,,,,,,,
CN2022297NCA5JB,2022-10-24,Hon Hai Precision Industry Company Limited (Foxconn),"No. 299 Nan Song Road, Yu Shan Town, Kunshan, Jiangsu",CN,China,31.408806,120.952194,Electronics,Apple [Public List] (Apple 2019 Facility List),,,,,,,False,,,,,,,,,,,,,,,,,,,,,,,,,,,,,,,,,,,,,,,,,,,,,,,,,,,,,,,,,,,,,,,,,,,,,,,,,,,,,,,,,,,,,,,,,,,,,,,,,,,,,,,,,,,,,,,,,,,,,,,,,,,,,,,,,,
CN2022297NCAQBP,2022-10-24,Amkor Technology Incorporated,"No. 111, Yinglun Road Waigaoqiao Free Trade Zone, Shanghai",CN,China,31.31136,121.61593,Electronics,Apple [Public List] (Apple 2019 Facility List)|A Brand / Retailer|Lenovo [Public List] (Lenovo August 2020 Facility List),,SPREADTRUM,,,,Chipset,False,,,,,,,,,,,,,,,,,,,,,,,,,,,,,,,,,,,,,,,,,,,,,,,,,,,,,,,,,,,,,,,,,,,,,,,,,,,,,,,,,,,,,,,,,,,,,,,,,,,,,,,,,,,,,,,,,,,,,,,,,,,,,,,,,,
CN2022297NCYGRG,2022-10-24,LY Investment (HK) Limited,"No 529 Siwei Road Economic Development Zone Chongzhou, Chengdu, Sichuan",CN,China,30.59207,103.71456,Electronics,Apple [Public List] (Apple 2019 Facility List),,,,,,,False,,,,,,,,,,,,,,,,,,,,,,,,,,,,,,,,,,,,,,,,,,,,,,,,,,,,,,,,,,,,,,,,,,,,,,,,,,,,,,,,,,,,,,,,,,,,,,,,,,,,,,,,,,,,,,,,,,,,,,,,,,,,,,,,,,
CN2022297NDSRA6,2022-10-24,Lite-On Technology Corporation,"No. 88 Yanghu Road, Wujin Hi-Tech Industrial Development Zone, Changzhou, Jiangsu",CN,China,31.64636,120.08263,Electronics,"A Brand / Retailer|Amazon.com, Inc. (Amazon Facility List 2026)|Dell [Public List] (Dell 2021 Facility List)|Apple [Public List] (Apple 2019 Facility List)|Lenovo [Public List] (Lenovo August 2020 Facility List)",,Lite-On|LiteOn,Finished goods|Other direct material suppliers,,Finished goods|Other direct material suppliers,Parts/Components|NB Adapter,False,,,,,,,,,,,,,,,,,,,,,,,,,,,,,,,,,,,,,,,,,,,,,,,,,,,,,,,,,,,,,,,,,,,,,,,,,,,,,,,,,,,,,,,,,,,,,,,,,,,,,,,,,,,,,,,,,,,,,,,,,,,,,,,,,,
CN2022297NMYKQT,2022-10-24,Stora Enso Oyj,"No. 28 Wuyi Road, Jiashan, Zhejiang",CN,China,30.849,120.96799,Electronics,Apple [Public List] (Apple 2019 Facility List),,,,,,,False,,,,,,,,,,,,,,,,,,,,,,,,,,,,,,,,,,,,,,,,,,,,,,,,,,,,,,,,,,,,,,,,,,,,,,,,,,,,,,,,,,,,,,,,,,,,,,,,,,,,,,,,,,,,,,,,,,,,,,,,,,,,,,,,,,
CN2022297NNHY24,2022-10-24,"Kunshan Kersen Science & Technology Co., Ltd.","No.155 Xinxing South Road, Kunshan City, Jiangsu Province, China; No.389 Kunjia Road, Kunshan, Jiangsu, 215300",CN,China,31.3542512,121.0809142,Electronics,"Amazon.com, Inc. (Amazon Facility List 2024)|Amazon.com, Inc. (Amazon Facility List 2022)|Apple [Public List] (Apple 2019 Facility List)|Amazon.com, Inc. (Amazon Facility List 2023)",1000|1394,,Finished goods,,Finished goods,,False,,,,,,,,,,,,,,,,,,,,,,,,,,,,,,,,,,,,,,,,,,,,,,,,,,,,,,,,,,,,,,,,,,,,,,,,,,,,,,,,,,,,,,,,,,,,,,,,,,,,,,,,,,,,,,,,,,,,,,,,,,,,,,,,,,
CN2022297NQ29VV,2022-10-24,Pegatron Corporation,"Bailing Road Southside, Meigui Road Westside, Kunshan, Jiangsu",CN,China,31.302553,121.014265,Electronics,Apple [Public List] (Apple 2019 Facility List),,,,,,,False,,,,,,,,,,,,,,,,,,,,,,,,,,,,,,,,,,,,,,,,,,,,,,,,,,,,,,,,,,,,,,,,,,,,,,,,,,,,,,,,,,,,,,,,,,,,,,,,,,,,,,,,,,,,,,,,,,,,,,,,,,,,,,,,,,
CN2022297NQA9NX,2022-10-24,TDK Corporation,"No. 1 XingGang Road, ZhangWan Town, Ningde, Fujian",CN,China,27.1735,120.34793,Electronics,Apple [Public List] (Apple 2019 Facility List),,,,,,,False,,,,,,,,,,,,,,,,,,,,,,,,,,,,,,,,,,,,,,,,,,,,,,,,,,,,,,,,,,,,,,,,,,,,,,,,,,,,,,,,,,,,,,,,,,,,,,,,,,,,,,,,,,,,,,,,,,,,,,,,,,,,,,,,,,
CN2022297NV2FW6,2022-10-24,Jabil Incorporated,"No. 7 Yang Qing Road, Lou Feng Demonstrative S.I.P, Suzhou, Jiangsu",CN,China,31.28832,120.66624,Electronics,Apple [Public List] (Apple 2019 Facility List),,,,,,,False,,,,,,,,,,,,,,,,,,,,,,,,,,,,,,,,,,,,,,,,,,,,,,,,,,,,,,,,,,,,,,,,,,,,,,,,,,,,,,,,,,,,,,,,,,,,,,,,,,,,,,,,,,,,,,,,,,,,,,,,,,,,,,,,,,
CN2022297NW4D8K,2022-10-24,Stora Enso Oyj,"No. 198 South Fenglin Road, Wujin National Hi-tech Industrial Zone, Changzhou, Jiangsu",CN,China,31.671544,120.245632,Electronics,Apple [Public List] (Apple 2019 Facility List),,,,,,,False,,,,,,,,,,,,,,,,,,,,,,,,,,,,,,,,,,,,,,,,,,,,,,,,,,,,,,,,,,,,,,,,,,,,,,,,,,,,,,,,,,,,,,,,,,,,,,,,,,,,,,,,,,,,,,,,,,,,,,,,,,,,,,,,,,
CN2022297NWWW2M,2022-10-24,Quanta Computer Incorporated,"No. 5-6 Lane 8 SanZhuang Road, SongJiang Export Processing Zone, Shanghai",CN,China,31.022721,121.304997,Electronics,Apple [Public List] (Apple 2019 Facility List)|Apple [Public List] (Apple 2019 Facility List),,,,,,,False,,,,,,,,,,,,,,,,,,,,,,,,,,,,,,,,,,,,,,,,,,,,,,,,,,,,,,,,,,,,,,,,,,,,,,,,,,,,,,,,,,,,,,,,,,,,,,,,,,,,,,,,,,,,,,,,,,,,,,,,,,,,,,,,,,
CN2022297P0C8RB,2022-10-24,O-film Tech Company Limited,"O-film Industrial Park, Rule lake Avenue, Linkong Economic Development Zone, NanChang, Jiangxi",CN,China,28.81967,115.93348,Electronics,Apple [Public List] (Apple 2019 Facility List),,,,,,,False,,,,,,,,,,,,,,,,,,,,,,,,,,,,,,,,,,,,,,,,,,,,,,,,,,,,,,,,,,,,,,,,,,,,,,,,,,,,,,,,,,,,,,,,,,,,,,,,,,,,,,,,,,,,,,,,,,,,,,,,,,,,,,,,,,
CN2022297P1F41M,2022-10-24,Advance Semiconductor Engineering Inc.,"No. 26, Chin 3rd Road, Nantze Export Processing Zone, Kaohsiung, Taiwan, 81166",CN,China,35.86166,104.195397,Electronics,"Amazon.com, Inc. (Amazon Facility List 2022)|Apple [Public List] (Apple 2019 Facility List)|Apple [Public List] (Apple 2019 Facility List)|Amazon.com, Inc. (Amazon Facility List 2023)",1000,,,,,,False,,,,,,,,,,,,,,,,,,,,,,,,,,,,,,,,,,,,,,,,,,,,,,,,,,,,,,,,,,,,,,,,,,,,,,,,,,,,,,,,,,,,,,,,,,,,,,,,,,,,,,,,,,,,,,,,,,,,,,,,,,,,,,,,,,
CN2022297P3EFMK,2022-10-24,"Liteon Power Technology (Dongguan) Co., Ltd.","No.1, Shangjiao Section, ZhenAn Rd, Shangjiao Community, ChangAn Town, Dongguan, Guangdong, ",CN,China,22.796427,113.717368,Electronics,"Amazon.com, Inc. (Amazon Facility List 2024)|Amazon.com, Inc. (Amazon Facility List 2022)|Apple [Public List] (Apple 2019 Facility List)|Amazon.com, Inc. (Amazon Facility List 2023)",1000|1609,,Finished goods,,Finished goods,,False,,,,,,,,,,,,,,,,,,,,,,,,,,,,,,,,,,,,,,,,,,,,,,,,,,,,,,,,,,,,,,,,,,,,,,,,,,,,,,,,,,,,,,,,,,,,,,,,,,,,,,,,,,,,,,,,,,,,,,,,,,,,,,,,,,
CN2022297P8DSCS,2022-10-24,Compeq Manufacturing Company Limited,"4D Block, Suchun Industrial Square, No. 428, Xinglong Street, Suzhou Industrial Park, Suzhou, Jiangsu",CN,China,31.319614,120.770586,Electronics,Apple [Public List] (Apple 2019 Facility List),,,,,,,False,,,,,,,,,,,,,,,,,,,,,,,,,,,,,,,,,,,,,,,,,,,,,,,,,,,,,,,,,,,,,,,,,,,,,,,,,,,,,,,,,,,,,,,,,,,,,,,,,,,,,,,,,,,,,,,,,,,,,,,,,,,,,,,,,,
CN2022297PEA0XM,2022-10-24,Hon Hai Precision Industry Company Limited (Foxconn),"Intersection of Hefang Street and Xingyang Road, 200 meters south, Lankao County, Kaifeng, Henan",CN,China,34.9677799,115.028,Electronics,Apple [Public List] (Apple 2019 Facility List),,,,,,,False,,,,,,,,,,,,,,,,,,,,,,,,,,,,,,,,,,,,,,,,,,,,,,,,,,,,,,,,,,,,,,,,,,,,,,,,,,,,,,,,,,,,,,,,,,,,,,,,,,,,,,,,,,,,,,,,,,,,,,,,,,,,,,,,,,
CN2022297PEQ76H,2022-10-24,Sharp Corporation,"No 21 Zhujiang Road, Wuxi National High and New Tech Industrial Development Zone, Wuxi, Jiangsu",CN,China,31.4909899,120.31237,Electronics,Apple [Public List] (Apple 2019 Facility List)|Apple [Public List] (Apple 2019 Facility List),,,,,,,False,,,,,,,,,,,,,,,,,,,,,,,,,,,,,,,,,,,,,,,,,,,,,,,,,,,,,,,,,,,,,,,,,,,,,,,,,,,,,,,,,,,,,,,,,,,,,,,,,,,,,,,,,,,,,,,,,,,,,,,,,,,,,,,,,,
CN2022297PF12CX,2022-10-24,Intramedia Incorporated,"No. 11 Haiyi Road, Ching Tou Village, Chang'an Town, Dongguan, Guangdong",CN,China,22.7970279,113.8300163,Electronics,Apple [Public List] (Apple 2019 Facility List),,,,,,,False,,,,,,,,,,,,,,,,,,,,,,,,,,,,,,,,,,,,,,,,,,,,,,,,,,,,,,,,,,,,,,,,,,,,,,,,,,,,,,,,,,,,,,,,,,,,,,,,,,,,,,,,,,,,,,,,,,,,,,,,,,,,,,,,,,
CN2022297PQZ4A3,2022-10-24,Pegatron Corporation,"West of Rose Road and South of Bailing Road, Kunshan Development Area, Kunshan, Jiangsu",CN,China,31.30259,121.01514,Electronics,Apple [Public List] (Apple 2019 Facility List),,,,,,,False,,,,,,,,,,,,,,,,,,,,,,,,,,,,,,,,,,,,,,,,,,,,,,,,,,,,,,,,,,,,,,,,,,,,,,,,,,,,,,,,,,,,,,,,,,,,,,,,,,,,,,,,,,,,,,,,,,,,,,,,,,,,,,,,,,
CN2022297PRA8Z8,2022-10-24,Hon Hai Precision Industry Company Limited (Foxconn),"No. 1 Longfei Street Economy Technology Development Zone, Taiyuan, Shanxi",CN,China,37.744997,112.584928,Electronics,Apple [Public List] (Apple 2019 Facility List),,,,,,,False,,,,,,,,,,,,,,,,,,,,,,,,,,,,,,,,,,,,,,,,,,,,,,,,,,,,,,,,,,,,,,,,,,,,,,,,,,,,,,,,,,,,,,,,,,,,,,,,,,,,,,,,,,,,,,,,,,,,,,,,,,,,,,,,,,
CN2022297PRSVT5,2022-10-24,Suzhou Dongshan Precision Manufacturing Company Limited,"No. 3019 Haizang West Road, Luzhi Town, Wuzhong District, Suzhou, Jiangsu",CN,China,31.27037,120.83511,Electronics,Apple [Public List] (Apple 2019 Facility List)|Apple [Public List] (Apple 2019 Facility List),,,,,,,False,,,,,,,,,,,,,,,,,,,,,,,,,,,,,,,,,,,,,,,,,,,,,,,,,,,,,,,,,,,,,,,,,,,,,,,,,,,,,,,,,,,,,,,,,,,,,,,,,,,,,,,,,,,,,,,,,,,,,,,,,,,,,,,,,,
CN2022297PSBMSG,2022-10-24,Sunrex Technology Corporation,"No. 508, Guo Dao Road, Fenhu Economic Development Zone, Luxu Town, Wujiang, Jiangsu",CN,China,31.00804,120.83759,Electronics,Apple [Public List] (Apple 2019 Facility List),,,,,,,False,,,,,,,,,,,,,,,,,,,,,,,,,,,,,,,,,,,,,,,,,,,,,,,,,,,,,,,,,,,,,,,,,,,,,,,,,,,,,,,,,,,,,,,,,,,,,,,,,,,,,,,,,,,,,,,,,,,,,,,,,,,,,,,,,,
CN2022297PVT4TJ,2022-10-24,Flex Limited,"Flextronics Industrial Zone, Shi Da Road, Da Ling Shan, Dongguan, Guangdong",CN,China,22.957827,113.876871,Electronics,Apple [Public List] (Apple 2019 Facility List),,,,,,,False,,,,,,,,,,,,,,,,,,,,,,,,,,,,,,,,,,,,,,,,,,,,,,,,,,,,,,,,,,,,,,,,,,,,,,,,,,,,,,,,,,,,,,,,,,,,,,,,,,,,,,,,,,,,,,,,,,,,,,,,,,,,,,,,,,
CN2022297PW34AC,2022-10-24,Luxshare Precision Industry Company Limited,"No. 1, Lvyin Road, Industrial Park, Ji'an, Jiangxi",CN,China,27.06942,114.97614,Electronics,Apple [Public List] (Apple 2019 Facility List),,,,,,,False,,,,,,,,,,,,,,,,,,,,,,,,,,,,,,,,,,,,,,,,,,,,,,,,,,,,,,,,,,,,,,,,,,,,,,,,,,,,,,,,,,,,,,,,,,,,,,,,,,,,,,,,,,,,,,,,,,,,,,,,,,,,,,,,,,
CN2022297PX8GXH,2022-10-24,Hon Hai Precision Industry Company Limited (Foxconn),"No. 35, Hua Bao North Road, Cheng Xi Industrial Zone, Chancheng District, Foshan, Guangdong",CN,China,23.0240699,113.06179,Electronics,Apple [Public List] (Apple 2019 Facility List),,,,,,,False,,,,,,,,,,,,,,,,,,,,,,,,,,,,,,,,,,,,,,,,,,,,,,,,,,,,,,,,,,,,,,,,,,,,,,,,,,,,,,,,,,,,,,,,,,,,,,,,,,,,,,,,,,,,,,,,,,,,,,,,,,,,,,,,,,
CN2022297PXCFKA,2022-10-24,"Kyocera Connector products (Dongguan) Co., Ltd.","8 Jing Ci Road, New City District, Shilong Town, P. R. China, Dongguan, Guangdong, 523326",CN,China,23.10913,113.87356,Electronics,"Amazon.com, Inc. (Amazon Facility List 2024)|Amazon.com, Inc. (Amazon Facility List 2022)|Amazon.com, Inc. (Amazon Facility List 2023)|Apple [Public List] (Apple 2019 Facility List)",101-500|393,,Finished goods,,Finished goods,,False,,,,,,,,,,,,,,,,,,,,,,,,,,,,,,,,,,,,,,,,,,,,,,,,,,,,,,,,,,,,,,,,,,,,,,,,,,,,,,,,,,,,,,,,,,,,,,,,,,,,,,,,,,,,,,,,,,,,,,,,,,,,,,,,,,
CN2022297PXJ1AS,2022-10-24,Samsung Electronics Company Limited,"318 Fang Zhou Road, Suzhou Industrial Park, Suzhou, Jiangsu",CN,China,31.319614,120.770586,Electronics,Apple [Public List] (Apple 2019 Facility List),,,,,,,False,,,,,,,,,,,,,,,,,,,,,,,,,,,,,,,,,,,,,,,,,,,,,,,,,,,,,,,,,,,,,,,,,,,,,,,,,,,,,,,,,,,,,,,,,,,,,,,,,,,,,,,,,,,,,,,,,,,,,,,,,,,,,,,,,,
CN2022297Q8BDZZ,2022-10-24,Flexium Interconnect Incorporated,"No. 1399, Hanpu Road, Hi-Tech Industrial Park, Kunshan, Jiangsu",CN,China,31.41738,120.96918,Electronics,"Apple [Public List] (Apple 2019 Facility List)|Amazon.com, Inc. (Amazon Facility List 2022)|Amazon.com, Inc. (Amazon Facility List 2023)",1000,,,,,,False,,,,,,,,,,,,,,,,,,,,,,,,,,,,,,,,,,,,,,,,,,,,,,,,,,,,,,,,,,,,,,,,,,,,,,,,,,,,,,,,,,,,,,,,,,,,,,,,,,,,,,,,,,,,,,,,,,,,,,,,,,,,,,,,,,
CN2022297QA7S3D,2022-10-24,Longwell Company,"No. 19 2nd Industrial Avenue, Tang Xia Chong Village, Song Gang Town, Paoan Ward, Shenzhen, Guangdong",CN,China,22.764615,113.848396,Electronics,Apple [Public List] (Apple 2019 Facility List),,,,,,,False,,,,,,,,,,,,,,,,,,,,,,,,,,,,,,,,,,,,,,,,,,,,,,,,,,,,,,,,,,,,,,,,,,,,,,,,,,,,,,,,,,,,,,,,,,,,,,,,,,,,,,,,,,,,,,,,,,,,,,,,,,,,,,,,,,
CN2022297QV0VE4,2022-10-24,Hon Hai Precision Industry Company Limited (Foxconn),"East side of Zhen Xing Road, Zhengzhou Airport District, Zhengzhou, Henan",CN,China,34.5130399,113.41235,Electronics,Apple [Public List] (Apple 2019 Facility List)|Apple [Public List] (Apple 2019 Facility List),,,,,,,False,,,,,,,,,,,,,,,,,,,,,,,,,,,,,,,,,,,,,,,,,,,,,,,,,,,,,,,,,,,,,,,,,,,,,,,,,,,,,,,,,,,,,,,,,,,,,,,,,,,,,,,,,,,,,,,,,,,,,,,,,,,,,,,,,,
CN2022297R1TNSA,2022-10-24,Compeq Manufacturing Company Limited,"No. 168 Huguang Road, Huzhen Town, Boluo County, Huizhou, Guangdong",CN,China,23.24303,114.23037,Electronics,Apple [Public List] (Apple 2019 Facility List),,,,,,,False,,,,,,,,,,,,,,,,,,,,,,,,,,,,,,,,,,,,,,,,,,,,,,,,,,,,,,,,,,,,,,,,,,,,,,,,,,,,,,,,,,,,,,,,,,,,,,,,,,,,,,,,,,,,,,,,,,,,,,,,,,,,,,,,,,
CN2022297R8QANZ,2022-10-24,Japan Display Incorporated,"Xinyang Road Dengwu Village, Qiaotou Town, Dongguan, Guangdong",CN,China,22.8539299,114.09978,Electronics,Apple [Public List] (Apple 2019 Facility List)|Apple [Public List] (Apple 2019 Facility List),,,,,,,False,,,,,,,,,,,,,,,,,,,,,,,,,,,,,,,,,,,,,,,,,,,,,,,,,,,,,,,,,,,,,,,,,,,,,,,,,,,,,,,,,,,,,,,,,,,,,,,,,,,,,,,,,,,,,,,,,,,,,,,,,,,,,,,,,,
CN2022297REHKTD,2022-10-24,Luxshare Precision Industry Company Limited,"No. 8 Yongyang Road, National Economic and Technological Development Zone, Chuzhou, Anhui",CN,China,32.25342500000001,118.328321,Electronics,Apple [Public List] (Apple 2019 Facility List),,,,,,,False,,,,,,,,,,,,,,,,,,,,,,,,,,,,,,,,,,,,,,,,,,,,,,,,,,,,,,,,,,,,,,,,,,,,,,,,,,,,,,,,,,,,,,,,,,,,,,,,,,,,,,,,,,,,,,,,,,,,,,,,,,,,,,,,,,
CN2022297RK6453,2022-10-24,Radiant Opto-Electronics Corporation,"No. 11, Xinrui Road, Science City of Guangzhou High-Tech Industrial Development Zone, Guangzhou, Guangdong",CN,China,22.557862,113.462525,Electronics,Apple [Public List] (Apple 2019 Facility List),,,,,,,False,,,,,,,,,,,,,,,,,,,,,,,,,,,,,,,,,,,,,,,,,,,,,,,,,,,,,,,,,,,,,,,,,,,,,,,,,,,,,,,,,,,,,,,,,,,,,,,,,,,,,,,,,,,,,,,,,,,,,,,,,,,,,,,,,,
CN2022297RMVM26,2022-10-24,Shenzhen Fortunta Technology Company Limited,"Xiaozulongsheng, Xiegang Xinwei Village, Caole Town, Dongguan, Guangdong",CN,China,22.962453,114.130619,Electronics,Apple [Public List] (Apple 2019 Facility List),,,,,,,False,,,,,,,,,,,,,,,,,,,,,,,,,,,,,,,,,,,,,,,,,,,,,,,,,,,,,,,,,,,,,,,,,,,,,,,,,,,,,,,,,,,,,,,,,,,,,,,,,,,,,,,,,,,,,,,,,,,,,,,,,,,,,,,,,,
CN2022297RQCTRP,2022-10-24,Hon Hai Precision Industry Company Limited (Foxconn),"No. 1 GuangGu Second Road, Dong Hu New Technical Development Zone, Wuhan, Hubei",CN,China,30.4375531,114.4593094,Electronics,Apple [Public List] (Apple 2019 Facility List),,,,,,,False,,,,,,,,,,,,,,,,,,,,,,,,,,,,,,,,,,,,,,,,,,,,,,,,,,,,,,,,,,,,,,,,,,,,,,,,,,,,,,,,,,,,,,,,,,,,,,,,,,,,,,,,,,,,,,,,,,,,,,,,,,,,,,,,,,
CN2022297S05YAF,2022-10-24,TDK Corporation,"1 West Industrial Road, North Industrial Park, SongShan Lake, Dongguan, Guangdong",CN,China,22.889404,113.880469,Electronics,Apple [Public List] (Apple 2019 Facility List),,,,,,,False,,,,,,,,,,,,,,,,,,,,,,,,,,,,,,,,,,,,,,,,,,,,,,,,,,,,,,,,,,,,,,,,,,,,,,,,,,,,,,,,,,,,,,,,,,,,,,,,,,,,,,,,,,,,,,,,,,,,,,,,,,,,,,,,,,
CN2022297S0MDZ2,2022-10-24,Triotek Technology Incorporated,"No. 5, Huanshi North Road, Tangxia Town, Dongguan, Guangdong",CN,China,22.806965,114.072575,Electronics,Apple [Public List] (Apple 2019 Facility List),,,,,,,False,,,,,,,,,,,,,,,,,,,,,,,,,,,,,,,,,,,,,,,,,,,,,,,,,,,,,,,,,,,,,,,,,,,,,,,,,,,,,,,,,,,,,,,,,,,,,,,,,,,,,,,,,,,,,,,,,,,,,,,,,,,,,,,,,,
CN2022297S11VXW,2022-10-24,Shenzhen YUTO Packaging Technology Company Limited,"No. 682, ChongAn Road, Economic Development Zone, Chong Zhou City, Chengdu, Sichuan",CN,China,30.6218554,103.7104801,Electronics,Apple [Public List] (Apple 2019 Facility List),,,,,,,False,,,,,,,,,,,,,,,,,,,,,,,,,,,,,,,,,,,,,,,,,,,,,,,,,,,,,,,,,,,,,,,,,,,,,,,,,,,,,,,,,,,,,,,,,,,,,,,,,,,,,,,,,,,,,,,,,,,,,,,,,,,,,,,,,,
CN2022297S8D4KE,2022-10-24,Panasonic Corporation,"No. 1 Xinghua 5th Branch, Xi Qing Economic Development Zone, Tianjin",CN,China,39.015726,117.224302,Electronics,Apple [Public List] (Apple 2019 Facility List),,,,,,,False,,,,,,,,,,,,,,,,,,,,,,,,,,,,,,,,,,,,,,,,,,,,,,,,,,,,,,,,,,,,,,,,,,,,,,,,,,,,,,,,,,,,,,,,,,,,,,,,,,,,,,,,,,,,,,,,,,,,,,,,,,,,,,,,,,
CN2022297SBW4N2,2022-10-24,ON Semiconductor Corporation,"Block A&B, No. 110, Liuxiancun Road, Xili Town, Nanshan District, Shenzhen, Guangdong",CN,China,22.5864717,113.9263991,Electronics|Unspecified,Sunrock (Sunrock B.V. Facility List Oct 2025)|Apple [Public List] (Apple 2019 Facility List)|Sunrock (Sunrock Facility List Tier 3 suppliers 2024),30000-40000|30000,,Assembly|Manufacturing|Test,,Assembly|Test|Manufacturing|Assembly|Manufacturing|Test,Electronic equipment|Semiconductor,False,,,,,,,,,,,,,,,,,,,,,,,,,,,,,,,,,,,,,,,,,,,,,,,,,,,,,,,,,,,,,,,,,,,,,,,,,,,,,,,,,,,,,,,,,,,,,,,,,,,,,,,,,,,,,,,,,,,,,,,,,,,,,,,,,,
CN2022297SKCW1Y,2022-10-24,Cowell E Holdings Incorporated,"No. 1, Songbo Road, Huanan Industrial Area, Liaobu Town, Dongguan, Guangdong",CN,China,22.997358,113.874871,Electronics,Apple [Public List] (Apple 2019 Facility List),,,,,,,False,,,,,,,,,,,,,,,,,,,,,,,,,,,,,,,,,,,,,,,,,,,,,,,,,,,,,,,,,,,,,,,,,,,,,,,,,,,,,,,,,,,,,,,,,,,,,,,,,,,,,,,,,,,,,,,,,,,,,,,,,,,,,,,,,,
CN2022297SP6BDP,2022-10-24,Cheng Loong Corporation,"No. 98 B Zone, Gui Lin Road, Kunshan, Jiangsu",CN,China,31.33109,121.00062,Electronics,Apple [Public List] (Apple 2019 Facility List),,,,,,,False,,,,,,,,,,,,,,,,,,,,,,,,,,,,,,,,,,,,,,,,,,,,,,,,,,,,,,,,,,,,,,,,,,,,,,,,,,,,,,,,,,,,,,,,,,,,,,,,,,,,,,,,,,,,,,,,,,,,,,,,,,,,,,,,,,
CN2022297SR8CFX,2022-10-24,"Delta Electronics (Jiangsu) Co., Ltd.","No. 1688 East Jiangxing Road, Economic and Technology Development Zone, Suzhou, Jiangsu, 215002",CN,China,31.188079,120.937004,Consumer Electronics|Electronics,"Amazon.com, Inc. (Amazon Facility List 2022)|Apple [Public List] (Apple 2019 Facility List)|Lenovo [Public List] (Lenovo August 2020 Facility List)|A Brand / Retailer",,Delta,,,,NB Adapter,False,,,,,,,,,,,,,,,,,,,,,,,,,,,,,,,,,,,,,,,,,,,,,,,,,,,,,,,,,,,,,,,,,,,,,,,,,,,,,,,,,,,,,,,,,,,,,,,,,,,,,,,,,,,,,,,,,,,,,,,,,,,,,,,,,,
CN2022297SXPWP7,2022-10-24,Pegatron Corporation,"No. 89 Changjiang Road, Jiashan Economic Development Zone, Jiaxing, Zhejiang",CN,China,30.846918,120.949351,Electronics,Apple [Public List] (Apple 2019 Facility List),,,,,,,False,,,,,,,,,,,,,,,,,,,,,,,,,,,,,,,,,,,,,,,,,,,,,,,,,,,,,,,,,,,,,,,,,,,,,,,,,,,,,,,,,,,,,,,,,,,,,,,,,,,,,,,,,,,,,,,,,,,,,,,,,,,,,,,,,,
CN2022297T0SFX8,2022-10-24,Wistron Corporation,"No. 168, First Avenue, Kunshan Export Processing Zone, Kunshan, Jiangsu",CN,China,31.3524115,120.9787649,Electronics,Apple [Public List] (Apple 2019 Facility List)|Dell [Public List] (Dell 2021 Facility List),,Wistron,Other direct material suppliers,,Other direct material suppliers,Displays/LCD,False,,,,,,,,,,,,,,,,,,,,,,,,,,,,,,,,,,,,,,,,,,,,,,,,,,,,,,,,,,,,,,,,,,,,,,,,,,,,,,,,,,,,,,,,,,,,,,,,,,,,,,,,,,,,,,,,,,,,,,,,,,,,,,,,,,
CN2022297T3DGKP,2022-10-24,LY Investment (HK) Limited,"No. 1 Dongping Road, Gonghe Town Heshan City, jiangmen, Chungli, Guangdong",CN,China,22.58005,112.88386,Electronics,Apple [Public List] (Apple 2019 Facility List),,,,,,,False,,,,,,,,,,,,,,,,,,,,,,,,,,,,,,,,,,,,,,,,,,,,,,,,,,,,,,,,,,,,,,,,,,,,,,,,,,,,,,,,,,,,,,,,,,,,,,,,,,,,,,,,,,,,,,,,,,,,,,,,,,,,,,,,,,
CN2022297T6DQP3,2022-10-24,Lite-On Technology Corporation,"No. 8 Guangbao Road, Science City, Luogang Area, Guangzhou, Guangdong",CN,China,23.04209,114.02821,Electronics,Apple [Public List] (Apple 2019 Facility List),,,,,,,False,,,,,,,,,,,,,,,,,,,,,,,,,,,,,,,,,,,,,,,,,,,,,,,,,,,,,,,,,,,,,,,,,,,,,,,,,,,,,,,,,,,,,,,,,,,,,,,,,,,,,,,,,,,,,,,,,,,,,,,,,,,,,,,,,,
CN2022297T7S3HQ,2022-10-24,R.R. Donnelley & Sons Company,"No. 7699 Songze Avenue, Qingpu Industrial Zone, Shanghai",CN,China,31.174688,121.143395,Electronics,Apple [Public List] (Apple 2019 Facility List),,,,,,,False,,,,,,,,,,,,,,,,,,,,,,,,,,,,,,,,,,,,,,,,,,,,,,,,,,,,,,,,,,,,,,,,,,,,,,,,,,,,,,,,,,,,,,,,,,,,,,,,,,,,,,,,,,,,,,,,,,,,,,,,,,,,,,,,,,
CN2022297T8R317,2022-10-24,Jabil Incorporated,"No. 2073, Jincheng Road, Shajing Street, Bao’an District, Shenzhen, Guangdong",CN,China,22.72814,113.78546,Electronics,Apple [Public List] (Apple 2019 Facility List),,,,,,,False,,,,,,,,,,,,,,,,,,,,,,,,,,,,,,,,,,,,,,,,,,,,,,,,,,,,,,,,,,,,,,,,,,,,,,,,,,,,,,,,,,,,,,,,,,,,,,,,,,,,,,,,,,,,,,,,,,,,,,,,,,,,,,,,,,
CN2022297TCDA28,2022-10-24,INB Electronics Limited,"Xiangshuihe Industrial Area, Dayawan Development District, Huizhou, Guangdong",CN,China,22.7157944,114.5323758,Electronics,Apple [Public List] (Apple 2019 Facility List),,,,,,,False,,,,,,,,,,,,,,,,,,,,,,,,,,,,,,,,,,,,,,,,,,,,,,,,,,,,,,,,,,,,,,,,,,,,,,,,,,,,,,,,,,,,,,,,,,,,,,,,,,,,,,,,,,,,,,,,,,,,,,,,,,,,,,,,,,
CN2022297TF6NV8,2022-10-24,LG Display Company Limited,"No. 2 Beijing Middle Road, Development Zone, Yantai, Shandong",CN,China,37.59142,121.14906,Electronics,Apple [Public List] (Apple 2019 Facility List),,,,,,,False,,,,,,,,,,,,,,,,,,,,,,,,,,,,,,,,,,,,,,,,,,,,,,,,,,,,,,,,,,,,,,,,,,,,,,,,,,,,,,,,,,,,,,,,,,,,,,,,,,,,,,,,,,,,,,,,,,,,,,,,,,,,,,,,,,
CN2022297TFNT78,2022-10-24,BYD Electronic (International) Company Limited,"Xiangshui River, Economic Development Zone, Daya Bay, Huizhou, Guangdong",CN,China,23.284879,114.232329,Electronics,Samsung [Public List] (Samsung 2021 Facility List)|Apple [Public List] (Apple 2019 Facility List)|Lenovo [Public List] (Lenovo August 2020 Facility List)|A Brand / Retailer,,"BYD|BYD Co., Ltd.",,,,Mechanical,False,,,,,,,,,,,,,,,,,,,,,,,,,,,,,,,,,,,,,,,,,,,,,,,,,,,,,,,,,,,,,,,,,,,,,,,,,,,,,,,,,,,,,,,,,,,,,,,,,,,,,,,,,,,,,,,,,,,,,,,,,,,,,,,,,,
CN2022297TT7SWS,2022-10-24,Shenzhen YUTO Packaging Technology Company Limited,"No. 1 Shihuan Road, Shuitian Industrial Area, Shilongzai, Shiyan Town, Shenzhen, Guangdong",CN,China,22.705737,113.968509,Electronics,Apple [Public List] (Apple 2019 Facility List),,,,,,,False,,,,,,,,,,,,,,,,,,,,,,,,,,,,,,,,,,,,,,,,,,,,,,,,,,,,,,,,,,,,,,,,,,,,,,,,,,,,,,,,,,,,,,,,,,,,,,,,,,,,,,,,,,,,,,,,,,,,,,,,,,,,,,,,,,
CN2022297V1N7HJ,2022-10-24,Shenzhen Fortunta Technology Company Limited,"NiuJiaoLong, TianRun Industrial Park, Zhangkengjing, Guanlan, Bao'an District, Shenzhen, Guangdong",CN,China,22.676218,113.78397,Electronics,Apple [Public List] (Apple 2019 Facility List),,,,,,,False,,,,,,,,,,,,,,,,,,,,,,,,,,,,,,,,,,,,,,,,,,,,,,,,,,,,,,,,,,,,,,,,,,,,,,,,,,,,,,,,,,,,,,,,,,,,,,,,,,,,,,,,,,,,,,,,,,,,,,,,,,,,,,,,,,
CN2022297V3Z5DR,2022-10-27,"Taiyo Yuden (Guangdong) CO., LTD.","No.13 Keji Dong Road, Shi Jie Town, Dongguan, Guangdong, China",CN,China,23.09494,113.79622,Electronics,"Amazon.com, Inc. (Amazon Facility List 2024)|A Brand / Retailer|Fairphone [Public List] (Fairphone May 2022 Facility List)|Amazon.com, Inc. (Amazon Facility List 2022)|Apple [Public List] (Apple 2019 Facility List)|Amazon.com, Inc. (Amazon Facility List 2023)",1000|3006,,Finished goods,,Finished goods,Passives,False,,,,,,,,,,,,,,,,,,,,,,,,,,,,,,,,,,,,,,,,,,,,,,,,,,,,,,,,,,,,,,,,,,,,,,,,,,,,,,,,,,,,,,,,,,,,,,,,,,,,,,,,,,,,,,,,,,,,,,,,,,,,,,,,,,
CN2022297V3ZKD6,2022-10-24,Cheng Uei Precision Industry Company Limited (Foxlink),"Junda Industrial District, DongKeng, Dongguan, Guangdong",CN,China,22.995838,113.933872,Electronics,Apple [Public List] (Apple 2019 Facility List)|Apple [Public List] (Apple 2019 Facility List),,,,,,,False,,,,,,,,,,,,,,,,,,,,,,,,,,,,,,,,,,,,,,,,,,,,,,,,,,,,,,,,,,,,,,,,,,,,,,,,,,,,,,,,,,,,,,,,,,,,,,,,,,,,,,,,,,,,,,,,,,,,,,,,,,,,,,,,,,
CN2022297V65FKH,2022-10-24,R.R. Donnelley & Sons Company,"No. 888 Ganghua Road, North Area of Chengdu Modern Industrial Park, Pixian, Chengdu, Sichuan",CN,China,30.78658,103.93969,Electronics,Apple [Public List] (Apple 2019 Facility List),,,,,,,False,,,,,,,,,,,,,,,,,,,,,,,,,,,,,,,,,,,,,,,,,,,,,,,,,,,,,,,,,,,,,,,,,,,,,,,,,,,,,,,,,,,,,,,,,,,,,,,,,,,,,,,,,,,,,,,,,,,,,,,,,,,,,,,,,,
CN2022297V6FJ8K,2022-10-24,CN Innovations Holdings Limited,"3 Yayuan Road, Bantian Subdistrict, Longgang District, Shenzhen, Guangdong",CN,China,22.6167,114.06406,Electronics,Apple [Public List] (Apple 2019 Facility List),,,,,,,False,,,,,,,,,,,,,,,,,,,,,,,,,,,,,,,,,,,,,,,,,,,,,,,,,,,,,,,,,,,,,,,,,,,,,,,,,,,,,,,,,,,,,,,,,,,,,,,,,,,,,,,,,,,,,,,,,,,,,,,,,,,,,,,,,,
CN2022297V7TRVR,2022-10-24,Jinlong Machinery & Electronic Company Limited,"No. 7, Baiye Avenue, Baiye Industrial City, Liaobu Town, Dongguan, Guangdong",CN,China,22.997358,113.874871,Electronics,Apple [Public List] (Apple 2019 Facility List),,,,,,,False,,,,,,,,,,,,,,,,,,,,,,,,,,,,,,,,,,,,,,,,,,,,,,,,,,,,,,,,,,,,,,,,,,,,,,,,,,,,,,,,,,,,,,,,,,,,,,,,,,,,,,,,,,,,,,,,,,,,,,,,,,,,,,,,,,
CN2022297V9FZ94,2022-10-24,Rohm Company Limited,"No. 7, Weisan Road, Micro-Electronic Industrial Park, Jingang Highway, Xiqing District, Tianjin",CN,China,39.003712,117.244902,Electronics,"Amazon.com, Inc. (Amazon Facility List 2024)|Apple [Public List] (Apple 2019 Facility List)",1378,,Finished goods,,Finished goods,,False,,,,,,,,,,,,,,,,,,,,,,,,,,,,,,,,,,,,,,,,,,,,,,,,,,,,,,,,,,,,,,,,,,,,,,,,,,,,,,,,,,,,,,,,,,,,,,,,,,,,,,,,,,,,,,,,,,,,,,,,,,,,,,,,,,
CN2022297VFC47A,2022-10-24,O-film Tech Company Limited,"No. 28 Gaoxin 2nd Road, Hi-Tech Industry Development Zone, NanChang, Jiangxi",CN,China,28.69084,115.95387,Electronics,Apple [Public List] (Apple 2019 Facility List),,,,,,,False,,,,,,,,,,,,,,,,,,,,,,,,,,,,,,,,,,,,,,,,,,,,,,,,,,,,,,,,,,,,,,,,,,,,,,,,,,,,,,,,,,,,,,,,,,,,,,,,,,,,,,,,,,,,,,,,,,,,,,,,,,,,,,,,,,
CN2022297VJA0JJ,2022-10-24,Pai Shing International Limited,"No. 58 Jujin Avenue, Biquan Street, Bishan District, Chongqing",CN,China,29.4420502,106.2303846,Electronics,Apple [Public List] (Apple 2019 Facility List),,,,,,,False,,,,,,,,,,,,,,,,,,,,,,,,,,,,,,,,,,,,,,,,,,,,,,,,,,,,,,,,,,,,,,,,,,,,,,,,,,,,,,,,,,,,,,,,,,,,,,,,,,,,,,,,,,,,,,,,,,,,,,,,,,,,,,,,,,
CN2022297VJE4V3,2022-10-24,Pegatron Corporation,"No. 3668 XiuYan Road, KangQiao Town, PuDong New District, Shanghai",CN,China,31.1361582,121.5896005,Electronics,Apple [Public List] (Apple 2019 Facility List),,,,,,,False,,,,,,,,,,,,,,,,,,,,,,,,,,,,,,,,,,,,,,,,,,,,,,,,,,,,,,,,,,,,,,,,,,,,,,,,,,,,,,,,,,,,,,,,,,,,,,,,,,,,,,,,,,,,,,,,,,,,,,,,,,,,,,,,,,
CN2022297VJRQDJ,2022-10-24,Hon Hai Precision Industry Company Limited (Foxconn),"Wancheng Warehouse 203, No. 6 Hongmian Road, Fu-tian Tax Free Zone, Shenzhen, Guangdong",CN,China,22.50579,114.05721,Electronics,Apple [Public List] (Apple 2019 Facility List),,,,,,,False,,,,,,,,,,,,,,,,,,,,,,,,,,,,,,,,,,,,,,,,,,,,,,,,,,,,,,,,,,,,,,,,,,,,,,,,,,,,,,,,,,,,,,,,,,,,,,,,,,,,,,,,,,,,,,,,,,,,,,,,,,,,,,,,,,
CN2022297VM0EBH,2022-10-24,LY Investment (HK) Limited,"Songgang Songfu Road, Manhole District, Sha Pu Wei Stone Leading East Park, Shenzhen, Guangdong",CN,China,22.770126,113.851562,Electronics,Apple [Public List] (Apple 2019 Facility List),,,,,,,False,,,,,,,,,,,,,,,,,,,,,,,,,,,,,,,,,,,,,,,,,,,,,,,,,,,,,,,,,,,,,,,,,,,,,,,,,,,,,,,,,,,,,,,,,,,,,,,,,,,,,,,,,,,,,,,,,,,,,,,,,,,,,,,,,,
CN2022297VQM890,2022-10-24,Golden Arrow Printing Company Limited,"No. 379 Songjiang Gang Road, Zhoushi, Kunshan, Jiangsu",CN,China,31.45621,120.97476,Electronics,Apple [Public List] (Apple 2019 Facility List)|Apple [Public List] (Apple 2019 Facility List)|Apple [Public List] (Apple 2019 Facility List),,,,,,,False,,,,,,,,,,,,,,,,,,,,,,,,,,,,,,,,,,,,,,,,,,,,,,,,,,,,,,,,,,,,,,,,,,,,,,,,,,,,,,,,,,,,,,,,,,,,,,,,,,,,,,,,,,,,,,,,,,,,,,,,,,,,,,,,,,
CN2022297VRX3A6,2022-10-24,Stora Enso Oyj,"LvHua North Road, DiYong Village, Gaobu Town, Dongguan, Guangdong",CN,China,23.08762,113.73401,Electronics,Apple [Public List] (Apple 2019 Facility List),,,,,,,False,,,,,,,,,,,,,,,,,,,,,,,,,,,,,,,,,,,,,,,,,,,,,,,,,,,,,,,,,,,,,,,,,,,,,,,,,,,,,,,,,,,,,,,,,,,,,,,,,,,,,,,,,,,,,,,,,,,,,,,,,,,,,,,,,,
CN2022297VTYJ3H,2022-10-24,Hon Hai Precision Industry Company Limited (Foxconn),"Longhe Technology Industry Zone, Southern Construction Road, Anci District, Langfang, Hebei",CN,China,39.2479699,116.83435,Electronics,Apple [Public List] (Apple 2019 Facility List),,,,,,,False,,,,,,,,,,,,,,,,,,,,,,,,,,,,,,,,,,,,,,,,,,,,,,,,,,,,,,,,,,,,,,,,,,,,,,,,,,,,,,,,,,,,,,,,,,,,,,,,,,,,,,,,,,,,,,,,,,,,,,,,,,,,,,,,,,
CN2022297VVZVKC,2022-10-24,MYS Group Company Limited,"MYS Qiaotou District, East Industrial Park, Qiaotou, Dongguan, Guangdong",CN,China,23.024132,114.10316,Consumer Electronics|Electronics,"Amazon.com, Inc. (Amazon Facility List 2022)|Apple [Public List] (Apple 2019 Facility List)",,,,,,,False,,,,,,,,,,,,,,,,,,,,,,,,,,,,,,,,,,,,,,,,,,,,,,,,,,,,,,,,,,,,,,,,,,,,,,,,,,,,,,,,,,,,,,,,,,,,,,,,,,,,,,,,,,,,,,,,,,,,,,,,,,,,,,,,,,
CN2022297W9HJG1,2022-10-24,O-film Tech Company Limited,"O-Film 2 Park, Huangjiahu West Road, Xinjian County, NanChang, Jiangxi",CN,China,28.71088,115.79543,Electronics,Apple [Public List] (Apple 2019 Facility List),,,,,,,False,,,,,,,,,,,,,,,,,,,,,,,,,,,,,,,,,,,,,,,,,,,,,,,,,,,,,,,,,,,,,,,,,,,,,,,,,,,,,,,,,,,,,,,,,,,,,,,,,,,,,,,,,,,,,,,,,,,,,,,,,,,,,,,,,,
CN2022297WCVD0S,2022-10-24,Crealand Technology Limited,"Gong He Cun, No. 3 Industrial District, F""",CN,China,23.091452,112.919758,Electronics,Apple [Public List] (Apple 2019 Facility List),,,,,,,False,,,,,,,,,,,,,,,,,,,,,,,,,,,,,,,,,,,,,,,,,,,,,,,,,,,,,,,,,,,,,,,,,,,,,,,,,,,,,,,,,,,,,,,,,,,,,,,,,,,,,,,,,,,,,,,,,,,,,,,,,,,,,,,,,,
CN2022297WDW0CT,2022-10-24,Hon Hai Precision Industry Company Limited (Foxconn),"Building 8, Foxconn Guanlan Technology Park B District, DaSan Community, Guanlan Town, Bao'an, Shenzhen, Guangdong",CN,China,22.72143,114.0548,Electronics,Apple [Public List] (Apple 2019 Facility List)|Apple [Public List] (Apple 2019 Facility List)|Apple [Public List] (Apple 2019 Facility List),,,,,,,False,,,,,,,,,,,,,,,,,,,,,,,,,,,,,,,,,,,,,,,,,,,,,,,,,,,,,,,,,,,,,,,,,,,,,,,,,,,,,,,,,,,,,,,,,,,,,,,,,,,,,,,,,,,,,,,,,,,,,,,,,,,,,,,,,,
CN2022297WEY7RG,2022-10-24,Hon Hai Precision Industry Company Limited (Foxconn),"No. 168 Fushikang Road, Huai'an Economic Development Zone, HuaiAn, Jiangsu",CN,China,33.596134,119.132069,Electronics,Apple [Public List] (Apple 2019 Facility List)|Dell [Public List] (Dell 2021 Facility List),,Foxconn,Other direct material suppliers,,Other direct material suppliers,Parts/Components,False,,,,,,,,,,,,,,,,,,,,,,,,,,,,,,,,,,,,,,,,,,,,,,,,,,,,,,,,,,,,,,,,,,,,,,,,,,,,,,,,,,,,,,,,,,,,,,,,,,,,,,,,,,,,,,,,,,,,,,,,,,,,,,,,,,
CN2022297WJ9NC1,2022-10-24,ON Semiconductor Corporation,"27A People West Road, Leshan, Sichuan",CN,China,29.5522099,103.76539,Electronics,Apple [Public List] (Apple 2019 Facility List),,,,,,,False,,,,,,,,,,,,,,,,,,,,,,,,,,,,,,,,,,,,,,,,,,,,,,,,,,,,,,,,,,,,,,,,,,,,,,,,,,,,,,,,,,,,,,,,,,,,,,,,,,,,,,,,,,,,,,,,,,,,,,,,,,,,,,,,,,
CN2022297WKJCA0,2022-10-24,Advanced Semiconductor Engineering Incorporated,"No. 501 Longgui Road, Jinqiao Export Processing (South) Zone, Shanghai",CN,China,31.22489,121.68363,Electronics,Apple [Public List] (Apple 2019 Facility List),,,,,,,False,,,,,,,,,,,,,,,,,,,,,,,,,,,,,,,,,,,,,,,,,,,,,,,,,,,,,,,,,,,,,,,,,,,,,,,,,,,,,,,,,,,,,,,,,,,,,,,,,,,,,,,,,,,,,,,,,,,,,,,,,,,,,,,,,,
CN2022297WNTKHR,2022-10-24,NOK Corporation,"No. 2006, Huang Yang Road, Doumen Town Doumen District, Zhuhai, Guangdong",CN,China,22.23212,113.195411,Electronics,Apple [Public List] (Apple 2019 Facility List),,,,,,,False,,,,,,,,,,,,,,,,,,,,,,,,,,,,,,,,,,,,,,,,,,,,,,,,,,,,,,,,,,,,,,,,,,,,,,,,,,,,,,,,,,,,,,,,,,,,,,,,,,,,,,,,,,,,,,,,,,,,,,,,,,,,,,,,,,
CN2022297WQRFY1,2022-10-24,Kantatsu Company Limited,"No. 8 Xinlong Road Xinpu Economic Development Zone, Lianyungang, Jiangsu",CN,China,34.594492,119.106795,Electronics,Apple [Public List] (Apple 2019 Facility List),,,,,,,False,,,,,,,,,,,,,,,,,,,,,,,,,,,,,,,,,,,,,,,,,,,,,,,,,,,,,,,,,,,,,,,,,,,,,,,,,,,,,,,,,,,,,,,,,,,,,,,,,,,,,,,,,,,,,,,,,,,,,,,,,,,,,,,,,,
CN2022297WW4B8R,2022-10-24,"Hefei BOE Optoelectronics Technology Co., Ltd.","No.2177,Tongling North Road， Xinzhan Zone ,Hefei City，P.R.China.",CN,China,31.94004,117.3499,Electronics,"Amazon.com, Inc. (Amazon Facility List 2024)|Lenovo [Public List] (Lenovo August 2020 Facility List)|A Brand / Retailer|Apple [Public List] (Apple 2019 Facility List)|Amazon.com, Inc. (Amazon Facility List 2023)|Dell [Public List] (Dell 2021 Facility List)|Dell [Public List] (Dell 2021 Facility List)|Amazon.com, Inc. (Amazon Facility List 2022)",1000|4781,BOE|BOE|BOE,Other direct material suppliers|Finished goods,,Other direct material suppliers|Other direct material suppliers|Finished goods,NB LCD|Displays/LCD|Displays/LCD,False,,,,,,,,,,,,,,,,,,,,,,,,,,,,,,,,,,,,,,,,,,,,,,,,,,,,,,,,,,,,,,,,,,,,,,,,,,,,,,,,,,,,,,,,,,,,,,,,,,,,,,,,,,,,,,,,,,,,,,,,,,,,,,,,,,
CN2022297WZYB8N,2022-10-24,Asahi Glass Company Limited,"11 Qisan Road, Haitian Industrial Garden, Shenzhen Export Processing District, Pingshan New Zone, Shenzhen, Guangdong",CN,China,22.556796,114.105324,Electronics,Apple [Public List] (Apple 2019 Facility List),,,,,,,False,,,,,,,,,,,,,,,,,,,,,,,,,,,,,,,,,,,,,,,,,,,,,,,,,,,,,,,,,,,,,,,,,,,,,,,,,,,,,,,,,,,,,,,,,,,,,,,,,,,,,,,,,,,,,,,,,,,,,,,,,,,,,,,,,,
CN2022297X0GNES,2022-10-24,Amphenol Corporation,"No. 98-5, Road 19, Hangzhou Economic and Technological Development Zone, Hangzhou, Zhejiang",CN,China,30.30248,120.324969,Electronics,Apple [Public List] (Apple 2019 Facility List),,,,,,,False,,,,,,,,,,,,,,,,,,,,,,,,,,,,,,,,,,,,,,,,,,,,,,,,,,,,,,,,,,,,,,,,,,,,,,,,,,,,,,,,,,,,,,,,,,,,,,,,,,,,,,,,,,,,,,,,,,,,,,,,,,,,,,,,,,
CN2022297X1D2B1,2022-10-24,Catcher Technology Company Limited,"East of Xiangtai Road, North of Haijun West Road, Economic Development Zone, Taizhou, Jiangsu",CN,China,32.423966,119.874858,Electronics,Apple [Public List] (Apple 2019 Facility List)|Apple [Public List] (Apple 2019 Facility List),,,,,,,False,,,,,,,,,,,,,,,,,,,,,,,,,,,,,,,,,,,,,,,,,,,,,,,,,,,,,,,,,,,,,,,,,,,,,,,,,,,,,,,,,,,,,,,,,,,,,,,,,,,,,,,,,,,,,,,,,,,,,,,,,,,,,,,,,,
CN2022297X8114M,2022-10-24,Alps Electric Company Limited,"No. 5, Xingchuang 4 Road, Singapore Industrial Park, Wuxi, Jiangsu",CN,China,31.533902,120.393162,Electronics,Apple [Public List] (Apple 2019 Facility List),,,,,,,False,,,,,,,,,,,,,,,,,,,,,,,,,,,,,,,,,,,,,,,,,,,,,,,,,,,,,,,,,,,,,,,,,,,,,,,,,,,,,,,,,,,,,,,,,,,,,,,,,,,,,,,,,,,,,,,,,,,,,,,,,,,,,,,,,,
CN2022297XSR33X,2022-10-24,J.Pond Industry (Dongguan) Company Limited,"No. 71, Juxiang YiLu, QiuFu Road, Dalang Town, Dongguan, Guangdong",CN,China,22.940016,113.943978,Electronics,Apple [Public List] (Apple 2019 Facility List),,,,,,,False,,,,,,,,,,,,,,,,,,,,,,,,,,,,,,,,,,,,,,,,,,,,,,,,,,,,,,,,,,,,,,,,,,,,,,,,,,,,,,,,,,,,,,,,,,,,,,,,,,,,,,,,,,,,,,,,,,,,,,,,,,,,,,,,,,
CN2022297XWWMG2,2022-10-24,LY Investment (HK) Limited,"No. 1, Gaoxin Industrial Tiankeng, Hengli Town, Dongguan, Guangdong",CN,China,23.01897,113.96649,Electronics,Apple [Public List] (Apple 2019 Facility List),,,,,,,False,,,,,,,,,,,,,,,,,,,,,,,,,,,,,,,,,,,,,,,,,,,,,,,,,,,,,,,,,,,,,,,,,,,,,,,,,,,,,,,,,,,,,,,,,,,,,,,,,,,,,,,,,,,,,,,,,,,,,,,,,,,,,,,,,,
CN2022297XXFH03,2022-10-24,ECCO Leather B.V.,"Chennan Industiral Zone, Tong'An, Xiamen, Fujian",CN,China,24.7228599,118.15207,Electronics,Apple [Public List] (Apple 2019 Facility List),,,,,,,False,,,,,,,,,,,,,,,,,,,,,,,,,,,,,,,,,,,,,,,,,,,,,,,,,,,,,,,,,,,,,,,,,,,,,,,,,,,,,,,,,,,,,,,,,,,,,,,,,,,,,,,,,,,,,,,,,,,,,,,,,,,,,,,,,,
CN2022297Y8W5R8,2022-10-24,Risuntek Incorporated,"Jiuwei Industrial Zone, Qishi Town, Dongguan, Guangdong",CN,China,23.06526,114.0353,Electronics,Apple [Public List] (Apple 2019 Facility List),,,,,,,False,,,,,,,,,,,,,,,,,,,,,,,,,,,,,,,,,,,,,,,,,,,,,,,,,,,,,,,,,,,,,,,,,,,,,,,,,,,,,,,,,,,,,,,,,,,,,,,,,,,,,,,,,,,,,,,,,,,,,,,,,,,,,,,,,,
CN2022297Y8ZQ8D,2022-10-24,TPK Holding Company Limited,"No. 199 Ban Shang Road Information & Photoelectricity Park of Xiamen Torch Hi-Tech Industrial Development Zone, Xiamen, Fujian",CN,China,24.512907,118.119147,Electronics,Apple [Public List] (Apple 2019 Facility List),,,,,,,False,,,,,,,,,,,,,,,,,,,,,,,,,,,,,,,,,,,,,,,,,,,,,,,,,,,,,,,,,,,,,,,,,,,,,,,,,,,,,,,,,,,,,,,,,,,,,,,,,,,,,,,,,,,,,,,,,,,,,,,,,,,,,,,,,,
CN2022297YE7N9T,2022-10-24,AAC Technologies Holdings Incorporated,"No. 8, Fengqi Road, Hi-Tech. Industry Development Area, Wujin District, Changzhou, Jiangsu",CN,China,31.54176,120.02599,Electronics,A Brand / Retailer|Apple [Public List] (Apple 2019 Facility List)|Samsung [Public List] (Samsung 2021 Facility List),,AAC Technologies Holdings Inc.,,,,,False,,,,,,,,,,,,,,,,,,,,,,,,,,,,,,,,,,,,,,,,,,,,,,,,,,,,,,,,,,,,,,,,,,,,,,,,,,,,,,,,,,,,,,,,,,,,,,,,,,,,,,,,,,,,,,,,,,,,,,,,,,,,,,,,,,
CN2022297YGYJJS,2022-10-24,INB Electronics Limited,"Building 2, Area 1, Industrial Area of Huaide Cuihai, Fengtang Road, Fuyong Street, Shenzhen, Guangdong",CN,China,22.7045121,113.7966438,Electronics,Apple [Public List] (Apple 2019 Facility List),,,,,,,False,,,,,,,,,,,,,,,,,,,,,,,,,,,,,,,,,,,,,,,,,,,,,,,,,,,,,,,,,,,,,,,,,,,,,,,,,,,,,,,,,,,,,,,,,,,,,,,,,,,,,,,,,,,,,,,,,,,,,,,,,,,,,,,,,,
CN2022297YK17CE,2022-10-24,Hama Naka Shoukin Industry Company Limited,"No. 1 Gaoding Road, Kunshan Development Zone, Kunshan, Jiangsu",CN,China,31.3527509,121.0635131,Electronics,Apple [Public List] (Apple 2019 Facility List),,,,,,,False,,,,,,,,,,,,,,,,,,,,,,,,,,,,,,,,,,,,,,,,,,,,,,,,,,,,,,,,,,,,,,,,,,,,,,,,,,,,,,,,,,,,,,,,,,,,,,,,,,,,,,,,,,,,,,,,,,,,,,,,,,,,,,,,,,
CN2022297YN4QC3,2022-10-24,Lite-On Technology Corporation,"No. 6, Zhenye Road, Dongjing Industrial Area, Songjiang, Shanghai",CN,China,31.08842,121.27287,Electronics,Apple [Public List] (Apple 2019 Facility List),,,,,,,False,,,,,,,,,,,,,,,,,,,,,,,,,,,,,,,,,,,,,,,,,,,,,,,,,,,,,,,,,,,,,,,,,,,,,,,,,,,,,,,,,,,,,,,,,,,,,,,,,,,,,,,,,,,,,,,,,,,,,,,,,,,,,,,,,,
CN2022297YN8ZZ2,2022-10-24,AT & S Austria Technologie & Systemtechnik Aktiengesellschaft,"No. 58 Changhe Road, Yuzui Town, Jiangbei District, Chongqing",CN,China,29.63072,106.75076,Electronics,Apple [Public List] (Apple 2019 Facility List),,,,,,,False,,,,,,,,,,,,,,,,,,,,,,,,,,,,,,,,,,,,,,,,,,,,,,,,,,,,,,,,,,,,,,,,,,,,,,,,,,,,,,,,,,,,,,,,,,,,,,,,,,,,,,,,,,,,,,,,,,,,,,,,,,,,,,,,,,
CN2022297YP9RHF,2022-10-24,NOK Corporation,"1 Floor, No. 22 XiangMing Road, Xiang'an District, Xiamen, Fujian",CN,China,24.63341,118.24441,Electronics,Apple [Public List] (Apple 2019 Facility List),,,,,,,False,,,,,,,,,,,,,,,,,,,,,,,,,,,,,,,,,,,,,,,,,,,,,,,,,,,,,,,,,,,,,,,,,,,,,,,,,,,,,,,,,,,,,,,,,,,,,,,,,,,,,,,,,,,,,,,,,,,,,,,,,,,,,,,,,,
CN2022297YX901E,2022-10-24,CN Innovations Holdings Limited,"58 Zhenxing Road, Dagang Zhen, Nansha District, Guangzhou, Guangdong",CN,China,22.7993812,113.4090301,Electronics,Apple [Public List] (Apple 2019 Facility List),,,,,,,False,,,,,,,,,,,,,,,,,,,,,,,,,,,,,,,,,,,,,,,,,,,,,,,,,,,,,,,,,,,,,,,,,,,,,,,,,,,,,,,,,,,,,,,,,,,,,,,,,,,,,,,,,,,,,,,,,,,,,,,,,,,,,,,,,,
CN2022297YZ0B7R,2022-10-24,TDK Corporation,"No. 321-339 Tongi South Road, Jimei District, Xiamen, Fujian",CN,China,24.5759099,118.0972799,Electronics,Apple [Public List] (Apple 2019 Facility List),,,,,,,False,,,,,,,,,,,,,,,,,,,,,,,,,,,,,,,,,,,,,,,,,,,,,,,,,,,,,,,,,,,,,,,,,,,,,,,,,,,,,,,,,,,,,,,,,,,,,,,,,,,,,,,,,,,,,,,,,,,,,,,,,,,,,,,,,,
CN2022297Z2XMTN,2022-10-24,Murata Manufacturing Company Limited,"15 Cuijing Road, Shenzhen Grand Industrial Zone, Pingshan New District, Shenzhen, Guangdong",CN,China,22.7246099,114.38418,Electronics,Apple [Public List] (Apple 2019 Facility List),,,,,,,False,,,,,,,,,,,,,,,,,,,,,,,,,,,,,,,,,,,,,,,,,,,,,,,,,,,,,,,,,,,,,,,,,,,,,,,,,,,,,,,,,,,,,,,,,,,,,,,,,,,,,,,,,,,,,,,,,,,,,,,,,,,,,,,,,,
CN2022297Z86Z9Y,2022-10-24,Hon Hai Precision Industry Company Limited (Foxconn),"A01 Factory, Zhengzhou Economic & Technological Area, No. 9 street Export Processing Zone, East Hanghai Road, Zhengzhou, Henan",CN,China,34.72081,113.79375,Electronics,Apple [Public List] (Apple 2019 Facility List),,,,,,,False,,,,,,,,,,,,,,,,,,,,,,,,,,,,,,,,,,,,,,,,,,,,,,,,,,,,,,,,,,,,,,,,,,,,,,,,,,,,,,,,,,,,,,,,,,,,,,,,,,,,,,,,,,,,,,,,,,,,,,,,,,,,,,,,,,
CN2022297Z9G68F,2022-10-24,Fuyang Technology Corporation,"Second West Gate, 278 Ma Yun Road, Suzhou, Jiangsu",CN,China,31.31825,120.54547,Electronics,Apple [Public List] (Apple 2019 Facility List),,,,,,,False,,,,,,,,,,,,,,,,,,,,,,,,,,,,,,,,,,,,,,,,,,,,,,,,,,,,,,,,,,,,,,,,,,,,,,,,,,,,,,,,,,,,,,,,,,,,,,,,,,,,,,,,,,,,,,,,,,,,,,,,,,,,,,,,,,
CN2022297ZF7DGV,2022-10-24,Shandong Innovation Group,"East End of Huixian 4th Road, Gaoxin Subdistrict, ZouPing, Shandong",CN,China,27.01706,114.95229,Electronics,Apple [Public List] (Apple 2019 Facility List),,,,,,,False,,,,,,,,,,,,,,,,,,,,,,,,,,,,,,,,,,,,,,,,,,,,,,,,,,,,,,,,,,,,,,,,,,,,,,,,,,,,,,,,,,,,,,,,,,,,,,,,,,,,,,,,,,,,,,,,,,,,,,,,,,,,,,,,,,
CN2022297ZG23DA,2022-10-24,GoerTek Incorporated,"West Changan South Road and North Tengfei Road, Yishui County, Linyi, Shandong",CN,China,35.74664,118.6294,Electronics,Apple [Public List] (Apple 2019 Facility List),,,,,,,False,,,,,,,,,,,,,,,,,,,,,,,,,,,,,,,,,,,,,,,,,,,,,,,,,,,,,,,,,,,,,,,,,,,,,,,,,,,,,,,,,,,,,,,,,,,,,,,,,,,,,,,,,,,,,,,,,,,,,,,,,,,,,,,,,,
CN2022297ZHGX4A,2022-10-24,Jiangsu Changjiang Electronics Technology Company Limited,"No. 78 Changshan Road, Jiangyin, Jiangsu",CN,China,31.9352,120.45836,Electronics,Apple [Public List] (Apple 2019 Facility List),,,,,,,False,,,,,,,,,,,,,,,,,,,,,,,,,,,,,,,,,,,,,,,,,,,,,,,,,,,,,,,,,,,,,,,,,,,,,,,,,,,,,,,,,,,,,,,,,,,,,,,,,,,,,,,,,,,,,,,,,,,,,,,,,,,,,,,,,,
CN2022297ZMV7B9,2022-10-24,Shenzhen YUTO Packaging Technology Company Limited,"No. 190 Gongxiang Road, Qiandeng Town, Kunshan, Jiangsu",CN,China,31.26448,121.03072,Electronics,Apple [Public List] (Apple 2019 Facility List)|Apple [Public List] (Apple 2019 Facility List)|Apple [Public List] (Apple 2019 Facility List),,,,,,,False,,,,,,,,,,,,,,,,,,,,,,,,,,,,,,,,,,,,,,,,,,,,,,,,,,,,,,,,,,,,,,,,,,,,,,,,,,,,,,,,,,,,,,,,,,,,,,,,,,,,,,,,,,,,,,,,,,,,,,,,,,,,,,,,,,
CN2022297ZPKYP5,2022-10-24,Jinlong Machinery & Electronic Company Limited,"Jingang Boulevard, Jinlong Science & Technology Park, Bei Baixiang Town, Yueqing, Wenzhou, Zhejiang",CN,China,27.58449,120.52534,Electronics,Apple [Public List] (Apple 2019 Facility List),,,,,,,False,,,,,,,,,,,,,,,,,,,,,,,,,,,,,,,,,,,,,,,,,,,,,,,,,,,,,,,,,,,,,,,,,,,,,,,,,,,,,,,,,,,,,,,,,,,,,,,,,,,,,,,,,,,,,,,,,,,,,,,,,,,,,,,,,,
CN2022297ZWCV6H,2022-10-24,Panasonic Corporation,"No. 86 Sunwu Road, Xukou, Wuzhong District, Suzhou, Jiangsu",CN,China,31.22757,120.44574,Electronics,Apple [Public List] (Apple 2019 Facility List),,,,,,,False,,,,,,,,,,,,,,,,,,,,,,,,,,,,,,,,,,,,,,,,,,,,,,,,,,,,,,,,,,,,,,,,,,,,,,,,,,,,,,,,,,,,,,,,,,,,,,,,,,,,,,,,,,,,,,,,,,,,,,,,,,,,,,,,,,
CN2022300DXZ5AJ,2022-10-24,Laird PLC,"Building 1, Dejin Industrial Park, Fuyuanyi Road, Heping Community, Fuyong Town, Bao'an District, Shenzhen, Guangdong",CN,China,22.6906789,113.7857339,,Apple [Public List] (Apple 2019 Facility List),,,,,,,False,,,,,,,,,,,,,,,,,,,,,,,,,,,,,,,,,,,,,,,,,,,,,,,,,,,,,,,,,,,,,,,,,,,,,,,,,,,,,,,,,,,,,,,,,,,,,,,,,,,,,,,,,,,,,,,,,,,,,,,,,,,,,,,,,,
CN20223019XY5SX,2022-10-24,Shenzhen Desay Battery Technology Company Limited,"No. 6, Zhongkai Hightech Industrial Development Zone, Huizhou, Guangdong",CN,China,23.009052,114.317853,Electronics,Apple [Public List] (Apple 2019 Facility List)|Apple [Public List] (Apple 2019 Facility List),,,,,,,False,,,,,,,,,,,,,,,,,,,,,,,,,,,,,,,,,,,,,,,,,,,,,,,,,,,,,,,,,,,,,,,,,,,,,,,,,,,,,,,,,,,,,,,,,,,,,,,,,,,,,,,,,,,,,,,,,,,,,,,,,,,,,,,,,,
CN2022301EV5Y5C,2022-10-24,Amphenol Corporation,"No. 689 Shen Nan Road, Xin Zhuang Industry Park, Shanghai",CN,China,31.079274,121.385547,Electronics,Apple [Public List] (Apple 2019 Facility List),,,,,,,False,,,,,,,,,,,,,,,,,,,,,,,,,,,,,,,,,,,,,,,,,,,,,,,,,,,,,,,,,,,,,,,,,,,,,,,,,,,,,,,,,,,,,,,,,,,,,,,,,,,,,,,,,,,,,,,,,,,,,,,,,,,,,,,,,,
CN2022301K13KZ4,2022-10-24,Shenzhen Sunway Communication Company Limited,"No. 463, Nanhuan Road, Shajing Town, Bao’an District, Shenzhen, Guangdong",CN,China,22.73911,113.80547,Electronics,Apple [Public List] (Apple 2019 Facility List),,,,,,,False,,,,,,,,,,,,,,,,,,,,,,,,,,,,,,,,,,,,,,,,,,,,,,,,,,,,,,,,,,,,,,,,,,,,,,,,,,,,,,,,,,,,,,,,,,,,,,,,,,,,,,,,,,,,,,,,,,,,,,,,,,,,,,,,,,
CN2022301T2G5P2,2022-10-24,Lite-On Technology Corporation,"No. 11 Fuyuan Road, Wuqing Development Area, Tianjin",CN,China,39.2583,116.91574,Electronics,Apple [Public List] (Apple 2019 Facility List),,,,,,,False,,,,,,,,,,,,,,,,,,,,,,,,,,,,,,,,,,,,,,,,,,,,,,,,,,,,,,,,,,,,,,,,,,,,,,,,,,,,,,,,,,,,,,,,,,,,,,,,,,,,,,,,,,,,,,,,,,,,,,,,,,,,,,,,,,
CN2022301XMHFGW,2022-10-24,Compal Electronics Incorporated,"No 25, 3rd Avenue, Zone A of Kunshan Processing Zone, Kunshan, Jiangsu",CN,China,31.1823199,121.00715,Computers|Electronics,Apple [Public List] (Apple 2019 Facility List)|A Brand / Retailer|HP [Public List] (HP December 2021 Facility List)|A Civil Society Organization|Dell [Public List] (Dell 2021 Facility List),3420,"Compal Electronics, Inc.|Compal",Other direct material suppliers,,Other direct material suppliers,PC|Parts/Components,False,,,,,,,,,,,,,,,,,,,,,,,,,,,,,,,,,,,,,,,,,,,,,,,,,,,,,,,,,,,,,,,,,,,,,,,,,,,,,,,,,,,,,,,,,,,,,,,,,,,,,,,,,,,,,,,,,,,,,,,,,,,,,,,,,,
CN2023341H51K5F,2022-10-24,AAC Technologies Holdings Incorporated,"No. 66 Yanghuxi Road, Wujin District, Changzhou, Jiangsu",CN,China,31.64636,120.08263,Electronics,Apple [Public List] (Apple 2019 Facility List),,,,,,,False,,,,,,,,,,,,,,,,,,,,,,,,,,,,,,,,,,,,,,,,,,,,,,,,,,,,,,,,,,,,,,,,,,,,,,,,,,,,,,,,,,,,,,,,,,,,,,,,,,,,,,,,,,,,,,,,,,,,,,,,,,,,,,,,,,
CN2024290R7840F,2022-10-24,Hon Hai Precision Industry Company Limited (Foxconn),"No. 889 Fushikang Road, High Technology Industry Park, Kunshan Development Zone, Kunshan, Jiangsu",CN,China,31.417987,120.9503752,Electronics,Apple [Public List] (Apple 2019 Facility List),,,,,,,False,,,,,,,,,,,,,,,,,,,,,,,,,,,,,,,,,,,,,,,,,,,,,,,,,,,,,,,,,,,,,,,,,,,,,,,,,,,,,,,,,,,,,,,,,,,,,,,,,,,,,,,,,,,,,,,,,,,,,,,,,,,,,,,,,,
CR2022297JY2V5Z,2022-10-24,Qorvo Incorporated,"Zona Franca Metropolitana, Barreal De Heredia, Apartado 144-3006, Haredia",CR,Costa Rica,9.9789823,-84.1382368,Electronics,Apple [Public List] (Apple 2019 Facility List),,,,,,,False,,,,,,,,,,,,,,,,,,,,,,,,,,,,,,,,,,,,,,,,,,,,,,,,,,,,,,,,,,,,,,,,,,,,,,,,,,,,,,,,,,,,,,,,,,,,,,,,,,,,,,,,,,,,,,,,,,,,,,,,,,,,,,,,,,
CZ20222979VEJF8,2022-10-24,Pegatron Corporation,"Na Rovince 862, 720 00 Ostrava, Hrabova",CZ,Czech Republic,49.77167,18.2653255,Electronics,Apple [Public List] (Apple 2019 Facility List),,,,,,,False,,,,,,,,,,,,,,,,,,,,,,,,,,,,,,,,,,,,,,,,,,,,,,,,,,,,,,,,,,,,,,,,,,,,,,,,,,,,,,,,,,,,,,,,,,,,,,,,,,,,,,,,,,,,,,,,,,,,,,,,,,,,,,,,,,
CZ2022297VPHX6T,2022-10-24,ON Semiconductor Corporation,"Bozeny Nemcove 1720, Roznov Pod Radhostem",CZ,Czech Republic,49.45678669999999,18.1476959,Electronics,Apple [Public List] (Apple 2019 Facility List),,,,,,,False,,,,,,,,,,,,,,,,,,,,,,,,,,,,,,,,,,,,,,,,,,,,,,,,,,,,,,,,,,,,,,,,,,,,,,,,,,,,,,,,,,,,,,,,,,,,,,,,,,,,,,,,,,,,,,,,,,,,,,,,,,,,,,,,,,
DE20222976J86RZ,2022-10-24,Qualcomm Incorporated,"Anzinger Strasse 13, Munich",DE,Germany,48.1210906,11.6078549,Electronics,Apple [Public List] (Apple 2019 Facility List),,,,,,,False,,,,,,,,,,,,,,,,,,,,,,,,,,,,,,,,,,,,,,,,,,,,,,,,,,,,,,,,,,,,,,,,,,,,,,,,,,,,,,,,,,,,,,,,,,,,,,,,,,,,,,,,,,,,,,,,,,,,,,,,,,,,,,,,,,
DE20222979W1ZAG,2023-12-13,Henkel AG & Co. KGaA,"Kirchheimer Str. 9, 73441, Bopfingen",DE,Germany,48.86004,10.35427,Aerospace|Automotive|Chemicals|Electronics|Energy|Furniture|Manufacturing|Rail Transportation,Apple [Public List] (Apple 2019 Facility List)|Henkel [Public List] (Henkel December 2023 Facility List),,Henkel AG & Co. KGaA,,,,Metals|Labels|Power Generation and Conversion|Tapes|Telecom Infracstructure|Data|Building Components|Graphics|Medical|Industrial Maintenance and Repair (MRO)|Fashion|Engineered Wood|Packaging & Paper|Sports|Personal Hygiene Adhesives,False,,,,,,,,,,,,,,,,,,,,,,,,,,,,,,,,,,,,,,,,,,,,,,,,,,,,,,,,,,,,,,,,,,,,,,,,,,,,,,,,,,,,,,,,,,,,,,,,,,,,,,,,,,,,,,,,,,,,,,,,,,,,,,,,,,
DE2022297JNR4PT,2022-10-24,Texas Instruments Incorporated,"Haggertystrasse 1, Freising, Bavaria",DE,Germany,48.39778,11.77214,Electronics,Apple [Public List] (Apple 2019 Facility List),,,,,,,False,,,,,,,,,,,,,,,,,,,,,,,,,,,,,,,,,,,,,,,,,,,,,,,,,,,,,,,,,,,,,,,,,,,,,,,,,,,,,,,,,,,,,,,,,,,,,,,,,,,,,,,,,,,,,,,,,,,,,,,,,,,,,,,,,,
DE2022297NPJ1MK,2022-10-24,Diodes Incorporated,"Waldweg 7, Neuhaus am Rennweg, Thuringia",DE,Germany,50.504999,11.1332207,Electronics,Apple [Public List] (Apple 2019 Facility List),,,,,,,False,,,,,,,,,,,,,,,,,,,,,,,,,,,,,,,,,,,,,,,,,,,,,,,,,,,,,,,,,,,,,,,,,,,,,,,,,,,,,,,,,,,,,,,,,,,,,,,,,,,,,,,,,,,,,,,,,,,,,,,,,,,,,,,,,,
DE2022297R8W0EB,2022-10-24,Wickeder Group,"Hauptstrasse 6, Wickede (Ruhr), North Rhine-Westphalia",DE,Germany,51.4921786,7.868514999999999,Electronics,Apple [Public List] (Apple 2019 Facility List),,,,,,,False,,,,,,,,,,,,,,,,,,,,,,,,,,,,,,,,,,,,,,,,,,,,,,,,,,,,,,,,,,,,,,,,,,,,,,,,,,,,,,,,,,,,,,,,,,,,,,,,,,,,,,,,,,,,,,,,,,,,,,,,,,,,,,,,,,
DE2022297WT599E,2022-10-24,Infineon Technologies AG,"Konigsbrucker Str. 180, Dresden, Saxony",DE,Germany,51.10397589999999,13.7758635,Electrical Devices|Electronic Product Manufacturing|Electronics|Energy|Information|Research,Infineon Technologies [Public List] (Infineon Technologies - September 2024 Production Locations List)|Apple [Public List] (Apple 2019 Facility List),,,Production,,Production,,False,,,,,,,,,,,,,,,,,,,,,,,,,,,,,,,,,,,,,,,,,,,,,,,,,,,,,,,,,,,,,,,,,,,,,,,,,,,,,,,,,,,,,,,,,,,,,,,,,,,,,,,,,,,,,,,,,,,,,,,,,,,,,,,,,,
DE2022297Z7MDZ7,2022-10-24,Infineon Technologies AG,"Wernerwerkstr. 2, Regensburg, Bavaria",DE,Germany,49.0220749,12.0555211,Electrical Devices|Electronic Product Manufacturing|Electronics|Energy|Information|Research,Infineon Technologies [Public List] (Infineon Technologies - September 2024 Production Locations List)|Apple [Public List] (Apple 2019 Facility List),,,Production,,Production,,False,,,,,,,,,,,,,,,,,,,,,,,,,,,,,,,,,,,,,,,,,,,,,,,,,,,,,,,,,,,,,,,,,,,,,,,,,,,,,,,,,,,,,,,,,,,,,,,,,,,,,,,,,,,,,,,,,,,,,,,,,,,,,,,,,,
FR20222978CDD31,2022-10-24,Microchip Technology Incorporated,"44306 Nantes Cedex 3, Nantes",FR,France,47.218371,-1.553621,Electronics,Apple [Public List] (Apple 2019 Facility List),,,,,,,False,,,,,,,,,,,,,,,,,,,,,,,,,,,,,,,,,,,,,,,,,,,,,,,,,,,,,,,,,,,,,,,,,,,,,,,,,,,,,,,,,,,,,,,,,,,,,,,,,,,,,,,,,,,,,,,,,,,,,,,,,,,,,,,,,,
FR2022297PSRCX0,2022-10-24,STMicroelectronics N.V.,"16, rue Pierre et Marie Curie, Tours",FR,France,47.4287007,0.6855443,Electronics,Apple [Public List] (Apple 2019 Facility List),,,,,,,False,,,,,,,,,,,,,,,,,,,,,,,,,,,,,,,,,,,,,,,,,,,,,,,,,,,,,,,,,,,,,,,,,,,,,,,,,,,,,,,,,,,,,,,,,,,,,,,,,,,,,,,,,,,,,,,,,,,,,,,,,,,,,,,,,,
FR2022297QJ2N9S,2022-10-24,STMicroelectronics N.V.,"190 Avenue Celestin Coq Zone Industrielle, Rousset",FR,France,43.4751498,5.5975679,Electronics,Apple [Public List] (Apple 2019 Facility List),,,,,,,False,,,,,,,,,,,,,,,,,,,,,,,,,,,,,,,,,,,,,,,,,,,,,,,,,,,,,,,,,,,,,,,,,,,,,,,,,,,,,,,,,,,,,,,,,,,,,,,,,,,,,,,,,,,,,,,,,,,,,,,,,,,,,,,,,,
FR2022297TQGFQQ,2022-10-24,STMicroelectronics N.V.,"850, rue Jean Monnet, Crolles",FR,France,45.26710689999999,5.8844946,Electronics,Apple [Public List] (Apple 2019 Facility List),,,,,,,False,,,,,,,,,,,,,,,,,,,,,,,,,,,,,,,,,,,,,,,,,,,,,,,,,,,,,,,,,,,,,,,,,,,,,,,,,,,,,,,,,,,,,,,,,,,,,,,,,,,,,,,,,,,,,,,,,,,,,,,,,,,,,,,,,,
GB20222972B4BRN,2022-10-24,CCL Design (Suzhou) Company Limited,"4 Redwood Crescent, Peel Park, East Kilbride, Scotland",GB,United Kingdom,55.7679732,-4.227629299999999,Electronics,Apple [Public List] (Apple 2019 Facility List),,,,,,,False,,,,,,,,,,,,,,,,,,,,,,,,,,,,,,,,,,,,,,,,,,,,,,,,,,,,,,,,,,,,,,,,,,,,,,,,,,,,,,,,,,,,,,,,,,,,,,,,,,,,,,,,,,,,,,,,,,,,,,,,,,,,,,,,,,
GB202229743WJPC,2022-10-24,Microchip Technology Incorporated,"Unit 6, Mitchell Point, Ensign Way, Hamble-le-Rice, Hampshire",GB,United Kingdom,50.8570522,-1.3263113,Electronics,Apple [Public List] (Apple 2019 Facility List),,,,,,,False,,,,,,,,,,,,,,,,,,,,,,,,,,,,,,,,,,,,,,,,,,,,,,,,,,,,,,,,,,,,,,,,,,,,,,,,,,,,,,,,,,,,,,,,,,,,,,,,,,,,,,,,,,,,,,,,,,,,,,,,,,,,,,,,,,
GB20222978R55X8,2022-10-24,Diodes Zetex Semiconductors,"Zetex Technology Park Chadderton, Oldham, England, OL9 9LL",GB,United Kingdom,53.5414009,-2.1376183,Electronics,"A Brand / Retailer|Amazon.com, Inc. (Amazon Facility List 2026)|Amazon.com, Inc. (Amazon Facility List 2024)|Amazon.com, Inc. (Amazon Facility List 2022)|Apple [Public List] (Apple 2019 Facility List)|Amazon.com, Inc. (Amazon Facility List 2023)",101-500|406,,Finished goods,,Finished goods|Finished goods,,False,,,,,,,,,,,,,,,,,,,,,,,,,,,,,,,,,,,,,,,,,,,,,,,,,,,,,,,,,,,,,,,,,,,,,,,,,,,,,,,,,,,,,,,,,,,,,,,,,,,,,,,,,,,,,,,,,,,,,,,,,,,,,,,,,,
GB2022297F64475,2022-10-24,CCL Design (Suzhou) Company Limited,"6 Redwood Crescent, Peel Park, East Kilbride, Scotland",GB,United Kingdom,55.7679862,-4.2275974,Electronics,Apple [Public List] (Apple 2019 Facility List),,,,,,,False,,,,,,,,,,,,,,,,,,,,,,,,,,,,,,,,,,,,,,,,,,,,,,,,,,,,,,,,,,,,,,,,,,,,,,,,,,,,,,,,,,,,,,,,,,,,,,,,,,,,,,,,,,,,,,,,,,,,,,,,,,,,,,,,,,
ID202229748VCRG,2022-10-24,Panasonic Corporation,"Jalan Raya Jakarta Bogor Km 35, Kel. Sukamaju Baru, Kec. Tapos, Jawa Barat",ID,Indonesia,-6.4032638,106.8635993,Electronics,Apple [Public List] (Apple 2019 Facility List),,,,,,,False,,,,,,,,,,,,,,,,,,,,,,,,,,,,,,,,,,,,,,,,,,,,,,,,,,,,,,,,,,,,,,,,,,,,,,,,,,,,,,,,,,,,,,,,,,,,,,,,,,,,,,,,,,,,,,,,,,,,,,,,,,,,,,,,,,
ID2022297FHFT0E,2022-10-24,KEMET Corporation,"Lot 336, Batamindo Industry Park, Jl. Gaharu, Muka Kuning, Nongsa, Kota Batam, Kepulauan Riau",ID,Indonesia,1.062268,104.0306819,Electronics,Apple [Public List] (Apple 2019 Facility List),,,,,,,False,,,,,,,,,,,,,,,,,,,,,,,,,,,,,,,,,,,,,,,,,,,,,,,,,,,,,,,,,,,,,,,,,,,,,,,,,,,,,,,,,,,,,,,,,,,,,,,,,,,,,,,,,,,,,,,,,,,,,,,,,,,,,,,,,,
ID2022297K90TQJ,2022-10-24,Panasonic Corporation,"Kawasan Industri MM2100 Blok.O-1-1 Kecamatan Cikarang Barat, Kabupaten Bekasi, Jawa Barat",ID,Indonesia,-6.298197,107.0776358,Electronics|Unspecified,"Apple [Public List] (Apple 2019 Facility List)|Apple [Public List] (Apple 2019 Facility List)|Amazon.com, Inc. (Amazon Facility List 2022)|Amazon.com, Inc. (Amazon Facility List 2023)",1000,,,,,Home Goods,False,,,,,,,,,,,,,,,,,,,,,,,,,,,,,,,,,,,,,,,,,,,,,,,,,,,,,,,,,,,,,,,,,,,,,,,,,,,,,,,,,,,,,,,,,,,,,,,,,,,,,,,,,,,,,,,,,,,,,,,,,,,,,,,,,,
ID2022297XVQAKH,2022-10-24,Coilcraft Incorporated,"Jln Aster, Lot SD37-38, Lobam, Bintan",ID,Indonesia,1.00736,104.2570841,Electronics,Apple [Public List] (Apple 2019 Facility List),,,,,,,False,,,,,,,,,,,,,,,,,,,,,,,,,,,,,,,,,,,,,,,,,,,,,,,,,,,,,,,,,,,,,,,,,,,,,,,,,,,,,,,,,,,,,,,,,,,,,,,,,,,,,,,,,,,,,,,,,,,,,,,,,,,,,,,,,,
IE2022289084FDF,2022-10-16,Intel,"Collinstown Industrial Park, Leixlip, County Kildare, Ireland",IE,Ireland,53.36384280000001,-6.4900033,Electronics,Dell [Public List] (Dell 2021 Facility List)|Apple [Public List] (Apple 2019 Facility List),,Intel,Other direct material suppliers,,Other direct material suppliers,Parts/Components,False,,,,,,,,,,,,,,,,,,,,,,,,,,,,,,,,,,,,,,,,,,,,,,,,,,,,,,,,,,,,,,,,,,,,,,,,,,,,,,,,,,,,,,,,,,,,,,,,,,,,,,,,,,,,,,,,,,,,,,,,,,,,,,,,,,
IL20222897E1KH8,2022-10-24,Intel Corporation,"New Industrial Area 2 Tzoran Street, Kiryat Gat",IL,Israel,31.606178,34.783263,Electronics,Dell [Public List] (Dell 2021 Facility List)|Apple [Public List] (Apple 2019 Facility List),,Intel,Other direct material suppliers,,Other direct material suppliers,Parts/Components,False,,,,,,,,,,,,,,,,,,,,,,,,,,,,,,,,,,,,,,,,,,,,,,,,,,,,,,,,,,,,,,,,,,,,,,,,,,,,,,,,,,,,,,,,,,,,,,,,,,,,,,,,,,,,,,,,,,,,,,,,,,,,,,,,,,
IN2022289PGJ1Y7,2022-10-16,Flex Ltd.,"Plot 3, Phase II, SIPCOT Industrial Park Sriperumbudur Taluk, Kancheepuram",IN,India,12.8966598,79.9101668,Electronics,A Brand / Retailer|HP [Public List] (HP December 2021 Facility List)|Apple [Public List] (Apple 2019 Facility List),3579,Flex Ltd.,,,,PC,False,,,,,,,,,,,,,,,,,,,,,,,,,,,,,,,,,,,,,,,,,,,,,,,,,,,,,,,,,,,,,,,,,,,,,,,,,,,,,,,,,,,,,,,,,,,,,,,,,,,,,,,,,,,,,,,,,,,,,,,,,,,,,,,,,,
IN202229784ACJ3,2022-10-24,CCL Design (Suzhou) Company Limited,"A1-D, Industrial Complex, Anna Salai Maralmalai Nagar, Kancheepuram District, Chennai, Tamilnadu",IN,India,12.7865585,80.0386468,Electronics,Apple [Public List] (Apple 2019 Facility List),,,,,,,False,,,,,,,,,,,,,,,,,,,,,,,,,,,,,,,,,,,,,,,,,,,,,,,,,,,,,,,,,,,,,,,,,,,,,,,,,,,,,,,,,,,,,,,,,,,,,,,,,,,,,,,,,,,,,,,,,,,,,,,,,,,,,,,,,,
IN2022297JR31FC,2022-10-24,Hon Hai Precision Industry Company Limited (Foxconn),"Plot No.M-2B, SIPCOT Industrial Park, Phase II, Hi-Tech SEZ, DTA Area, Chennai-Bangalore National Highway (NH4), Sunguvarchatram, Kanchipuram, Tamilnadu",IN,India,12.9245859,79.8789943,Electronics,Apple [Public List] (Apple 2019 Facility List),,,,,,,False,,,,,,,,,,,,,,,,,,,,,,,,,,,,,,,,,,,,,,,,,,,,,,,,,,,,,,,,,,,,,,,,,,,,,,,,,,,,,,,,,,,,,,,,,,,,,,,,,,,,,,,,,,,,,,,,,,,,,,,,,,,,,,,,,,
IN2022297RZGKPZ,2022-10-24,Wistron Corporation,"No. 93, Industrial Suburb Ii Stage, Yeshwanthpur City, Bangalore",IN,India,13.0272304,77.5286213,Electronics,Apple [Public List] (Apple 2019 Facility List),,,,,,,False,,,,,,,,,,,,,,,,,,,,,,,,,,,,,,,,,,,,,,,,,,,,,,,,,,,,,,,,,,,,,,,,,,,,,,,,,,,,,,,,,,,,,,,,,,,,,,,,,,,,,,,,,,,,,,,,,,,,,,,,,,,,,,,,,,
IN2022297SYJBFJ,2022-10-24,Salcomp Plc,"Nokia Telecom SEZ, SIPCOT Industrial Park, Sriperumbudur, Chennai, Tamilnadu",IN,India,13.0826802,80.2707184,Electronics,Apple [Public List] (Apple 2019 Facility List),,,,,,,False,,,,,,,,,,,,,,,,,,,,,,,,,,,,,,,,,,,,,,,,,,,,,,,,,,,,,,,,,,,,,,,,,,,,,,,,,,,,,,,,,,,,,,,,,,,,,,,,,,,,,,,,,,,,,,,,,,,,,,,,,,,,,,,,,,
IN2022297T1RHAX,2022-10-24,Wistron Corporation,"No 30 A, 2nd Phase, Peenya Industrial Area, ABB Circle, Chokkasandra, Bangalore, Karnataka",IN,India,13.0389508,77.515362,Electronics,Apple [Public List] (Apple 2019 Facility List),,,,,,,False,,,,,,,,,,,,,,,,,,,,,,,,,,,,,,,,,,,,,,,,,,,,,,,,,,,,,,,,,,,,,,,,,,,,,,,,,,,,,,,,,,,,,,,,,,,,,,,,,,,,,,,,,,,,,,,,,,,,,,,,,,,,,,,,,,
IN2022297X9X6RG,2022-10-24,Shenzhen YUTO Packaging Technology Company Limited,"No. 78/2, 79 and 82 Iggalur Village, Bangalore, Karnataka",IN,India,12.9276065,77.5862394,Electronics,Apple [Public List] (Apple 2019 Facility List),,,,,,,False,,,,,,,,,,,,,,,,,,,,,,,,,,,,,,,,,,,,,,,,,,,,,,,,,,,,,,,,,,,,,,,,,,,,,,,,,,,,,,,,,,,,,,,,,,,,,,,,,,,,,,,,,,,,,,,,,,,,,,,,,,,,,,,,,,
IN2022297YP256G,2022-10-24,Sunwoda Electronic Company Limited,"D228, OPP. Dainik Jagran, Sector-63, Noida, Uttar Pradesh",IN,India,28.6271001,77.3827926,Electronics,Apple [Public List] (Apple 2019 Facility List),,,,,,,False,,,,,,,,,,,,,,,,,,,,,,,,,,,,,,,,,,,,,,,,,,,,,,,,,,,,,,,,,,,,,,,,,,,,,,,,,,,,,,,,,,,,,,,,,,,,,,,,,,,,,,,,,,,,,,,,,,,,,,,,,,,,,,,,,,
IT202229700HNZT,2022-10-24,STMicroelectronics N.V.,"Via C. Olivetti 2, Agrate, Brianza",IT,Italy,45.5722432,9.3617131,Electronics,Apple [Public List] (Apple 2019 Facility List),,,,,,,False,,,,,,,,,,,,,,,,,,,,,,,,,,,,,,,,,,,,,,,,,,,,,,,,,,,,,,,,,,,,,,,,,,,,,,,,,,,,,,,,,,,,,,,,,,,,,,,,,,,,,,,,,,,,,,,,,,,,,,,,,,,,,,,,,,
JP20222898VW56X,2022-10-16,"Ibiden Co., Ltd.","3-200, Gama-Cho, Ogaki, Gifu Pref, Japan",JP,Japan,35.3822971,136.6017757,Electronics,A Brand / Retailer|Samsung [Public List] (Samsung 2021 Facility List)|Apple [Public List] (Apple 2019 Facility List),,"Ibiden Co., Ltd.",,,,,False,,,,,,,,,,,,,,,,,,,,,,,,,,,,,,,,,,,,,,,,,,,,,,,,,,,,,,,,,,,,,,,,,,,,,,,,,,,,,,,,,,,,,,,,,,,,,,,,,,,,,,,,,,,,,,,,,,,,,,,,,,,,,,,,,,
JP2022289CPT2TB,2022-10-16,Micron Technology,"7-10 Yoshikawa Kogyo Danchi, Higashi, Hiroshima-shi, Hiroshima, Japan",JP,Japan,34.4267058,132.5019101,Electronics,Dell [Public List] (Dell 2021 Facility List)|Apple [Public List] (Apple 2019 Facility List),,Micron Technology,Other direct material suppliers,,Other direct material suppliers,Parts/Components,False,,,,,,,,,,,,,,,,,,,,,,,,,,,,,,,,,,,,,,,,,,,,,,,,,,,,,,,,,,,,,,,,,,,,,,,,,,,,,,,,,,,,,,,,,,,,,,,,,,,,,,,,,,,,,,,,,,,,,,,,,,,,,,,,,,
JP2022289DDP68H,2022-10-16,Hitachi Ltd.,"Grantokyo South Tower, 9-2, Marunou Chi 1-Chome, Chiyoda-Ku, Tokyo, Japan",JP,Japan,35.681473,139.7691718,Electronics,A Brand / Retailer|Samsung [Public List] (Samsung 2021 Facility List)|Apple [Public List] (Apple 2019 Facility List),,Hitachi Ltd.,,,,,False,,,,,,,,,,,,,,,,,,,,,,,,,,,,,,,,,,,,,,,,,,,,,,,,,,,,,,,,,,,,,,,,,,,,,,,,,,,,,,,,,,,,,,,,,,,,,,,,,,,,,,,,,,,,,,,,,,,,,,,,,,,,,,,,,,
JP2022289H6FH3D,2022-10-16,Sharp,"464 Kohgawa, Shiraki-cho, Kameyama City, Mie, Japan",JP,Japan,34.8936375,136.3864672,Electronics,Dell [Public List] (Dell 2021 Facility List)|Apple [Public List] (Apple 2019 Facility List),,Sharp,Other direct material suppliers,,Other direct material suppliers,Displays/LCD,False,,,,,,,,,,,,,,,,,,,,,,,,,,,,,,,,,,,,,,,,,,,,,,,,,,,,,,,,,,,,,,,,,,,,,,,,,,,,,,,,,,,,,,,,,,,,,,,,,,,,,,,,,,,,,,,,,,,,,,,,,,,,,,,,,,
JP202229705MAJ7,2022-10-24,Rohm Company Limited,"21 Saiinmizosakicho, Ukyo Ward, Kyoto",JP,Japan,34.9943389,135.728674,Electronics,Apple [Public List] (Apple 2019 Facility List)|Lenovo [Public List] (Lenovo August 2020 Facility List),,Rohm,,,,IC,False,,,,,,,,,,,,,,,,,,,,,,,,,,,,,,,,,,,,,,,,,,,,,,,,,,,,,,,,,,,,,,,,,,,,,,,,,,,,,,,,,,,,,,,,,,,,,,,,,,,,,,,,,,,,,,,,,,,,,,,,,,,,,,,,,,
JP202229706HSZ1,2022-10-24,Murata Manufacturing Company Limited,"190, Kashiwagi, Komoro, Nagano",JP,Japan,36.3123278,138.4508656,Electronics,Apple [Public List] (Apple 2019 Facility List),,,,,,,False,,,,,,,,,,,,,,,,,,,,,,,,,,,,,,,,,,,,,,,,,,,,,,,,,,,,,,,,,,,,,,,,,,,,,,,,,,,,,,,,,,,,,,,,,,,,,,,,,,,,,,,,,,,,,,,,,,,,,,,,,,,,,,,,,,
JP20222970ER620,2022-10-24,Kyocera Corporation,"1810 Taki-cho, Satsumasendai, Kagoshima",JP,Japan,31.8441199,130.290194,Electronics,Apple [Public List] (Apple 2019 Facility List),,,,,,,False,,,,,,,,,,,,,,,,,,,,,,,,,,,,,,,,,,,,,,,,,,,,,,,,,,,,,,,,,,,,,,,,,,,,,,,,,,,,,,,,,,,,,,,,,,,,,,,,,,,,,,,,,,,,,,,,,,,,,,,,,,,,,,,,,,
JP20222970NAVM0,2022-10-24,"Kaga Toshiba Electoronics Co., Ltd.","1-1, Iwauchi-Machi, Nomi-Shi, Ishikawa, Japan, Nomi-Shi, Ishikawa, 923-1293",JP,Japan,36.4418605,136.5708016,Electronics,"Amazon.com, Inc. (Amazon Facility List 2024)|Amazon.com, Inc. (Amazon Facility List 2022)|Apple [Public List] (Apple 2019 Facility List)|Amazon.com, Inc. (Amazon Facility List 2023)",1000|1043,,Finished goods,,Finished goods,,False,,,,,,,,,,,,,,,,,,,,,,,,,,,,,,,,,,,,,,,,,,,,,,,,,,,,,,,,,,,,,,,,,,,,,,,,,,,,,,,,,,,,,,,,,,,,,,,,,,,,,,,,,,,,,,,,,,,,,,,,,,,,,,,,,,
JP20222970R4H76,2022-10-24,Alps Electric Company Limited,"6-3-36 Furukawa Nakazato, Osaki, Miyagi",JP,Japan,38.5794928,140.9682448,Electronics,Apple [Public List] (Apple 2019 Facility List),,,,,,,False,,,,,,,,,,,,,,,,,,,,,,,,,,,,,,,,,,,,,,,,,,,,,,,,,,,,,,,,,,,,,,,,,,,,,,,,,,,,,,,,,,,,,,,,,,,,,,,,,,,,,,,,,,,,,,,,,,,,,,,,,,,,,,,,,,
JP20222970XRYRX,2022-10-24,Nissha Company Limited,"50 Kamiyobe, Yobe-ku, Himeji, Hyogo",JP,Japan,34.8010379,134.5701807,Electronics,Apple [Public List] (Apple 2019 Facility List),,,,,,,False,,,,,,,,,,,,,,,,,,,,,,,,,,,,,,,,,,,,,,,,,,,,,,,,,,,,,,,,,,,,,,,,,,,,,,,,,,,,,,,,,,,,,,,,,,,,,,,,,,,,,,,,,,,,,,,,,,,,,,,,,,,,,,,,,,
JP20222971538SW,2022-10-24,NOK Corporation,"1650-11-1 Okuhara-cho, Ushiku, Ibaraki",JP,Japan,35.97939640000001,140.14955,Electronics,Apple [Public List] (Apple 2019 Facility List),,,,,,,False,,,,,,,,,,,,,,,,,,,,,,,,,,,,,,,,,,,,,,,,,,,,,,,,,,,,,,,,,,,,,,,,,,,,,,,,,,,,,,,,,,,,,,,,,,,,,,,,,,,,,,,,,,,,,,,,,,,,,,,,,,,,,,,,,,
JP20222971DNYQA,2022-10-24,Ibiden Company Limited,"100-1, Kasanui-cho, Ogaki, Gifu",JP,Japan,35.3743385,136.6061457,Electronics,Apple [Public List] (Apple 2019 Facility List),,,,,,,False,,,,,,,,,,,,,,,,,,,,,,,,,,,,,,,,,,,,,,,,,,,,,,,,,,,,,,,,,,,,,,,,,,,,,,,,,,,,,,,,,,,,,,,,,,,,,,,,,,,,,,,,,,,,,,,,,,,,,,,,,,,,,,,,,,
JP20222971YFVJD,2022-10-24,Pegatron Corporation,"5F, Sagawa Tokyo Logistics Center, 2-2-11 Shinsuna Koto-ku, Tokyo",JP,Japan,35.6688339,139.8268601,Electronics,Apple [Public List] (Apple 2019 Facility List),,,,,,,False,,,,,,,,,,,,,,,,,,,,,,,,,,,,,,,,,,,,,,,,,,,,,,,,,,,,,,,,,,,,,,,,,,,,,,,,,,,,,,,,,,,,,,,,,,,,,,,,,,,,,,,,,,,,,,,,,,,,,,,,,,,,,,,,,,
JP20222972FRK6M,2022-10-24,Murata Manufacturing Company Limited,"10-28, Hananomori 2-chome, Awara, Fukui",JP,Japan,36.2214959,136.2262206,Electronics,Apple [Public List] (Apple 2019 Facility List),,,,,,,False,,,,,,,,,,,,,,,,,,,,,,,,,,,,,,,,,,,,,,,,,,,,,,,,,,,,,,,,,,,,,,,,,,,,,,,,,,,,,,,,,,,,,,,,,,,,,,,,,,,,,,,,,,,,,,,,,,,,,,,,,,,,,,,,,,
JP20222972JNWTH,2022-10-24,JXTG Holdings Incorporated,"3 Kurami, Samukawa, Koza, Kanagawa",JP,Japan,35.3967487,139.3784248,Electronics,Apple [Public List] (Apple 2019 Facility List),,,,,,,False,,,,,,,,,,,,,,,,,,,,,,,,,,,,,,,,,,,,,,,,,,,,,,,,,,,,,,,,,,,,,,,,,,,,,,,,,,,,,,,,,,,,,,,,,,,,,,,,,,,,,,,,,,,,,,,,,,,,,,,,,,,,,,,,,,
JP20222972JTGEY,2022-10-24,Kyocera Corporation,"5850 Higashine-koh ohaza, Higashine, Yamagata",JP,Japan,38.4173312,140.403682,Electronics,"A Brand / Retailer|Amazon.com, Inc. (Amazon Facility List 2026)|Amazon.com, Inc. (Amazon Facility List 2024)|Apple [Public List] (Apple 2019 Facility List)",585,,Finished goods,,Finished goods|Finished goods,,False,,,,,,,,,,,,,,,,,,,,,,,,,,,,,,,,,,,,,,,,,,,,,,,,,,,,,,,,,,,,,,,,,,,,,,,,,,,,,,,,,,,,,,,,,,,,,,,,,,,,,,,,,,,,,,,,,,,,,,,,,,,,,,,,,,
JP20222972K8DZV,2022-10-24,Amkor Technology Incorporated,"1 Ohmaki, Harue-Cho, Harue, Fukui",JP,Japan,35.896227,136.2111579,Electronics,Apple [Public List] (Apple 2019 Facility List),,,,,,,False,,,,,,,,,,,,,,,,,,,,,,,,,,,,,,,,,,,,,,,,,,,,,,,,,,,,,,,,,,,,,,,,,,,,,,,,,,,,,,,,,,,,,,,,,,,,,,,,,,,,,,,,,,,,,,,,,,,,,,,,,,,,,,,,,,
JP20222972Q41P6,2022-10-24,TDK Corporation,"160 Miyazawa, Minami Alps, Yamanashi",JP,Japan,35.5808441,138.4741577,Electronics,Apple [Public List] (Apple 2019 Facility List),,,,,,,False,,,,,,,,,,,,,,,,,,,,,,,,,,,,,,,,,,,,,,,,,,,,,,,,,,,,,,,,,,,,,,,,,,,,,,,,,,,,,,,,,,,,,,,,,,,,,,,,,,,,,,,,,,,,,,,,,,,,,,,,,,,,,,,,,,
JP202229738BZAH,2022-10-24,Kyocera Corporation,"3-11-1 Osachi Kohagi, Okaya, Nagano",JP,Japan,36.0839153,138.0498758,Electronics,Apple [Public List] (Apple 2019 Facility List),,,,,,,False,,,,,,,,,,,,,,,,,,,,,,,,,,,,,,,,,,,,,,,,,,,,,,,,,,,,,,,,,,,,,,,,,,,,,,,,,,,,,,,,,,,,,,,,,,,,,,,,,,,,,,,,,,,,,,,,,,,,,,,,,,,,,,,,,,
JP20222973YM60D,2022-10-24,Panasonic Corporation,"401 Sadamasa, Fukui",JP,Japan,36.1187847,136.2292696,Electronics,Apple [Public List] (Apple 2019 Facility List),,,,,,,False,,,,,,,,,,,,,,,,,,,,,,,,,,,,,,,,,,,,,,,,,,,,,,,,,,,,,,,,,,,,,,,,,,,,,,,,,,,,,,,,,,,,,,,,,,,,,,,,,,,,,,,,,,,,,,,,,,,,,,,,,,,,,,,,,,
JP202229744HZ8J,2022-10-24,Molex Incorporated,"3949-3 Kawanishi, Kanoya, Kagoshima",JP,Japan,31.3519283,130.8814921,Electronics,Apple [Public List] (Apple 2019 Facility List),,,,,,,False,,,,,,,,,,,,,,,,,,,,,,,,,,,,,,,,,,,,,,,,,,,,,,,,,,,,,,,,,,,,,,,,,,,,,,,,,,,,,,,,,,,,,,,,,,,,,,,,,,,,,,,,,,,,,,,,,,,,,,,,,,,,,,,,,,
JP20222974S29D7,2022-10-24,Nichia Corporation,"38-2, Kawamukoichi, Ichiba, Oasa-Cho, Naruto, Tokushima",JP,Japan,34.1345161,134.5251745,Electronics,Apple [Public List] (Apple 2019 Facility List),,,,,,,False,,,,,,,,,,,,,,,,,,,,,,,,,,,,,,,,,,,,,,,,,,,,,,,,,,,,,,,,,,,,,,,,,,,,,,,,,,,,,,,,,,,,,,,,,,,,,,,,,,,,,,,,,,,,,,,,,,,,,,,,,,,,,,,,,,
JP202229754D93M,2022-10-24,Japan Display Incorporated,"26-2 Yamadasenden, Kawakita, Nomi, Ishikawa",JP,Japan,36.4664337,136.5581707,Electronics,Apple [Public List] (Apple 2019 Facility List),,,,,,,False,,,,,,,,,,,,,,,,,,,,,,,,,,,,,,,,,,,,,,,,,,,,,,,,,,,,,,,,,,,,,,,,,,,,,,,,,,,,,,,,,,,,,,,,,,,,,,,,,,,,,,,,,,,,,,,,,,,,,,,,,,,,,,,,,,
JP202229756VHQ0,2022-10-24,Renesas Electronics Corporation,"Horiguchi 751, Hitachi-Naka, Ibaraki",JP,Japan,36.39594659999999,140.5150144,Electronics,Apple [Public List] (Apple 2019 Facility List),,,,,,,False,,,,,,,,,,,,,,,,,,,,,,,,,,,,,,,,,,,,,,,,,,,,,,,,,,,,,,,,,,,,,,,,,,,,,,,,,,,,,,,,,,,,,,,,,,,,,,,,,,,,,,,,,,,,,,,,,,,,,,,,,,,,,,,,,,
JP20222975AE2WD,2022-10-24,TDK Corporation,"1-6 Manganji, Yurihonjo-city, Yurihonjo, Akita",JP,Japan,39.345813,140.0751929,Electronics,Apple [Public List] (Apple 2019 Facility List),,,,,,,False,,,,,,,,,,,,,,,,,,,,,,,,,,,,,,,,,,,,,,,,,,,,,,,,,,,,,,,,,,,,,,,,,,,,,,,,,,,,,,,,,,,,,,,,,,,,,,,,,,,,,,,,,,,,,,,,,,,,,,,,,,,,,,,,,,
JP202229767P694,2022-10-24,Taiyo Yuden (Tamamura),"1796-1, Kawai, Tamamura-machi, Sawa-gun, Gunma 370-1196, Japan, Sawa-gun, Gunma, 370-1196",JP,Japan,36.2914247,139.140663,Electronics,"Amazon.com, Inc. (Amazon Facility List 2024)|Amazon.com, Inc. (Amazon Facility List 2022)|Apple [Public List] (Apple 2019 Facility List)|Amazon.com, Inc. (Amazon Facility List 2023)",1000|2041,,Finished goods,,Finished goods,,False,,,,,,,,,,,,,,,,,,,,,,,,,,,,,,,,,,,,,,,,,,,,,,,,,,,,,,,,,,,,,,,,,,,,,,,,,,,,,,,,,,,,,,,,,,,,,,,,,,,,,,,,,,,,,,,,,,,,,,,,,,,,,,,,,,
JP20222976EHQ2G,2022-10-24,TDK Corporation,"130 Aza Juninomae, Konoura, Nikaho, Akita",JP,Japan,39.2474779,139.9176646,Electronics,Apple [Public List] (Apple 2019 Facility List),,,,,,,False,,,,,,,,,,,,,,,,,,,,,,,,,,,,,,,,,,,,,,,,,,,,,,,,,,,,,,,,,,,,,,,,,,,,,,,,,,,,,,,,,,,,,,,,,,,,,,,,,,,,,,,,,,,,,,,,,,,,,,,,,,,,,,,,,,
JP20222976RQGNC,2022-10-24,Texas Instruments Incorporated,"2, Takaku-Kogyodanchi, Aizuwakamatsu, Fukushima",JP,Japan,37.5373379,139.875486,Electronics,Apple [Public List] (Apple 2019 Facility List),,,,,,,False,,,,,,,,,,,,,,,,,,,,,,,,,,,,,,,,,,,,,,,,,,,,,,,,,,,,,,,,,,,,,,,,,,,,,,,,,,,,,,,,,,,,,,,,,,,,,,,,,,,,,,,,,,,,,,,,,,,,,,,,,,,,,,,,,,
JP202229774RCRS,2022-10-24,Sumitomo Electric Industries Limited,"4-4-98, Kita Inter Kogyou Danchi Ken, Hachinohe, Aomori",JP,Japan,40.513498,141.493223,Electronics,Apple [Public List] (Apple 2019 Facility List),,,,,,,False,,,,,,,,,,,,,,,,,,,,,,,,,,,,,,,,,,,,,,,,,,,,,,,,,,,,,,,,,,,,,,,,,,,,,,,,,,,,,,,,,,,,,,,,,,,,,,,,,,,,,,,,,,,,,,,,,,,,,,,,,,,,,,,,,,
JP20222977DDK39,2022-10-24,Asahi Glass Company Limited,"10 Goikaigan, Ichihara, Chiba",JP,Japan,35.53501079999999,140.0902716,Electronics,Apple [Public List] (Apple 2019 Facility List),,,,,,,False,,,,,,,,,,,,,,,,,,,,,,,,,,,,,,,,,,,,,,,,,,,,,,,,,,,,,,,,,,,,,,,,,,,,,,,,,,,,,,,,,,,,,,,,,,,,,,,,,,,,,,,,,,,,,,,,,,,,,,,,,,,,,,,,,,
JP20222977WF6R2,2022-10-24,Toshiba Corporation,"300 Ikaruga, Taishi-cho, Ibo-Gun, Hyogo",JP,Japan,34.8344424,134.5712285,Electronics,Apple [Public List] (Apple 2019 Facility List),,,,,,,False,,,,,,,,,,,,,,,,,,,,,,,,,,,,,,,,,,,,,,,,,,,,,,,,,,,,,,,,,,,,,,,,,,,,,,,,,,,,,,,,,,,,,,,,,,,,,,,,,,,,,,,,,,,,,,,,,,,,,,,,,,,,,,,,,,
JP20222978GW73G,2022-10-24,Japan Aviation Electronics Industry Limited,"4102-6, Aza Takadaishinden, Oaza Izumida, Shinjo, Yamagata",JP,Japan,38.81232240000001,140.3273055,Electronics,Apple [Public List] (Apple 2019 Facility List),,,,,,,False,,,,,,,,,,,,,,,,,,,,,,,,,,,,,,,,,,,,,,,,,,,,,,,,,,,,,,,,,,,,,,,,,,,,,,,,,,,,,,,,,,,,,,,,,,,,,,,,,,,,,,,,,,,,,,,,,,,,,,,,,,,,,,,,,,
JP20222978PCCCM,2022-10-24,TDK Corporation,"146-1, Haraikawa, Ohuchi-Sankawa, Yurihonjo, Akita",JP,Japan,39.447561,140.1108749,Electronics,Apple [Public List] (Apple 2019 Facility List),,,,,,,False,,,,,,,,,,,,,,,,,,,,,,,,,,,,,,,,,,,,,,,,,,,,,,,,,,,,,,,,,,,,,,,,,,,,,,,,,,,,,,,,,,,,,,,,,,,,,,,,,,,,,,,,,,,,,,,,,,,,,,,,,,,,,,,,,,
JP20222978TCAT4,2022-10-24,Nichia Corporation,"1-19, Tatsumi-Cho, Anan, Tokushima",JP,Japan,33.9341491,134.6863124,Electronics,Apple [Public List] (Apple 2019 Facility List),,,,,,,False,,,,,,,,,,,,,,,,,,,,,,,,,,,,,,,,,,,,,,,,,,,,,,,,,,,,,,,,,,,,,,,,,,,,,,,,,,,,,,,,,,,,,,,,,,,,,,,,,,,,,,,,,,,,,,,,,,,,,,,,,,,,,,,,,,
JP2022297961VMH,2022-10-24,Renesas Electronics Corporation,"89 Nagasaki, Shiranui-cho, Uki, Kumamoto",JP,Japan,32.6473301,130.6536011,Electronics,Apple [Public List] (Apple 2019 Facility List),,,,,,,False,,,,,,,,,,,,,,,,,,,,,,,,,,,,,,,,,,,,,,,,,,,,,,,,,,,,,,,,,,,,,,,,,,,,,,,,,,,,,,,,,,,,,,,,,,,,,,,,,,,,,,,,,,,,,,,,,,,,,,,,,,,,,,,,,,
JP20222979DY1S0,2022-10-24,Taiyo Yuden Company Limited,"1988, Nakanojo, Nakanojo-machi, Agatsuma-gun, Gunma",JP,Japan,36.5840456,138.8431201,Electronics,Apple [Public List] (Apple 2019 Facility List),,,,,,,False,,,,,,,,,,,,,,,,,,,,,,,,,,,,,,,,,,,,,,,,,,,,,,,,,,,,,,,,,,,,,,,,,,,,,,,,,,,,,,,,,,,,,,,,,,,,,,,,,,,,,,,,,,,,,,,,,,,,,,,,,,,,,,,,,,
JP20222979MTH93,2022-10-24,Kyocera Corporation,"1 Mikata, Ayabe, Kyoto",JP,Japan,35.298807,135.2583674,Electronics,Apple [Public List] (Apple 2019 Facility List),,,,,,,False,,,,,,,,,,,,,,,,,,,,,,,,,,,,,,,,,,,,,,,,,,,,,,,,,,,,,,,,,,,,,,,,,,,,,,,,,,,,,,,,,,,,,,,,,,,,,,,,,,,,,,,,,,,,,,,,,,,,,,,,,,,,,,,,,,
JP20222979N3K06,2022-10-24,Panasonic Corporation,"271 Higashi Kaihatsu, Tonami, Toyama",JP,Japan,36.6474737,136.9622228,Electronics,Apple [Public List] (Apple 2019 Facility List),,,,,,,False,,,,,,,,,,,,,,,,,,,,,,,,,,,,,,,,,,,,,,,,,,,,,,,,,,,,,,,,,,,,,,,,,,,,,,,,,,,,,,,,,,,,,,,,,,,,,,,,,,,,,,,,,,,,,,,,,,,,,,,,,,,,,,,,,,
JP20222979QJ54D,2022-10-24,Tsujiden Company Limited,"1313-168, Masuragaharamachi, Omura, Nagasaki",JP,Japan,32.9373067,129.9814753,Electronics,Apple [Public List] (Apple 2019 Facility List),,,,,,,False,,,,,,,,,,,,,,,,,,,,,,,,,,,,,,,,,,,,,,,,,,,,,,,,,,,,,,,,,,,,,,,,,,,,,,,,,,,,,,,,,,,,,,,,,,,,,,,,,,,,,,,,,,,,,,,,,,,,,,,,,,,,,,,,,,
JP20222979VPQPS,2022-10-24,Unimicron Technology Corporation,"573-19 Toiso, Eniwa, Hokkaido",JP,Japan,42.8668752,141.5997827,Electronics,Apple [Public List] (Apple 2019 Facility List),,,,,,,False,,,,,,,,,,,,,,,,,,,,,,,,,,,,,,,,,,,,,,,,,,,,,,,,,,,,,,,,,,,,,,,,,,,,,,,,,,,,,,,,,,,,,,,,,,,,,,,,,,,,,,,,,,,,,,,,,,,,,,,,,,,,,,,,,,
JP2022297A2ZRXJ,2022-10-24,Texas Instruments Incorporated,"2350 Kihara Miho-mura, Inashiki-gun, Miho, Ibaraki",JP,Japan,36.0205711,140.2999787,Electronics,Apple [Public List] (Apple 2019 Facility List),,,,,,,False,,,,,,,,,,,,,,,,,,,,,,,,,,,,,,,,,,,,,,,,,,,,,,,,,,,,,,,,,,,,,,,,,,,,,,,,,,,,,,,,,,,,,,,,,,,,,,,,,,,,,,,,,,,,,,,,,,,,,,,,,,,,,,,,,,
JP2022297A3991J,2022-10-24,Sony Semiconductor Corporation (Nagasaki),"1883-43, Tsukuba-Cho, Isahaya, Nagasaki, ",JP,Japan,32.8434342,130.0531121,Electronics,"A Brand / Retailer|Amazon.com, Inc. (Amazon Facility List 2026)|Amazon.com, Inc. (Amazon Facility List 2024)|Amazon.com, Inc. (Amazon Facility List 2022)|Apple [Public List] (Apple 2019 Facility List)|Amazon.com, Inc. (Amazon Facility List 2023)",0,,Finished goods,,Finished goods|Finished goods,,False,,,,,,,,,,,,,,,,,,,,,,,,,,,,,,,,,,,,,,,,,,,,,,,,,,,,,,,,,,,,,,,,,,,,,,,,,,,,,,,,,,,,,,,,,,,,,,,,,,,,,,,,,,,,,,,,,,,,,,,,,,,,,,,,,,
JP2022297AEB650,2022-10-24,Hirose Electric Company Limited,"46-3 Aza Nishi, Niida, Tagajo-shi, Miyagi",JP,Japan,38.2946323,140.9623337,Electronics,Apple [Public List] (Apple 2019 Facility List),,,,,,,False,,,,,,,,,,,,,,,,,,,,,,,,,,,,,,,,,,,,,,,,,,,,,,,,,,,,,,,,,,,,,,,,,,,,,,,,,,,,,,,,,,,,,,,,,,,,,,,,,,,,,,,,,,,,,,,,,,,,,,,,,,,,,,,,,,
JP2022297AX84V0,2022-10-24,Panasonic Corporation,"4-5-1 Kurihara, Myoko, Niigata",JP,Japan,37.0538661,138.2631422,Electronics,Apple [Public List] (Apple 2019 Facility List),,,,,,,False,,,,,,,,,,,,,,,,,,,,,,,,,,,,,,,,,,,,,,,,,,,,,,,,,,,,,,,,,,,,,,,,,,,,,,,,,,,,,,,,,,,,,,,,,,,,,,,,,,,,,,,,,,,,,,,,,,,,,,,,,,,,,,,,,,
JP2022297AZYKM0,2022-10-24,Panasonic Corporation,"1037-2 Kamiosatsu, Chitose, Hokkaido",JP,Japan,42.8485181,141.6156796,Electronics,Apple [Public List] (Apple 2019 Facility List),,,,,,,False,,,,,,,,,,,,,,,,,,,,,,,,,,,,,,,,,,,,,,,,,,,,,,,,,,,,,,,,,,,,,,,,,,,,,,,,,,,,,,,,,,,,,,,,,,,,,,,,,,,,,,,,,,,,,,,,,,,,,,,,,,,,,,,,,,
JP2022297B09V23,2022-10-24,Nitto Denko Corporation,"455-6, Hongo, Minogo-cho, Onomichi, Hiroshima",JP,Japan,34.4088998,133.2049142,Electronics,Apple [Public List] (Apple 2019 Facility List),,,,,,,False,,,,,,,,,,,,,,,,,,,,,,,,,,,,,,,,,,,,,,,,,,,,,,,,,,,,,,,,,,,,,,,,,,,,,,,,,,,,,,,,,,,,,,,,,,,,,,,,,,,,,,,,,,,,,,,,,,,,,,,,,,,,,,,,,,
JP2022297B0W0RH,2022-10-24,Hirose Electric Company Limited,"191-1 Oaza Urushikawa Aza Tamatsubaki, Goshogawara, Aomori",JP,Japan,40.8143144,140.46725,Electronics,Apple [Public List] (Apple 2019 Facility List),,,,,,,False,,,,,,,,,,,,,,,,,,,,,,,,,,,,,,,,,,,,,,,,,,,,,,,,,,,,,,,,,,,,,,,,,,,,,,,,,,,,,,,,,,,,,,,,,,,,,,,,,,,,,,,,,,,,,,,,,,,,,,,,,,,,,,,,,,
JP2022297B4MNER,2022-10-24,Panasonic Corporation,"217 Omachi-cho, Omachi, Saga",JP,Japan,33.2189268,130.1222325,Electronics,Apple [Public List] (Apple 2019 Facility List),,,,,,,False,,,,,,,,,,,,,,,,,,,,,,,,,,,,,,,,,,,,,,,,,,,,,,,,,,,,,,,,,,,,,,,,,,,,,,,,,,,,,,,,,,,,,,,,,,,,,,,,,,,,,,,,,,,,,,,,,,,,,,,,,,,,,,,,,,
JP2022297C3V264,2022-10-24,ON Semiconductor Corporation,"3000 Chiyakou, Ojiya, Niigata",JP,Japan,37.3143204,138.7951216,Electronics,Apple [Public List] (Apple 2019 Facility List),,,,,,,False,,,,,,,,,,,,,,,,,,,,,,,,,,,,,,,,,,,,,,,,,,,,,,,,,,,,,,,,,,,,,,,,,,,,,,,,,,,,,,,,,,,,,,,,,,,,,,,,,,,,,,,,,,,,,,,,,,,,,,,,,,,,,,,,,,
JP2022297C4F4G5,2022-10-24,Hitachi Limited,"4-5, Kashiwabara, Ishioka, Ibaraki",JP,Japan,36.2164952,140.2593807,Electronics,Apple [Public List] (Apple 2019 Facility List),,,,,,,False,,,,,,,,,,,,,,,,,,,,,,,,,,,,,,,,,,,,,,,,,,,,,,,,,,,,,,,,,,,,,,,,,,,,,,,,,,,,,,,,,,,,,,,,,,,,,,,,,,,,,,,,,,,,,,,,,,,,,,,,,,,,,,,,,,
JP2022297CQ27RP,2022-10-24,Murata Manufacturing Company Limited,"Chi-53, Ohmachi, Anamizu-Machi, Housu, Ishikawa",JP,Japan,37.2279797,136.9030868,Electronics,Apple [Public List] (Apple 2019 Facility List),,,,,,,False,,,,,,,,,,,,,,,,,,,,,,,,,,,,,,,,,,,,,,,,,,,,,,,,,,,,,,,,,,,,,,,,,,,,,,,,,,,,,,,,,,,,,,,,,,,,,,,,,,,,,,,,,,,,,,,,,,,,,,,,,,,,,,,,,,
JP2022297CTQYP3,2022-10-24,Taiyo Yuden Company Limited,"4026-22, Inanbar, Inami-cho, Hidaka-gun, Wakayama",JP,Japan,33.8195143,135.2226575,Electronics,Fairphone [Public List] (Fairphone May 2022 Facility List)|A Brand / Retailer|Apple [Public List] (Apple 2019 Facility List),,,,,,Passives,False,,,,,,,,,,,,,,,,,,,,,,,,,,,,,,,,,,,,,,,,,,,,,,,,,,,,,,,,,,,,,,,,,,,,,,,,,,,,,,,,,,,,,,,,,,,,,,,,,,,,,,,,,,,,,,,,,,,,,,,,,,,,,,,,,,
JP2022297D2G27T,2022-10-24,Renesas Electronics Corporation,"111, Nishiyokote-machi, Takasaki, Gunma",JP,Japan,36.3323,139.0700529,Electronics,Apple [Public List] (Apple 2019 Facility List),,,,,,,False,,,,,,,,,,,,,,,,,,,,,,,,,,,,,,,,,,,,,,,,,,,,,,,,,,,,,,,,,,,,,,,,,,,,,,,,,,,,,,,,,,,,,,,,,,,,,,,,,,,,,,,,,,,,,,,,,,,,,,,,,,,,,,,,,,
JP2022297D3VZ73,2022-10-24,Nitto Denko Corporation,"919, Fuke-cho, Kameyama, Mie",JP,Japan,34.8626279,136.4197096,Electronics,Apple [Public List] (Apple 2019 Facility List),,,,,,,False,,,,,,,,,,,,,,,,,,,,,,,,,,,,,,,,,,,,,,,,,,,,,,,,,,,,,,,,,,,,,,,,,,,,,,,,,,,,,,,,,,,,,,,,,,,,,,,,,,,,,,,,,,,,,,,,,,,,,,,,,,,,,,,,,,
JP2022297D76M11,2022-10-24,SMK Corporation,"20-9 Ishi, Juo-Cho, Hitachi, Ibaraki",JP,Japan,36.6713751,140.6859798,Electronics,Apple [Public List] (Apple 2019 Facility List),,,,,,,False,,,,,,,,,,,,,,,,,,,,,,,,,,,,,,,,,,,,,,,,,,,,,,,,,,,,,,,,,,,,,,,,,,,,,,,,,,,,,,,,,,,,,,,,,,,,,,,,,,,,,,,,,,,,,,,,,,,,,,,,,,,,,,,,,,
JP2022297DBT2T0,2022-10-24,Asahi Glass Company Limited,"5-6-1, Umei, Takasago, Hyogo",JP,Japan,34.7630298,134.7696386,Electronics,Apple [Public List] (Apple 2019 Facility List),,,,,,,False,,,,,,,,,,,,,,,,,,,,,,,,,,,,,,,,,,,,,,,,,,,,,,,,,,,,,,,,,,,,,,,,,,,,,,,,,,,,,,,,,,,,,,,,,,,,,,,,,,,,,,,,,,,,,,,,,,,,,,,,,,,,,,,,,,
JP2022297DCZPKK,2022-10-24,Sharp Corporation,"646-7, Shiraki Isshiki, Seki-cho, Kameyama, Mie",JP,Japan,34.887387,136.425146,Electronics,Apple [Public List] (Apple 2019 Facility List),,,,,,,False,,,,,,,,,,,,,,,,,,,,,,,,,,,,,,,,,,,,,,,,,,,,,,,,,,,,,,,,,,,,,,,,,,,,,,,,,,,,,,,,,,,,,,,,,,,,,,,,,,,,,,,,,,,,,,,,,,,,,,,,,,,,,,,,,,
JP2022297DFE98D,2022-10-24,SMK Corporation,"1-1, Yasuuchi, Yatsuo-Machi, Toyama",JP,Japan,36.593312,137.1242133,Electronics,Apple [Public List] (Apple 2019 Facility List),,,,,,,False,,,,,,,,,,,,,,,,,,,,,,,,,,,,,,,,,,,,,,,,,,,,,,,,,,,,,,,,,,,,,,,,,,,,,,,,,,,,,,,,,,,,,,,,,,,,,,,,,,,,,,,,,,,,,,,,,,,,,,,,,,,,,,,,,,
JP2022297DGDKAS,2022-10-24,Murata Manufacturing Company Limited,"345, Uwano, Toyama",JP,Japan,36.6413076,137.2142835,Electronics,Apple [Public List] (Apple 2019 Facility List),,,,,,,False,,,,,,,,,,,,,,,,,,,,,,,,,,,,,,,,,,,,,,,,,,,,,,,,,,,,,,,,,,,,,,,,,,,,,,,,,,,,,,,,,,,,,,,,,,,,,,,,,,,,,,,,,,,,,,,,,,,,,,,,,,,,,,,,,,
JP2022297DKABRZ,2022-10-24,Corning Incorporated,"12117, Obuchi, Kakegawa, Shizuoka",JP,Japan,34.6737943,138.013144,Electronics,Apple [Public List] (Apple 2019 Facility List),,,,,,,False,,,,,,,,,,,,,,,,,,,,,,,,,,,,,,,,,,,,,,,,,,,,,,,,,,,,,,,,,,,,,,,,,,,,,,,,,,,,,,,,,,,,,,,,,,,,,,,,,,,,,,,,,,,,,,,,,,,,,,,,,,,,,,,,,,
JP2022297E80MHD,2022-10-24,Murata Manufacturing Company Limited,"929-0101 Ishikawa-ken, Nomi-shi, Akaimachi, Ha−86, Nomi, Ishikawa",JP,Japan,36.4592365,136.4926783,Electronics,Apple [Public List] (Apple 2019 Facility List),,,,,,,False,,,,,,,,,,,,,,,,,,,,,,,,,,,,,,,,,,,,,,,,,,,,,,,,,,,,,,,,,,,,,,,,,,,,,,,,,,,,,,,,,,,,,,,,,,,,,,,,,,,,,,,,,,,,,,,,,,,,,,,,,,,,,,,,,,
JP2022297EHY5D1,2022-10-24,Rohm Company Limited,"837-1 Aza-Hatakeda, Oaza-Inado, Yukuhashi, Fukuoka",JP,Japan,33.6996364,131.0242775,Electronics,Apple [Public List] (Apple 2019 Facility List),,,,,,,False,,,,,,,,,,,,,,,,,,,,,,,,,,,,,,,,,,,,,,,,,,,,,,,,,,,,,,,,,,,,,,,,,,,,,,,,,,,,,,,,,,,,,,,,,,,,,,,,,,,,,,,,,,,,,,,,,,,,,,,,,,,,,,,,,,
JP2022297F3JPV7,2022-10-24,Murata Manufacturing Company Limited,"77, Fukumoto, Oku-cho, Setouchi, Okayama",JP,Japan,34.6603693,134.0891094,Electronics,Apple [Public List] (Apple 2019 Facility List),,,,,,,False,,,,,,,,,,,,,,,,,,,,,,,,,,,,,,,,,,,,,,,,,,,,,,,,,,,,,,,,,,,,,,,,,,,,,,,,,,,,,,,,,,,,,,,,,,,,,,,,,,,,,,,,,,,,,,,,,,,,,,,,,,,,,,,,,,
JP2022297F5S9PY,2022-10-24,Hirose Electric Company Limited,"63-25 Nishiura Aisaricho, Kitakami, Iwate",JP,Japan,39.2595633,141.1080207,Electronics,Apple [Public List] (Apple 2019 Facility List),,,,,,,False,,,,,,,,,,,,,,,,,,,,,,,,,,,,,,,,,,,,,,,,,,,,,,,,,,,,,,,,,,,,,,,,,,,,,,,,,,,,,,,,,,,,,,,,,,,,,,,,,,,,,,,,,,,,,,,,,,,,,,,,,,,,,,,,,,
JP2022297F68P7C,2022-10-24,Skyworks Solutions Incorporated,"1-2-150 Hirabayashi-Kita, Osaka",JP,Japan,36.6506601,138.2090386,Electronics,Apple [Public List] (Apple 2019 Facility List),,,,,,,False,,,,,,,,,,,,,,,,,,,,,,,,,,,,,,,,,,,,,,,,,,,,,,,,,,,,,,,,,,,,,,,,,,,,,,,,,,,,,,,,,,,,,,,,,,,,,,,,,,,,,,,,,,,,,,,,,,,,,,,,,,,,,,,,,,
JP2022297FSXSN5,2022-10-24,Nichia Corporation,"491 Oka, Kaminaka-cho, Anan, Tokushima",JP,Japan,33.9292904,134.6150151,Electronics,Apple [Public List] (Apple 2019 Facility List),,,,,,,False,,,,,,,,,,,,,,,,,,,,,,,,,,,,,,,,,,,,,,,,,,,,,,,,,,,,,,,,,,,,,,,,,,,,,,,,,,,,,,,,,,,,,,,,,,,,,,,,,,,,,,,,,,,,,,,,,,,,,,,,,,,,,,,,,,
JP2022297FTT6ZT,2022-10-24,Toshiba Corporation,"3500, Oaza Matsuoka, Oita",JP,Japan,33.1795911,131.6660204,Electronics,Apple [Public List] (Apple 2019 Facility List),,,,,,,False,,,,,,,,,,,,,,,,,,,,,,,,,,,,,,,,,,,,,,,,,,,,,,,,,,,,,,,,,,,,,,,,,,,,,,,,,,,,,,,,,,,,,,,,,,,,,,,,,,,,,,,,,,,,,,,,,,,,,,,,,,,,,,,,,,
JP2022297FVR9RN,2022-10-24,Alps Electric Company Limited,"1-3-5 Higashi Takami, Nagaoka, Niigata",JP,Japan,37.9364043,139.0907938,Electronics,Apple [Public List] (Apple 2019 Facility List),,,,,,,False,,,,,,,,,,,,,,,,,,,,,,,,,,,,,,,,,,,,,,,,,,,,,,,,,,,,,,,,,,,,,,,,,,,,,,,,,,,,,,,,,,,,,,,,,,,,,,,,,,,,,,,,,,,,,,,,,,,,,,,,,,,,,,,,,,
JP2022297G7NXFA,2022-10-24,Renesas Electronics Corporation,"1753 Shimonumabe, Nakahara-ku, Kawasaki, Kanagawa",JP,Japan,35.5729834,139.6647933,Electronics,Apple [Public List] (Apple 2019 Facility List),,,,,,,False,,,,,,,,,,,,,,,,,,,,,,,,,,,,,,,,,,,,,,,,,,,,,,,,,,,,,,,,,,,,,,,,,,,,,,,,,,,,,,,,,,,,,,,,,,,,,,,,,,,,,,,,,,,,,,,,,,,,,,,,,,,,,,,,,,
JP2022297GW489K,2022-10-24,Hitachi Limited,"1240-2 Hashima-Cho, Yasugi, Shimane",JP,Japan,35.4401844,133.2529064,Electronics,Apple [Public List] (Apple 2019 Facility List),,,,,,,False,,,,,,,,,,,,,,,,,,,,,,,,,,,,,,,,,,,,,,,,,,,,,,,,,,,,,,,,,,,,,,,,,,,,,,,,,,,,,,,,,,,,,,,,,,,,,,,,,,,,,,,,,,,,,,,,,,,,,,,,,,,,,,,,,,
JP2022297GXA2MZ,2022-10-24,Murata Manufacturing Company Limited,"52, Yanagibashi, Yanagibashimachi, Hakui, Ishikawa",JP,Japan,36.8933342,136.7872223,Electronics,Apple [Public List] (Apple 2019 Facility List),,,,,,,False,,,,,,,,,,,,,,,,,,,,,,,,,,,,,,,,,,,,,,,,,,,,,,,,,,,,,,,,,,,,,,,,,,,,,,,,,,,,,,,,,,,,,,,,,,,,,,,,,,,,,,,,,,,,,,,,,,,,,,,,,,,,,,,,,,
JP2022297H93R4B,2022-10-24,Hirose Electric Company Limited,"3215, Shimoizawa, Fuchumachi, Toyama",JP,Japan,36.6634464,137.1739243,Electronics,Apple [Public List] (Apple 2019 Facility List),,,,,,,False,,,,,,,,,,,,,,,,,,,,,,,,,,,,,,,,,,,,,,,,,,,,,,,,,,,,,,,,,,,,,,,,,,,,,,,,,,,,,,,,,,,,,,,,,,,,,,,,,,,,,,,,,,,,,,,,,,,,,,,,,,,,,,,,,,
JP2022297HG9F0B,2022-10-24,Hirose Electric Company Limited,"21-2 Kubota Dai-2 Chiwariaza Akamae, Miyako, Iwate",JP,Japan,39.6394645,141.9462611,Electronics,"Amazon.com, Inc. (Amazon Facility List 2022)|Apple [Public List] (Apple 2019 Facility List)|Amazon.com, Inc. (Amazon Facility List 2023)",101-500,,,,,,False,,,,,,,,,,,,,,,,,,,,,,,,,,,,,,,,,,,,,,,,,,,,,,,,,,,,,,,,,,,,,,,,,,,,,,,,,,,,,,,,,,,,,,,,,,,,,,,,,,,,,,,,,,,,,,,,,,,,,,,,,,,,,,,,,,
JP2022297HTJD3Z,2022-10-24,Rohm Company Limited,"727 Kihara, Kiyotake-cho, Miyazaki",JP,Japan,31.8519123,131.3711358,Electronics,Apple [Public List] (Apple 2019 Facility List),,,,,,,False,,,,,,,,,,,,,,,,,,,,,,,,,,,,,,,,,,,,,,,,,,,,,,,,,,,,,,,,,,,,,,,,,,,,,,,,,,,,,,,,,,,,,,,,,,,,,,,,,,,,,,,,,,,,,,,,,,,,,,,,,,,,,,,,,,
JP2022297HYTB5B,2022-10-24,Alps Electric Company Limited,"6-1 Nishida, Kakuda, Miyagi",JP,Japan,37.9764896,140.7703089,Electronics,Apple [Public List] (Apple 2019 Facility List),,,,,,,False,,,,,,,,,,,,,,,,,,,,,,,,,,,,,,,,,,,,,,,,,,,,,,,,,,,,,,,,,,,,,,,,,,,,,,,,,,,,,,,,,,,,,,,,,,,,,,,,,,,,,,,,,,,,,,,,,,,,,,,,,,,,,,,,,,
JP2022297J5S8P0,2022-10-24,Hitachi Limited,"19-1, Minami-Suita 2-chome, Osaka",JP,Japan,34.7494744,135.5110749,Electronics,Apple [Public List] (Apple 2019 Facility List),,,,,,,False,,,,,,,,,,,,,,,,,,,,,,,,,,,,,,,,,,,,,,,,,,,,,,,,,,,,,,,,,,,,,,,,,,,,,,,,,,,,,,,,,,,,,,,,,,,,,,,,,,,,,,,,,,,,,,,,,,,,,,,,,,,,,,,,,,
JP2022297JH9KJ3,2022-10-24,Japan Aviation Electronics Industry Limited,"5-1, Oaza Seinofukuro 5-chome, Hirosaki, Aomori",JP,Japan,40.639671,140.4797807,Electronics,Apple [Public List] (Apple 2019 Facility List),,,,,,,False,,,,,,,,,,,,,,,,,,,,,,,,,,,,,,,,,,,,,,,,,,,,,,,,,,,,,,,,,,,,,,,,,,,,,,,,,,,,,,,,,,,,,,,,,,,,,,,,,,,,,,,,,,,,,,,,,,,,,,,,,,,,,,,,,,
JP2022297JZAE3Y,2022-10-24,Kyocera Corporation,"1166-1 Hebimizo-cho, Higashiomi, Shiga",JP,Japan,35.076788,136.190734,Electronics,Apple [Public List] (Apple 2019 Facility List),,,,,,,False,,,,,,,,,,,,,,,,,,,,,,,,,,,,,,,,,,,,,,,,,,,,,,,,,,,,,,,,,,,,,,,,,,,,,,,,,,,,,,,,,,,,,,,,,,,,,,,,,,,,,,,,,,,,,,,,,,,,,,,,,,,,,,,,,,
JP2022297KBS4N2,2022-10-24,ON Semiconductor Corporation,"Shin-Yokohama Chuo Building, 2-100-45 Shin-yokohama, Kohoku-ku, Yokohama, Kanagawa",JP,Japan,35.5076056,139.6172469,Electronics,Apple [Public List] (Apple 2019 Facility List),,,,,,,False,,,,,,,,,,,,,,,,,,,,,,,,,,,,,,,,,,,,,,,,,,,,,,,,,,,,,,,,,,,,,,,,,,,,,,,,,,,,,,,,,,,,,,,,,,,,,,,,,,,,,,,,,,,,,,,,,,,,,,,,,,,,,,,,,,
JP2022297KKZEY3,2022-10-24,Seiko Advance Limited,"1575, Negane, Hasuda, Saitama",JP,Japan,36.0202538,139.635725,Electronics,Apple [Public List] (Apple 2019 Facility List),,,,,,,False,,,,,,,,,,,,,,,,,,,,,,,,,,,,,,,,,,,,,,,,,,,,,,,,,,,,,,,,,,,,,,,,,,,,,,,,,,,,,,,,,,,,,,,,,,,,,,,,,,,,,,,,,,,,,,,,,,,,,,,,,,,,,,,,,,
JP2022297M1TXXV,2022-10-24,Murata Manufacturing Company Limited,"11-1, Nakae 4-chome, Sanuma, Hasama-cho, Tome, Miyagi",JP,Japan,38.6881095,141.187835,Electronics,Apple [Public List] (Apple 2019 Facility List),,,,,,,False,,,,,,,,,,,,,,,,,,,,,,,,,,,,,,,,,,,,,,,,,,,,,,,,,,,,,,,,,,,,,,,,,,,,,,,,,,,,,,,,,,,,,,,,,,,,,,,,,,,,,,,,,,,,,,,,,,,,,,,,,,,,,,,,,,
JP2022297M74X8P,2022-10-24,Sumitomo Electric Industries Limited,"30 Hinokigaoka, Minakuchi-Cho, Kouga-shi, Shiga",JP,Japan,34.991116,136.16043,Electronics,Apple [Public List] (Apple 2019 Facility List),,,,,,,False,,,,,,,,,,,,,,,,,,,,,,,,,,,,,,,,,,,,,,,,,,,,,,,,,,,,,,,,,,,,,,,,,,,,,,,,,,,,,,,,,,,,,,,,,,,,,,,,,,,,,,,,,,,,,,,,,,,,,,,,,,,,,,,,,,
JP2022297MH46WX,2022-10-24,TDK Corporation,"99-19, Aza-Meiji, Oaza-Miyaumi, Sakata, Yamagata",JP,Japan,38.9497751,139.8325336,Electronics,Apple [Public List] (Apple 2019 Facility List),,,,,,,False,,,,,,,,,,,,,,,,,,,,,,,,,,,,,,,,,,,,,,,,,,,,,,,,,,,,,,,,,,,,,,,,,,,,,,,,,,,,,,,,,,,,,,,,,,,,,,,,,,,,,,,,,,,,,,,,,,,,,,,,,,,,,,,,,,
JP2022297MWQXTG,2022-10-24,Kyocera Corporation,"1-1 Kokubuyamashita-cho, Kirishima-shi, Kagoshima",JP,Japan,31.7299128,130.7792328,Electronics,Apple [Public List] (Apple 2019 Facility List),,,,,,,False,,,,,,,,,,,,,,,,,,,,,,,,,,,,,,,,,,,,,,,,,,,,,,,,,,,,,,,,,,,,,,,,,,,,,,,,,,,,,,,,,,,,,,,,,,,,,,,,,,,,,,,,,,,,,,,,,,,,,,,,,,,,,,,,,,
JP2022297NEGNXQ,2022-10-24,Hirose Electric Company Limited,"2-31-1 Toyomane, Yamadacho, Shimoheigun, Miyako, Iwate",JP,Japan,39.5029872,141.8976607,Electronics,Apple [Public List] (Apple 2019 Facility List),,,,,,,False,,,,,,,,,,,,,,,,,,,,,,,,,,,,,,,,,,,,,,,,,,,,,,,,,,,,,,,,,,,,,,,,,,,,,,,,,,,,,,,,,,,,,,,,,,,,,,,,,,,,,,,,,,,,,,,,,,,,,,,,,,,,,,,,,,
JP2022297NJWTXC,2022-10-24,Nissha Company Limited,"Ro49-1 Uwagimachi, Daishoji, Kaga, Ishikawa",JP,Japan,36.2522062,136.3785205,Electronics,Apple [Public List] (Apple 2019 Facility List),,,,,,,False,,,,,,,,,,,,,,,,,,,,,,,,,,,,,,,,,,,,,,,,,,,,,,,,,,,,,,,,,,,,,,,,,,,,,,,,,,,,,,,,,,,,,,,,,,,,,,,,,,,,,,,,,,,,,,,,,,,,,,,,,,,,,,,,,,
JP2022297NK34BC,2022-10-24,Renesas Electronics Corporation,"9-1, Seiran 2-Chome, Otsu, Shiga",JP,Japan,34.9825283,135.9026996,Electronics,Apple [Public List] (Apple 2019 Facility List),,,,,,,False,,,,,,,,,,,,,,,,,,,,,,,,,,,,,,,,,,,,,,,,,,,,,,,,,,,,,,,,,,,,,,,,,,,,,,,,,,,,,,,,,,,,,,,,,,,,,,,,,,,,,,,,,,,,,,,,,,,,,,,,,,,,,,,,,,
JP2022297PDKTBD,2022-10-24,Sony Corporation,"1-11-73 Takarada, Tsuruoka, Yamagata",JP,Japan,38.7452986,139.8365485,Electronics,Apple [Public List] (Apple 2019 Facility List),,,,,,,False,,,,,,,,,,,,,,,,,,,,,,,,,,,,,,,,,,,,,,,,,,,,,,,,,,,,,,,,,,,,,,,,,,,,,,,,,,,,,,,,,,,,,,,,,,,,,,,,,,,,,,,,,,,,,,,,,,,,,,,,,,,,,,,,,,
JP2022297PHQ9XP,2022-10-24,Tsujiden Company Limited,"57-23, Azagomajiri, Hattandago, Higashisonogi, Nagasaki",JP,Japan,33.0290079,129.9529954,Electronics,Apple [Public List] (Apple 2019 Facility List),,,,,,,False,,,,,,,,,,,,,,,,,,,,,,,,,,,,,,,,,,,,,,,,,,,,,,,,,,,,,,,,,,,,,,,,,,,,,,,,,,,,,,,,,,,,,,,,,,,,,,,,,,,,,,,,,,,,,,,,,,,,,,,,,,,,,,,,,,
JP2022297Q60N8C,2022-10-24,Nitto Denko Corporation,"18 Hirayama Nakahara, Toyohashi, Aichi",JP,Japan,34.718605,137.4778511,Electronics,Apple [Public List] (Apple 2019 Facility List),,,,,,,False,,,,,,,,,,,,,,,,,,,,,,,,,,,,,,,,,,,,,,,,,,,,,,,,,,,,,,,,,,,,,,,,,,,,,,,,,,,,,,,,,,,,,,,,,,,,,,,,,,,,,,,,,,,,,,,,,,,,,,,,,,,,,,,,,,
JP2022297Q9X7YM,2022-10-24,Murata Manufacturing Company Limited,"4-1, Higashiokino 4-chome, Higashiomi, Shiga",JP,Japan,35.1026312,136.2158073,Electronics,Apple [Public List] (Apple 2019 Facility List),,,,,,,False,,,,,,,,,,,,,,,,,,,,,,,,,,,,,,,,,,,,,,,,,,,,,,,,,,,,,,,,,,,,,,,,,,,,,,,,,,,,,,,,,,,,,,,,,,,,,,,,,,,,,,,,,,,,,,,,,,,,,,,,,,,,,,,,,,
JP2022297QNW0SK,2022-10-24,Amkor Technology Incorporated,"145-1, Aza-Nakajima, Nanae-cho, Kameda, Hokkaido",JP,Japan,41.86894849999999,140.705551,Electronics,Apple [Public List] (Apple 2019 Facility List),,,,,,,False,,,,,,,,,,,,,,,,,,,,,,,,,,,,,,,,,,,,,,,,,,,,,,,,,,,,,,,,,,,,,,,,,,,,,,,,,,,,,,,,,,,,,,,,,,,,,,,,,,,,,,,,,,,,,,,,,,,,,,,,,,,,,,,,,,
JP2022297QQCFRK,2022-10-24,Nissha Company Limited,"1-2-2 Anotsudai, Tsu city, Mie",JP,Japan,34.7878335,136.5001975,Electronics,Apple [Public List] (Apple 2019 Facility List),,,,,,,False,,,,,,,,,,,,,,,,,,,,,,,,,,,,,,,,,,,,,,,,,,,,,,,,,,,,,,,,,,,,,,,,,,,,,,,,,,,,,,,,,,,,,,,,,,,,,,,,,,,,,,,,,,,,,,,,,,,,,,,,,,,,,,,,,,
JP2022297QQZNWG,2022-10-24,Rohm Company Limited,"100 Tomioka, Kasaoka, Okayama",JP,Japan,34.4986361,133.5301217,Electronics,Apple [Public List] (Apple 2019 Facility List),,,,,,,False,,,,,,,,,,,,,,,,,,,,,,,,,,,,,,,,,,,,,,,,,,,,,,,,,,,,,,,,,,,,,,,,,,,,,,,,,,,,,,,,,,,,,,,,,,,,,,,,,,,,,,,,,,,,,,,,,,,,,,,,,,,,,,,,,,
JP2022297QR9BK8,2022-10-24,TDK Corporation,"543 Otai, Saku, Nagano",JP,Japan,36.3132266,138.4847392,Electronics,Apple [Public List] (Apple 2019 Facility List),,,,,,,False,,,,,,,,,,,,,,,,,,,,,,,,,,,,,,,,,,,,,,,,,,,,,,,,,,,,,,,,,,,,,,,,,,,,,,,,,,,,,,,,,,,,,,,,,,,,,,,,,,,,,,,,,,,,,,,,,,,,,,,,,,,,,,,,,,
JP2022297QXJ3B6,2022-10-24,Asahi Glass Company Limited,"1-8 Machiikedai, Koriyama, Fukushima",JP,Japan,37.4424702,140.3094071,Electronics,Apple [Public List] (Apple 2019 Facility List),,,,,,,False,,,,,,,,,,,,,,,,,,,,,,,,,,,,,,,,,,,,,,,,,,,,,,,,,,,,,,,,,,,,,,,,,,,,,,,,,,,,,,,,,,,,,,,,,,,,,,,,,,,,,,,,,,,,,,,,,,,,,,,,,,,,,,,,,,
JP2022297QXYFXG,2022-10-24,Murata Manufacturing Company Limited,"Chi-18, Sodanimachi, Hakusan, Ishikawa",JP,Japan,36.4934898,136.6190866,Electronics,Apple [Public List] (Apple 2019 Facility List),,,,,,,False,,,,,,,,,,,,,,,,,,,,,,,,,,,,,,,,,,,,,,,,,,,,,,,,,,,,,,,,,,,,,,,,,,,,,,,,,,,,,,,,,,,,,,,,,,,,,,,,,,,,,,,,,,,,,,,,,,,,,,,,,,,,,,,,,,
JP2022297QZTX76,2022-10-24,Murata Manufacturing Company Limited,"93, Hikarimachi, Komatsu, Ishikawa",JP,Japan,36.4021914,136.4580622,Electronics,Apple [Public List] (Apple 2019 Facility List),,,,,,,False,,,,,,,,,,,,,,,,,,,,,,,,,,,,,,,,,,,,,,,,,,,,,,,,,,,,,,,,,,,,,,,,,,,,,,,,,,,,,,,,,,,,,,,,,,,,,,,,,,,,,,,,,,,,,,,,,,,,,,,,,,,,,,,,,,
JP2022297R0AJ5B,2022-10-24,Murata Manufacturing Company Limited,"2-82, 1-chome, Miyukicho, Sabae, Fukui",JP,Japan,35.9768894,136.1968227,Electronics,Apple [Public List] (Apple 2019 Facility List),,,,,,,False,,,,,,,,,,,,,,,,,,,,,,,,,,,,,,,,,,,,,,,,,,,,,,,,,,,,,,,,,,,,,,,,,,,,,,,,,,,,,,,,,,,,,,,,,,,,,,,,,,,,,,,,,,,,,,,,,,,,,,,,,,,,,,,,,,
JP2022297R51GGG,2022-10-24,Murata Manufacturing Company Limited,"1020, Takibe, Toyoshina, Azumino, Nagano",JP,Japan,36.2902601,137.9094547,Electronics,Apple [Public List] (Apple 2019 Facility List),,,,,,,False,,,,,,,,,,,,,,,,,,,,,,,,,,,,,,,,,,,,,,,,,,,,,,,,,,,,,,,,,,,,,,,,,,,,,,,,,,,,,,,,,,,,,,,,,,,,,,,,,,,,,,,,,,,,,,,,,,,,,,,,,,,,,,,,,,
JP2022297R5CAJQ,2022-10-24,Rohm Company Limited,"1164-2 Hiyoshi, Oaza, Hirokawa-cho, Yame, Fukuoka",JP,Japan,33.258273,130.5494276,Electronics,Apple [Public List] (Apple 2019 Facility List),,,,,,,False,,,,,,,,,,,,,,,,,,,,,,,,,,,,,,,,,,,,,,,,,,,,,,,,,,,,,,,,,,,,,,,,,,,,,,,,,,,,,,,,,,,,,,,,,,,,,,,,,,,,,,,,,,,,,,,,,,,,,,,,,,,,,,,,,,
JP2022297RWP589,2022-10-24,MinebeaMitsumi Incorporated,"1007-39, Izumisawa, Chitose, Hokkaido",JP,Japan,42.7935514,141.6115263,Electronics,Apple [Public List] (Apple 2019 Facility List),,,,,,,False,,,,,,,,,,,,,,,,,,,,,,,,,,,,,,,,,,,,,,,,,,,,,,,,,,,,,,,,,,,,,,,,,,,,,,,,,,,,,,,,,,,,,,,,,,,,,,,,,,,,,,,,,,,,,,,,,,,,,,,,,,,,,,,,,,
JP2022297S6H4QX,2022-10-24,Sumitomo Chemical Company Limited,"1-1 Ooe, Niihama, Ehime",JP,Japan,33.9602876,133.2833918,Electronics,Apple [Public List] (Apple 2019 Facility List),,,,,,,False,,,,,,,,,,,,,,,,,,,,,,,,,,,,,,,,,,,,,,,,,,,,,,,,,,,,,,,,,,,,,,,,,,,,,,,,,,,,,,,,,,,,,,,,,,,,,,,,,,,,,,,,,,,,,,,,,,,,,,,,,,,,,,,,,,
JP2022297S9E248,2022-10-24,Rohm Company Limited,"883 Oaza-Kamikitajima, Chikugo, Fukuoka",JP,Japan,33.1957484,130.4936331,Electronics,Apple [Public List] (Apple 2019 Facility List),,,,,,,False,,,,,,,,,,,,,,,,,,,,,,,,,,,,,,,,,,,,,,,,,,,,,,,,,,,,,,,,,,,,,,,,,,,,,,,,,,,,,,,,,,,,,,,,,,,,,,,,,,,,,,,,,,,,,,,,,,,,,,,,,,,,,,,,,,
JP2022297SHEGHB,2022-10-24,Panasonic Corporation,"25 Kowata Nishinaka, Uji, Kyoto",JP,Japan,34.925721,135.7961435,Electronics,Apple [Public List] (Apple 2019 Facility List),,,,,,,False,,,,,,,,,,,,,,,,,,,,,,,,,,,,,,,,,,,,,,,,,,,,,,,,,,,,,,,,,,,,,,,,,,,,,,,,,,,,,,,,,,,,,,,,,,,,,,,,,,,,,,,,,,,,,,,,,,,,,,,,,,,,,,,,,,
JP2022297SPJVS7,2022-10-24,Sony Corporation,"5-1 Noguchi Kita, Kokubu, Kirishima-shi, Kagoshima",JP,Japan,31.73422879999999,130.7510766,Electronics,Apple [Public List] (Apple 2019 Facility List),,,,,,,False,,,,,,,,,,,,,,,,,,,,,,,,,,,,,,,,,,,,,,,,,,,,,,,,,,,,,,,,,,,,,,,,,,,,,,,,,,,,,,,,,,,,,,,,,,,,,,,,,,,,,,,,,,,,,,,,,,,,,,,,,,,,,,,,,,
JP2022297STDWBS,2022-10-24,Alps Electric Company Limited,"41-25, Yanagi-machi, Noda Onahama, Iwaki, Fukushima",JP,Japan,36.9424912,140.8924708,Electronics,Apple [Public List] (Apple 2019 Facility List),,,,,,,False,,,,,,,,,,,,,,,,,,,,,,,,,,,,,,,,,,,,,,,,,,,,,,,,,,,,,,,,,,,,,,,,,,,,,,,,,,,,,,,,,,,,,,,,,,,,,,,,,,,,,,,,,,,,,,,,,,,,,,,,,,,,,,,,,,
JP2022297SVMEFQ,2022-10-24,Nissha Company Limited,"1-1 Hinokigaoka, Minakuchi-cho, Koka, Shiga",JP,Japan,34.991116,136.16043,Electronics,Apple [Public List] (Apple 2019 Facility List),,,,,,,False,,,,,,,,,,,,,,,,,,,,,,,,,,,,,,,,,,,,,,,,,,,,,,,,,,,,,,,,,,,,,,,,,,,,,,,,,,,,,,,,,,,,,,,,,,,,,,,,,,,,,,,,,,,,,,,,,,,,,,,,,,,,,,,,,,
JP2022297TDTHSX,2022-10-24,Skyworks Solutions Incorporated,"1006 Oaza Kadoma, Kadoma, Osaka",JP,Japan,34.7393696,135.5741497,Electronics,Apple [Public List] (Apple 2019 Facility List),,,,,,,False,,,,,,,,,,,,,,,,,,,,,,,,,,,,,,,,,,,,,,,,,,,,,,,,,,,,,,,,,,,,,,,,,,,,,,,,,,,,,,,,,,,,,,,,,,,,,,,,,,,,,,,,,,,,,,,,,,,,,,,,,,,,,,,,,,
JP2022297V1H93B,2022-10-24,Taiyo Yuden Company Limited,"1660, Kamisatomi-machi, Takasaki, Gunma",JP,Japan,36.3794803,138.8822347,Electronics,Apple [Public List] (Apple 2019 Facility List),,,,,,,False,,,,,,,,,,,,,,,,,,,,,,,,,,,,,,,,,,,,,,,,,,,,,,,,,,,,,,,,,,,,,,,,,,,,,,,,,,,,,,,,,,,,,,,,,,,,,,,,,,,,,,,,,,,,,,,,,,,,,,,,,,,,,,,,,,
JP2022297VFHD71,2022-10-24,Molex Incorporated,"1351-2 Sumiyoshi, Yoshida, Haibara-gun, Shizuoka",JP,Japan,34.76304289999999,138.2482171,Electronics,Apple [Public List] (Apple 2019 Facility List),,,,,,,False,,,,,,,,,,,,,,,,,,,,,,,,,,,,,,,,,,,,,,,,,,,,,,,,,,,,,,,,,,,,,,,,,,,,,,,,,,,,,,,,,,,,,,,,,,,,,,,,,,,,,,,,,,,,,,,,,,,,,,,,,,,,,,,,,,
JP2022297VGBXRX,2022-10-24,Dexerials Corporation.,"18 Satsuki-Cho Kanuma-Shi, Kanuma-shi, Tochigi, 322-8501",JP,Japan,36.5407167,139.8013691,Electronics,"A Brand / Retailer|Amazon.com, Inc. (Amazon Facility List 2026)|Amazon.com, Inc. (Amazon Facility List 2024)|Amazon.com, Inc. (Amazon Facility List 2022)|Apple [Public List] (Apple 2019 Facility List)|Amazon.com, Inc. (Amazon Facility List 2023)",0-100|70,,Finished goods,,Finished goods|Finished goods,,False,,,,,,,,,,,,,,,,,,,,,,,,,,,,,,,,,,,,,,,,,,,,,,,,,,,,,,,,,,,,,,,,,,,,,,,,,,,,,,,,,,,,,,,,,,,,,,,,,,,,,,,,,,,,,,,,,,,,,,,,,,,,,,,,,,
JP2022297VM3PC6,2022-10-24,UACJ Corporation,"3-1-12, Chitose Minato-ku, Nagoya, Aichi",JP,Japan,35.1056142,136.8925634,Electronics,Apple [Public List] (Apple 2019 Facility List),,,,,,,False,,,,,,,,,,,,,,,,,,,,,,,,,,,,,,,,,,,,,,,,,,,,,,,,,,,,,,,,,,,,,,,,,,,,,,,,,,,,,,,,,,,,,,,,,,,,,,,,,,,,,,,,,,,,,,,,,,,,,,,,,,,,,,,,,,
JP2022297WBKZY9,2022-10-24,Alps Electric Company Limited,"230, Shibue, Wakuya-cho, Tohda-gun, Miyagi",JP,Japan,38.5387506,141.1222128,Electronics,Apple [Public List] (Apple 2019 Facility List),,,,,,,False,,,,,,,,,,,,,,,,,,,,,,,,,,,,,,,,,,,,,,,,,,,,,,,,,,,,,,,,,,,,,,,,,,,,,,,,,,,,,,,,,,,,,,,,,,,,,,,,,,,,,,,,,,,,,,,,,,,,,,,,,,,,,,,,,,
JP2022297WCA5NY,2022-10-24,NOK Corporation,"2626-19 Sunayama, Kamisu, Ibaraki",JP,Japan,35.8622777,140.7264969,Electronics,Apple [Public List] (Apple 2019 Facility List),,,,,,,False,,,,,,,,,,,,,,,,,,,,,,,,,,,,,,,,,,,,,,,,,,,,,,,,,,,,,,,,,,,,,,,,,,,,,,,,,,,,,,,,,,,,,,,,,,,,,,,,,,,,,,,,,,,,,,,,,,,,,,,,,,,,,,,,,,
JP2022297WDKAD5,2022-10-24,Hirose Electric Company Limited,"509-36, Soejima, Fuchumachi, Toyama",JP,Japan,36.6634464,137.1739243,Electronics,Apple [Public List] (Apple 2019 Facility List),,,,,,,False,,,,,,,,,,,,,,,,,,,,,,,,,,,,,,,,,,,,,,,,,,,,,,,,,,,,,,,,,,,,,,,,,,,,,,,,,,,,,,,,,,,,,,,,,,,,,,,,,,,,,,,,,,,,,,,,,,,,,,,,,,,,,,,,,,
JP2022297WXV23B,2022-10-24,TDK Corporation,"97 Aza Aburada, Yamada, Tsuruoka, Yamagata",JP,Japan,39.0211534,139.8974673,Electronics,Apple [Public List] (Apple 2019 Facility List),,,,,,,False,,,,,,,,,,,,,,,,,,,,,,,,,,,,,,,,,,,,,,,,,,,,,,,,,,,,,,,,,,,,,,,,,,,,,,,,,,,,,,,,,,,,,,,,,,,,,,,,,,,,,,,,,,,,,,,,,,,,,,,,,,,,,,,,,,
JP2022297X706C8,2022-10-24,Murata Manufacturing Company Limited,"1 13-go, Okamotocho, Echizen, Fukui",JP,Japan,35.895976,136.1461036,Electronics,Apple [Public List] (Apple 2019 Facility List),,,,,,,False,,,,,,,,,,,,,,,,,,,,,,,,,,,,,,,,,,,,,,,,,,,,,,,,,,,,,,,,,,,,,,,,,,,,,,,,,,,,,,,,,,,,,,,,,,,,,,,,,,,,,,,,,,,,,,,,,,,,,,,,,,,,,,,,,,
JP2022297XH0B9M,2022-10-24,"Interface Devices Business Unit, Electromechanical Control Business Division, IS Company, Panasonic Corporation","1111-1 Aza Shimokannuki, Kawabe, Okayama, Okayama, 708-8517",JP,Japan,35.06035900000001,134.0418453,Electronics,"Amazon.com, Inc. (Amazon Facility List 2024)|Amazon.com, Inc. (Amazon Facility List 2022)|Apple [Public List] (Apple 2019 Facility List)|Amazon.com, Inc. (Amazon Facility List 2023)",501-1000|144,,Finished goods,,Finished goods,,False,,,,,,,,,,,,,,,,,,,,,,,,,,,,,,,,,,,,,,,,,,,,,,,,,,,,,,,,,,,,,,,,,,,,,,,,,,,,,,,,,,,,,,,,,,,,,,,,,,,,,,,,,,,,,,,,,,,,,,,,,,,,,,,,,,
JP2022297YNGWQ8,2022-10-24,Japan Display Incorporated,"2480-1 Takematsu-machi, Hakusan, Ishikawa",JP,Japan,36.5503112,136.5543594,Electronics,Apple [Public List] (Apple 2019 Facility List),,,,,,,False,,,,,,,,,,,,,,,,,,,,,,,,,,,,,,,,,,,,,,,,,,,,,,,,,,,,,,,,,,,,,,,,,,,,,,,,,,,,,,,,,,,,,,,,,,,,,,,,,,,,,,,,,,,,,,,,,,,,,,,,,,,,,,,,,,
JP2022297YRMXNE,2022-10-24,TDK Corporation,"106-163, 2 Goto, Waga-machi, Kitakami, Iwate",JP,Japan,39.302727,141.024195,Electronics,Apple [Public List] (Apple 2019 Facility List),,,,,,,False,,,,,,,,,,,,,,,,,,,,,,,,,,,,,,,,,,,,,,,,,,,,,,,,,,,,,,,,,,,,,,,,,,,,,,,,,,,,,,,,,,,,,,,,,,,,,,,,,,,,,,,,,,,,,,,,,,,,,,,,,,,,,,,,,,
JP2022297YSHSTD,2022-10-24,Murata Manufacturing Company Limited,"Ozowara, Echizen-cho, Nyu-gun, Fukui",JP,Japan,35.925103,136.0652125,Electronics,Apple [Public List] (Apple 2019 Facility List),,,,,,,False,,,,,,,,,,,,,,,,,,,,,,,,,,,,,,,,,,,,,,,,,,,,,,,,,,,,,,,,,,,,,,,,,,,,,,,,,,,,,,,,,,,,,,,,,,,,,,,,,,,,,,,,,,,,,,,,,,,,,,,,,,,,,,,,,,
JP2022297YXC3MG,2022-10-24,Toshiba Corporation,"800 Yamonoisshiki-Cho, Yokkaichi, Mie",JP,Japan,34.9651064,136.6244121,Electronics,Apple [Public List] (Apple 2019 Facility List),,,,,,,False,,,,,,,,,,,,,,,,,,,,,,,,,,,,,,,,,,,,,,,,,,,,,,,,,,,,,,,,,,,,,,,,,,,,,,,,,,,,,,,,,,,,,,,,,,,,,,,,,,,,,,,,,,,,,,,,,,,,,,,,,,,,,,,,,,
JP2022297YYPWCC,2022-10-24,3M Company,"5500 Oaza Osanagi, Higashine, Yamagata",JP,Japan,38.3978385,140.3922199,Electronics,Apple [Public List] (Apple 2019 Facility List),,,,,,,False,,,,,,,,,,,,,,,,,,,,,,,,,,,,,,,,,,,,,,,,,,,,,,,,,,,,,,,,,,,,,,,,,,,,,,,,,,,,,,,,,,,,,,,,,,,,,,,,,,,,,,,,,,,,,,,,,,,,,,,,,,,,,,,,,,
JP2022297ZGBPY0,2022-10-24,Murata Manufacturing Company Limited,"2308, Kaminaoe, Hikawa-cho, Izumo-City, Shimane",JP,Japan,35.38587450000001,132.8079599,Electronics,Apple [Public List] (Apple 2019 Facility List),,,,,,,False,,,,,,,,,,,,,,,,,,,,,,,,,,,,,,,,,,,,,,,,,,,,,,,,,,,,,,,,,,,,,,,,,,,,,,,,,,,,,,,,,,,,,,,,,,,,,,,,,,,,,,,,,,,,,,,,,,,,,,,,,,,,,,,,,,
JP2022300PHMP0M,2022-10-24,Dexerials Corporation,"12-3 Satuki-cho, Kanuma-shi, Tochigi",JP,Japan,36.548783,139.76597,Electronics,Apple [Public List] (Apple 2019 Facility List),,,,,,,False,,,,,,,,,,,,,,,,,,,,,,,,,,,,,,,,,,,,,,,,,,,,,,,,,,,,,,,,,,,,,,,,,,,,,,,,,,,,,,,,,,,,,,,,,,,,,,,,,,,,,,,,,,,,,,,,,,,,,,,,,,,,,,,,,,
JP2022301KF1R21,2022-10-24,Dexerials Corporation,"1724 Shimotsuboyama, Shimotsuke-shi, Tochigi",JP,Japan,36.3626387,139.8635259,Electronics,Apple [Public List] (Apple 2019 Facility List),,,,,,,False,,,,,,,,,,,,,,,,,,,,,,,,,,,,,,,,,,,,,,,,,,,,,,,,,,,,,,,,,,,,,,,,,,,,,,,,,,,,,,,,,,,,,,,,,,,,,,,,,,,,,,,,,,,,,,,,,,,,,,,,,,,,,,,,,,
KH20222974Q702F,2022-10-24,MinebeaMitsumi Incorporated,"Phnom Penh Special Economic Zone, National Road 4, Sangkat Phleung Chhes Rotes, Khan Posenchey, Phnom Penh",KH,Cambodia,11.520599,104.7788039,Electronics,Apple [Public List] (Apple 2019 Facility List),,,,,,,False,,,,,,,,,,,,,,,,,,,,,,,,,,,,,,,,,,,,,,,,,,,,,,,,,,,,,,,,,,,,,,,,,,,,,,,,,,,,,,,,,,,,,,,,,,,,,,,,,,,,,,,,,,,,,,,,,,,,,,,,,,,,,,,,,,
KR20222896QG6Q0,2022-10-16,Samsung,"Samsung-ro 181 Tangjeung-myeon, Asan-si Chungcheongnam-do, Asan-si, South Korea",KR,"Korea, Republic of",36.8003919,127.0516906,Electronics,Dell [Public List] (Dell 2021 Facility List)|Apple [Public List] (Apple 2019 Facility List),,Samsung,Other direct material suppliers,,Other direct material suppliers,Displays/LCD,False,,,,,,,,,,,,,,,,,,,,,,,,,,,,,,,,,,,,,,,,,,,,,,,,,,,,,,,,,,,,,,,,,,,,,,,,,,,,,,,,,,,,,,,,,,,,,,,,,,,,,,,,,,,,,,,,,,,,,,,,,,,,,,,,,,
KR2022289BEFRTG,2022-10-16,SK Hynix Semiconductor,"2091 Gyeongchung-Daero, Bubal-Eub, Icheon-Si, Gyeonggi-Do, South Korea",KR,"Korea, Republic of",37.250125,127.4834936,Electronics,"Amazon.com, Inc. (Amazon Facility List 2024)|Dell [Public List] (Dell 2021 Facility List)|Amazon.com, Inc. (Amazon Facility List 2022)|Apple [Public List] (Apple 2019 Facility List)|Amazon.com, Inc. (Amazon Facility List 2023)",1000|12627,SK Hynix Semiconductor,Finished goods|Other direct material suppliers,,Other direct material suppliers|Finished goods,Parts/Components,False,,,,,,,,,,,,,,,,,,,,,,,,,,,,,,,,,,,,,,,,,,,,,,,,,,,,,,,,,,,,,,,,,,,,,,,,,,,,,,,,,,,,,,,,,,,,,,,,,,,,,,,,,,,,,,,,,,,,,,,,,,,,,,,,,,
KR2022289EY51R0,2022-10-16,LG Display,"245, LG-ro, Wollong-myeon, Paju-si, Gyeonggi-do, South Korea",KR,"Korea, Republic of",37.8133325,126.7612555,Electronics,Dell [Public List] (Dell 2021 Facility List)|Apple [Public List] (Apple 2019 Facility List),,LG Display,Other direct material suppliers,,Other direct material suppliers,Displays/LCD,False,,,,,,,,,,,,,,,,,,,,,,,,,,,,,,,,,,,,,,,,,,,,,,,,,,,,,,,,,,,,,,,,,,,,,,,,,,,,,,,,,,,,,,,,,,,,,,,,,,,,,,,,,,,,,,,,,,,,,,,,,,,,,,,,,,
KR2022297304398,2022-10-24,Samsung SDI. Company Limited,"333, Noksansaneopjung Road, Kanggeo-gu, Busan",KR,"Korea, Republic of",35.2122157,128.9805666,Electronics,Apple [Public List] (Apple 2019 Facility List),,,,,,,False,,,,,,,,,,,,,,,,,,,,,,,,,,,,,,,,,,,,,,,,,,,,,,,,,,,,,,,,,,,,,,,,,,,,,,,,,,,,,,,,,,,,,,,,,,,,,,,,,,,,,,,,,,,,,,,,,,,,,,,,,,,,,,,,,,
KR20222973B85G0,2022-10-24,LG Chem Limited,"Ochang Technology Park, Oksan-myeon Nanchonri 1114-1, Chengwon Gun, Chungcheongbuk-Do",KR,"Korea, Republic of",36.7149539,127.4220658,Electronics,Apple [Public List] (Apple 2019 Facility List),,,,,,,False,,,,,,,,,,,,,,,,,,,,,,,,,,,,,,,,,,,,,,,,,,,,,,,,,,,,,,,,,,,,,,,,,,,,,,,,,,,,,,,,,,,,,,,,,,,,,,,,,,,,,,,,,,,,,,,,,,,,,,,,,,,,,,,,,,
KR20222974RAN4M,2022-10-24,ON Semiconductor Corporation,"420-711 82-3, Dodang-Dong, Wonmi-District, Bucheon, Gyeonggi-Do",KR,"Korea, Republic of",37.512694,126.7862105,Electronics,Apple [Public List] (Apple 2019 Facility List),,,,,,,False,,,,,,,,,,,,,,,,,,,,,,,,,,,,,,,,,,,,,,,,,,,,,,,,,,,,,,,,,,,,,,,,,,,,,,,,,,,,,,,,,,,,,,,,,,,,,,,,,,,,,,,,,,,,,,,,,,,,,,,,,,,,,,,,,,
KR20222974VXAKE,2022-10-24,LG Innotek Company Limited,"130-65, Sanho-daero, Gumi, Gyeongsangbuk-do",KR,"Korea, Republic of",36.1237662,128.4160417,Electronics,Apple [Public List] (Apple 2019 Facility List),,,,,,,False,,,,,,,,,,,,,,,,,,,,,,,,,,,,,,,,,,,,,,,,,,,,,,,,,,,,,,,,,,,,,,,,,,,,,,,,,,,,,,,,,,,,,,,,,,,,,,,,,,,,,,,,,,,,,,,,,,,,,,,,,,,,,,,,,,
KR20222975G2QPS,2022-10-24,POSCO,"603 Seonggok-dong, Danwon-gu, Ansan, Gyeonggi-Do",KR,"Korea, Republic of",37.3129284,126.7624792,Electronics,Apple [Public List] (Apple 2019 Facility List),,,,,,,False,,,,,,,,,,,,,,,,,,,,,,,,,,,,,,,,,,,,,,,,,,,,,,,,,,,,,,,,,,,,,,,,,,,,,,,,,,,,,,,,,,,,,,,,,,,,,,,,,,,,,,,,,,,,,,,,,,,,,,,,,,,,,,,,,,
KR20222976QJYZ1,2022-10-24,LG Innotek Company Limited,"77, Sanho-daero, Gumi, Gyeongsangbuk-do",KR,"Korea, Republic of",36.090621,128.3834718,Electronics,Apple [Public List] (Apple 2019 Facility List),,,,,,,False,,,,,,,,,,,,,,,,,,,,,,,,,,,,,,,,,,,,,,,,,,,,,,,,,,,,,,,,,,,,,,,,,,,,,,,,,,,,,,,,,,,,,,,,,,,,,,,,,,,,,,,,,,,,,,,,,,,,,,,,,,,,,,,,,,
KR20222977DP6AF,2022-10-24,Rohm Company Limited,"40 Munpyeongseo-ro, 17 Beonan-gil, Daedeok-gu, Daejeon",KR,"Korea, Republic of",36.4442556,127.3981987,Electronics,Apple [Public List] (Apple 2019 Facility List),,,,,,,False,,,,,,,,,,,,,,,,,,,,,,,,,,,,,,,,,,,,,,,,,,,,,,,,,,,,,,,,,,,,,,,,,,,,,,,,,,,,,,,,,,,,,,,,,,,,,,,,,,,,,,,,,,,,,,,,,,,,,,,,,,,,,,,,,,
KR20222977SFBBT,2022-10-24,Samsung Electronics Company Limited,"San No. 16 Banwol-dong, Hwaseong, Gyeonggi-Do",KR,"Korea, Republic of",37.2391824,127.06565,Electronics,Apple [Public List] (Apple 2019 Facility List),,,,,,,False,,,,,,,,,,,,,,,,,,,,,,,,,,,,,,,,,,,,,,,,,,,,,,,,,,,,,,,,,,,,,,,,,,,,,,,,,,,,,,,,,,,,,,,,,,,,,,,,,,,,,,,,,,,,,,,,,,,,,,,,,,,,,,,,,,
KR20222979C5MZ2,2022-10-24,"Seoul Semiconductor Co., Ltd.","97-11, Sandan-Ro 163beon-Gil, Danwon-Gu, Ansan, Gyeonggi, 15429",KR,"Korea, Republic of",37.3166473,126.7847538,Electronics,"Amazon.com, Inc. (Amazon Facility List 2024)|Amazon.com, Inc. (Amazon Facility List 2022)|Apple [Public List] (Apple 2019 Facility List)|Amazon.com, Inc. (Amazon Facility List 2023)",101-500|103,,Finished goods,,Finished goods,,False,,,,,,,,,,,,,,,,,,,,,,,,,,,,,,,,,,,,,,,,,,,,,,,,,,,,,,,,,,,,,,,,,,,,,,,,,,,,,,,,,,,,,,,,,,,,,,,,,,,,,,,,,,,,,,,,,,,,,,,,,,,,,,,,,,
KR2022297BJ4Z2Q,2022-10-24,Jiangsu Changjiang Electronics Technology Company Limited,"191 Jayumuyeok-ro, Jung-gu, Incheon, Gyeonggi-do",KR,"Korea, Republic of",37.4737341,126.6214796,Electronics,Apple [Public List] (Apple 2019 Facility List),,,,,,,False,,,,,,,,,,,,,,,,,,,,,,,,,,,,,,,,,,,,,,,,,,,,,,,,,,,,,,,,,,,,,,,,,,,,,,,,,,,,,,,,,,,,,,,,,,,,,,,,,,,,,,,,,,,,,,,,,,,,,,,,,,,,,,,,,,
KR2022297CJV7TF,2022-10-24,LG Chem Limited,"29, Gwahaksaneop 3-ro, Oksan-myeon, Heungdeok-gu, Cheongju, Chungcheongbuk-Do",KR,"Korea, Republic of",36.6957795,127.4153256,Electronics,Apple [Public List] (Apple 2019 Facility List),,,,,,,False,,,,,,,,,,,,,,,,,,,,,,,,,,,,,,,,,,,,,,,,,,,,,,,,,,,,,,,,,,,,,,,,,,,,,,,,,,,,,,,,,,,,,,,,,,,,,,,,,,,,,,,,,,,,,,,,,,,,,,,,,,,,,,,,,,
KR2022297EE84ZW,2022-10-24,Young Poong Corporation,"62, Beomjigi-Ro, 141Beon-Gill, Ansan, Gyeonggi-do",KR,"Korea, Republic of",37.3083598,126.7868742,Electronics,Apple [Public List] (Apple 2019 Facility List),,,,,,,False,,,,,,,,,,,,,,,,,,,,,,,,,,,,,,,,,,,,,,,,,,,,,,,,,,,,,,,,,,,,,,,,,,,,,,,,,,,,,,,,,,,,,,,,,,,,,,,,,,,,,,,,,,,,,,,,,,,,,,,,,,,,,,,,,,
KR2022297EQNQW2,2022-10-24,Interflex Company Limited,"600 Sunggok-dong, Danwon-gu, Ansan, Gyeonggi-Do",KR,"Korea, Republic of",37.3193953,126.8123263,Electronics,Apple [Public List] (Apple 2019 Facility List),,,,,,,False,,,,,,,,,,,,,,,,,,,,,,,,,,,,,,,,,,,,,,,,,,,,,,,,,,,,,,,,,,,,,,,,,,,,,,,,,,,,,,,,,,,,,,,,,,,,,,,,,,,,,,,,,,,,,,,,,,,,,,,,,,,,,,,,,,
KR2022297EYQPK1,2022-10-24,Derkwoo Electronics Company Limited,"No. 98-23 Cheomdangieop 7-Ro, Gumi, Gyeongsangbuk-Do",KR,"Korea, Republic of",36.1508624,128.4449186,Electronics,Apple [Public List] (Apple 2019 Facility List),,,,,,,False,,,,,,,,,,,,,,,,,,,,,,,,,,,,,,,,,,,,,,,,,,,,,,,,,,,,,,,,,,,,,,,,,,,,,,,,,,,,,,,,,,,,,,,,,,,,,,,,,,,,,,,,,,,,,,,,,,,,,,,,,,,,,,,,,,
KR2022297GEBGGY,2022-10-24,Advanced Semiconductor Engineering Incorporated,"76, Saneopdanji-gil, Paju, Gyeonggi-Do",KR,"Korea, Republic of",37.7277826,126.7136247,Electronics,Apple [Public List] (Apple 2019 Facility List),,,,,,,False,,,,,,,,,,,,,,,,,,,,,,,,,,,,,,,,,,,,,,,,,,,,,,,,,,,,,,,,,,,,,,,,,,,,,,,,,,,,,,,,,,,,,,,,,,,,,,,,,,,,,,,,,,,,,,,,,,,,,,,,,,,,,,,,,,
KR2022297H6YQHJ,2022-10-24,Bumchun Precision Company Limited,"26, Byeolmang-ro 128beon-gil, Danwon-gu (Sihwa Industrial Complex 5Ba 103), Ansan, Gyeonggi-Do",KR,"Korea, Republic of",37.3113434,126.7396817,Electronics,Apple [Public List] (Apple 2019 Facility List),,,,,,,False,,,,,,,,,,,,,,,,,,,,,,,,,,,,,,,,,,,,,,,,,,,,,,,,,,,,,,,,,,,,,,,,,,,,,,,,,,,,,,,,,,,,,,,,,,,,,,,,,,,,,,,,,,,,,,,,,,,,,,,,,,,,,,,,,,
KR2022297J1K320,2022-10-24,Samsung Electronics Company Limited,"465 Beonyeong-ro, Seobuk-gu, Cheonan, Chungcheongnam-do",KR,"Korea, Republic of",36.8414934,127.115099,Electronics,Apple [Public List] (Apple 2019 Facility List),,,,,,,False,,,,,,,,,,,,,,,,,,,,,,,,,,,,,,,,,,,,,,,,,,,,,,,,,,,,,,,,,,,,,,,,,,,,,,,,,,,,,,,,,,,,,,,,,,,,,,,,,,,,,,,,,,,,,,,,,,,,,,,,,,,,,,,,,,
KR2022297KF303X,2022-10-24,Hirose Electric Company Limited,"1261-10, Jeongwang-Dong, Siheung, Gyeonggi-Do",KR,"Korea, Republic of",37.3425683,126.7251219,Electronics,Apple [Public List] (Apple 2019 Facility List),,,,,,,False,,,,,,,,,,,,,,,,,,,,,,,,,,,,,,,,,,,,,,,,,,,,,,,,,,,,,,,,,,,,,,,,,,,,,,,,,,,,,,,,,,,,,,,,,,,,,,,,,,,,,,,,,,,,,,,,,,,,,,,,,,,,,,,,,,
KR2022297KFFCAW,2022-10-24,POSCO,"6261, Donghaean-ro, Nam-gu, Pohang-si, Chilgok-gun, Gyeongsangbuk-do",KR,"Korea, Republic of",35.9985766,129.3829641,Electronics,Apple [Public List] (Apple 2019 Facility List),,,,,,,False,,,,,,,,,,,,,,,,,,,,,,,,,,,,,,,,,,,,,,,,,,,,,,,,,,,,,,,,,,,,,,,,,,,,,,,,,,,,,,,,,,,,,,,,,,,,,,,,,,,,,,,,,,,,,,,,,,,,,,,,,,,,,,,,,,
KR2022297KSW95B,2022-10-24,Amkor Technology Incorporated,"957 Daechon-dong, Buk-gu, Gwangju, Jeollabuk-do",KR,"Korea, Republic of",35.2316456,126.8543697,Electronics,Apple [Public List] (Apple 2019 Facility List),,,,,,,False,,,,,,,,,,,,,,,,,,,,,,,,,,,,,,,,,,,,,,,,,,,,,,,,,,,,,,,,,,,,,,,,,,,,,,,,,,,,,,,,,,,,,,,,,,,,,,,,,,,,,,,,,,,,,,,,,,,,,,,,,,,,,,,,,,
KR2022297PGP4WH,2022-10-24,LG Innotek Company Limited,"50-9, Suchul-daero 7-gil, Gumi, Gyeongsangbuk-do",KR,"Korea, Republic of",36.116175,128.3793249,Electronics,Apple [Public List] (Apple 2019 Facility List),,,,,,,False,,,,,,,,,,,,,,,,,,,,,,,,,,,,,,,,,,,,,,,,,,,,,,,,,,,,,,,,,,,,,,,,,,,,,,,,,,,,,,,,,,,,,,,,,,,,,,,,,,,,,,,,,,,,,,,,,,,,,,,,,,,,,,,,,,
KR2022297PN5M0S,2022-10-24,Taiyo Yuden Company Limited,"116 Bangji-Ri Sanam-Myun, Sachon, Gyeongsangnam-do",KR,"Korea, Republic of",35.0653762,128.0623546,Electronics,Apple [Public List] (Apple 2019 Facility List),,,,,,,False,,,,,,,,,,,,,,,,,,,,,,,,,,,,,,,,,,,,,,,,,,,,,,,,,,,,,,,,,,,,,,,,,,,,,,,,,,,,,,,,,,,,,,,,,,,,,,,,,,,,,,,,,,,,,,,,,,,,,,,,,,,,,,,,,,
KR2022297Q57SBW,2022-10-24,Amkor Technology Incorporated,"Mirae-ro 150, Songdo, Incheon",KR,"Korea, Republic of",37.4527576,126.7044778,Electronics,Apple [Public List] (Apple 2019 Facility List),,,,,,,False,,,,,,,,,,,,,,,,,,,,,,,,,,,,,,,,,,,,,,,,,,,,,,,,,,,,,,,,,,,,,,,,,,,,,,,,,,,,,,,,,,,,,,,,,,,,,,,,,,,,,,,,,,,,,,,,,,,,,,,,,,,,,,,,,,
KR2022297Q5RD5V,2022-10-24,Samsung Electronics Company Limited,"144 Samsung-ro, Godeok-myun, Pyeongtaek-si, Yongin, Gyeonggi-do",KR,"Korea, Republic of",37.7996252,127.1002733,Electronics,Apple [Public List] (Apple 2019 Facility List),,,,,,,False,,,,,,,,,,,,,,,,,,,,,,,,,,,,,,,,,,,,,,,,,,,,,,,,,,,,,,,,,,,,,,,,,,,,,,,,,,,,,,,,,,,,,,,,,,,,,,,,,,,,,,,,,,,,,,,,,,,,,,,,,,,,,,,,,,
KR2022297QD4N1K,2022-10-24,Amkor Technology Incorporated,"110 Anaji-ro, Gyeyang-gu, Incheon",KR,"Korea, Republic of",37.52481849999999,126.7039023,Electronics,Apple [Public List] (Apple 2019 Facility List),,,,,,,False,,,,,,,,,,,,,,,,,,,,,,,,,,,,,,,,,,,,,,,,,,,,,,,,,,,,,,,,,,,,,,,,,,,,,,,,,,,,,,,,,,,,,,,,,,,,,,,,,,,,,,,,,,,,,,,,,,,,,,,,,,,,,,,,,,
KR2022297QSEFMP,2022-10-24,Jiangsu Changjiang Electronics Technology Company Limited,"2091 Gyeongchungdae-ro, Bubal-ebu, Icheon, Gyeonggi-Do",KR,"Korea, Republic of",37.250125,127.4834936,Electronics,Apple [Public List] (Apple 2019 Facility List),,,,,,,False,,,,,,,,,,,,,,,,,,,,,,,,,,,,,,,,,,,,,,,,,,,,,,,,,,,,,,,,,,,,,,,,,,,,,,,,,,,,,,,,,,,,,,,,,,,,,,,,,,,,,,,,,,,,,,,,,,,,,,,,,,,,,,,,,,
KR2022297RQ7DF7,2022-10-24,Samsung Electronics Company Limited,"158 Baebang-Ro Baebang-eup, Asan, Chungcheongnam-do",KR,"Korea, Republic of",36.7660129,127.062473,Electronics,Apple [Public List] (Apple 2019 Facility List),,,,,,,False,,,,,,,,,,,,,,,,,,,,,,,,,,,,,,,,,,,,,,,,,,,,,,,,,,,,,,,,,,,,,,,,,,,,,,,,,,,,,,,,,,,,,,,,,,,,,,,,,,,,,,,,,,,,,,,,,,,,,,,,,,,,,,,,,,
KR2022297SRSYWS,2022-10-24,Pegatron Corporation,"670 Gasan-dong, Geumcheon-gu, Seoul",KR,"Korea, Republic of",37.4681345,126.8861139,Electronics,Apple [Public List] (Apple 2019 Facility List),,,,,,,False,,,,,,,,,,,,,,,,,,,,,,,,,,,,,,,,,,,,,,,,,,,,,,,,,,,,,,,,,,,,,,,,,,,,,,,,,,,,,,,,,,,,,,,,,,,,,,,,,,,,,,,,,,,,,,,,,,,,,,,,,,,,,,,,,,
KR2022297SSESV9,2022-10-24,3M Company,"18 Jangan-Gongdan 1 Gil, Jangan-myeon, Hwaseong, Gyeonggi-Do",KR,"Korea, Republic of",37.0798127,126.8312507,Electronics,Apple [Public List] (Apple 2019 Facility List),,,,,,,False,,,,,,,,,,,,,,,,,,,,,,,,,,,,,,,,,,,,,,,,,,,,,,,,,,,,,,,,,,,,,,,,,,,,,,,,,,,,,,,,,,,,,,,,,,,,,,,,,,,,,,,,,,,,,,,,,,,,,,,,,,,,,,,,,,
KR2022297TRYQMG,2022-10-24,Nitto Denko Corporation,"474, Hyeongok-Ri, Cheongbuk-Myeon, Pyeongtaek, Gyeonggi-Do",KR,"Korea, Republic of",37.0333353,126.9431993,Electronics,Apple [Public List] (Apple 2019 Facility List),,,,,,,False,,,,,,,,,,,,,,,,,,,,,,,,,,,,,,,,,,,,,,,,,,,,,,,,,,,,,,,,,,,,,,,,,,,,,,,,,,,,,,,,,,,,,,,,,,,,,,,,,,,,,,,,,,,,,,,,,,,,,,,,,,,,,,,,,,
KR2022297WE3259,2022-10-24,LG Display Company Limited,"181, 3gongdan 2-ro, Gumi, Gyeongsangbuk-do",KR,"Korea, Republic of",36.0965757,128.403828,Electronics,Apple [Public List] (Apple 2019 Facility List),,,,,,,False,,,,,,,,,,,,,,,,,,,,,,,,,,,,,,,,,,,,,,,,,,,,,,,,,,,,,,,,,,,,,,,,,,,,,,,,,,,,,,,,,,,,,,,,,,,,,,,,,,,,,,,,,,,,,,,,,,,,,,,,,,,,,,,,,,
KR2022297WWJ706,2022-10-24,SK hynix Incorporated,"215, Daesin-ro, Heungdeok-gu, Cheongju, Chungcheongbuk-Do",KR,"Korea, Republic of",36.6519908,127.4308588,Electronics,Apple [Public List] (Apple 2019 Facility List),,,,,,,False,,,,,,,,,,,,,,,,,,,,,,,,,,,,,,,,,,,,,,,,,,,,,,,,,,,,,,,,,,,,,,,,,,,,,,,,,,,,,,,,,,,,,,,,,,,,,,,,,,,,,,,,,,,,,,,,,,,,,,,,,,,,,,,,,,
KR2022297WY75FA,2022-10-24,Nitto Denko Corporation,"1043, Gupo-dong, Gumi, Gyeongsangbuk-do",KR,"Korea, Republic of",36.1360998,128.4347388,Electronics,Apple [Public List] (Apple 2019 Facility List),,,,,,,False,,,,,,,,,,,,,,,,,,,,,,,,,,,,,,,,,,,,,,,,,,,,,,,,,,,,,,,,,,,,,,,,,,,,,,,,,,,,,,,,,,,,,,,,,,,,,,,,,,,,,,,,,,,,,,,,,,,,,,,,,,,,,,,,,,
KR2022297WYCPBW,2022-10-24,Corning Incorporated,"212, Tangjeong-ro,Tangjeong-myeon, Asan, Chungcheongnam-do",KR,"Korea, Republic of",36.813074,127.0571048,Electronics,Apple [Public List] (Apple 2019 Facility List),,,,,,,False,,,,,,,,,,,,,,,,,,,,,,,,,,,,,,,,,,,,,,,,,,,,,,,,,,,,,,,,,,,,,,,,,,,,,,,,,,,,,,,,,,,,,,,,,,,,,,,,,,,,,,,,,,,,,,,,,,,,,,,,,,,,,,,,,,
KR2022297YTWQAA,2022-10-24,LG Innotek Company Limited,"93, 2sunhwan-ro 971beon-gil, Heungdeok-gu, Cheongju, Chungcheongbuk-Do",KR,"Korea, Republic of",36.6488694,127.4301839,Electronics,Apple [Public List] (Apple 2019 Facility List),,,,,,,False,,,,,,,,,,,,,,,,,,,,,,,,,,,,,,,,,,,,,,,,,,,,,,,,,,,,,,,,,,,,,,,,,,,,,,,,,,,,,,,,,,,,,,,,,,,,,,,,,,,,,,,,,,,,,,,,,,,,,,,,,,,,,,,,,,
KR2022297ZMVE6Q,2022-10-24,LG Innotek Company Limited,"66, Suchul-daero 9-gil, Gumi, Gyeongsangbuk-do",KR,"Korea, Republic of",36.1161253,128.3813419,Electronics,Apple [Public List] (Apple 2019 Facility List),,,,,,,False,,,,,,,,,,,,,,,,,,,,,,,,,,,,,,,,,,,,,,,,,,,,,,,,,,,,,,,,,,,,,,,,,,,,,,,,,,,,,,,,,,,,,,,,,,,,,,,,,,,,,,,,,,,,,,,,,,,,,,,,,,,,,,,,,,
KR2022301AEA8WD,2022-10-24,Samsung Electronics Company Limited,"1, Samsung-ro, Giheung-gu, Yongin, Gyeonggi-Do",KR,"Korea, Republic of",37.2801554,127.114659,Electronics,Apple [Public List] (Apple 2019 Facility List),,,,,,,False,,,,,,,,,,,,,,,,,,,,,,,,,,,,,,,,,,,,,,,,,,,,,,,,,,,,,,,,,,,,,,,,,,,,,,,,,,,,,,,,,,,,,,,,,,,,,,,,,,,,,,,,,,,,,,,,,,,,,,,,,,,,,,,,,,
MT2022297HN5GQB,2022-10-24,STMicroelectronics (Malta) Ltd.,"Industry Rd, Kirkop, Malta KKP, Kirkop, , 9042",MT,Malta,35.8437862,14.4854324,Consumer Electronics|Electronics,"Amazon.com, Inc. (Amazon Facility List 2022)|Apple [Public List] (Apple 2019 Facility List)",,,,,,,False,,,,,,,,,,,,,,,,,,,,,,,,,,,,,,,,,,,,,,,,,,,,,,,,,,,,,,,,,,,,,,,,,,,,,,,,,,,,,,,,,,,,,,,,,,,,,,,,,,,,,,,,,,,,,,,,,,,,,,,,,,,,,,,,,,
MX20222971FE8AD,2022-10-24,CCL Design (Suzhou) Company Limited,"Carretera Guadalajara-Nogales No. 16445 Frente a Pinar de la Venta, Zapopan, Jalisco",MX,Mexico,31.3011855,-110.9381047,Electronics,Apple [Public List] (Apple 2019 Facility List),,,,,,,False,,,,,,,,,,,,,,,,,,,,,,,,,,,,,,,,,,,,,,,,,,,,,,,,,,,,,,,,,,,,,,,,,,,,,,,,,,,,,,,,,,,,,,,,,,,,,,,,,,,,,,,,,,,,,,,,,,,,,,,,,,,,,,,,,,
MX2022297XYQ44Q,2022-10-24,KEMET Corporation,"Av. las Americas 780 Ote., Colonia, Victoria, Tamaulipas",MX,Mexico,23.765824,-99.15456599999999,Electronics,Apple [Public List] (Apple 2019 Facility List),,,,,,,False,,,,,,,,,,,,,,,,,,,,,,,,,,,,,,,,,,,,,,,,,,,,,,,,,,,,,,,,,,,,,,,,,,,,,,,,,,,,,,,,,,,,,,,,,,,,,,,,,,,,,,,,,,,,,,,,,,,,,,,,,,,,,,,,,,
MY2022289WRHP3X,2022-10-16,Intel,"Bayan Lepas Free Industrial Zone Phase 3, Halaman Kampung Jawa, Penang, Malaysia",MY,Malaysia,5.3283593,100.3006611,Electronics,Dell [Public List] (Dell 2021 Facility List)|Apple [Public List] (Apple 2019 Facility List),,Intel,Other direct material suppliers,,Other direct material suppliers,Parts/Components,False,,,,,,,,,,,,,,,,,,,,,,,,,,,,,,,,,,,,,,,,,,,,,,,,,,,,,,,,,,,,,,,,,,,,,,,,,,,,,,,,,,,,,,,,,,,,,,,,,,,,,,,,,,,,,,,,,,,,,,,,,,,,,,,,,,
MY20222970TSF00,2022-10-24,Renesas Electronics Corporation,"Lot 54. Kulim Industrial Estate, Sungai Seluang, Kulim, Kedah",MY,Malaysia,5.408875999999999,100.5933828,Electronics,Apple [Public List] (Apple 2019 Facility List),,,,,,,False,,,,,,,,,,,,,,,,,,,,,,,,,,,,,,,,,,,,,,,,,,,,,,,,,,,,,,,,,,,,,,,,,,,,,,,,,,,,,,,,,,,,,,,,,,,,,,,,,,,,,,,,,,,,,,,,,,,,,,,,,,,,,,,,,,
MY20222976NCGRD,2022-10-24,Ibiden Company Limited,"No. 1049, Jalan Perindustrian Bukit Minyak 8, Kawsan Perindustrian Bukit Minyak, Penang",MY,Malaysia,5.3101167,100.4518368,Electronics,Apple [Public List] (Apple 2019 Facility List),,,,,,,False,,,,,,,,,,,,,,,,,,,,,,,,,,,,,,,,,,,,,,,,,,,,,,,,,,,,,,,,,,,,,,,,,,,,,,,,,,,,,,,,,,,,,,,,,,,,,,,,,,,,,,,,,,,,,,,,,,,,,,,,,,,,,,,,,,
MY202229773H4QM,2022-10-24,Infineon Technologies AG,"Free Trade Zone, Jalan Batu Berendam, Batu Berendam, Melaka",MY,Malaysia,2.2414349,102.2583919,Electrical Devices|Electronic Product Manufacturing|Electronics|Energy|Information|Research|Unspecified,Sunrock (Sunrock B.V. Facility List Oct 2025)|Infineon Technologies [Public List] (Infineon Technologies - September 2024 Production Locations List)|Apple [Public List] (Apple 2019 Facility List)|Sunrock (Sunrock Facility List Tier 3 suppliers 2024),58000-60000|58000,Infineon Technologies AG|Infineon Technologies AG,Manufacturing|Production,,Manufacturing|Production|Manufacturing,Semiconductor|Electronic equipment,False,,,,,,,,,,,,,,,,,,,,,,,,,,,,,,,,,,,,,,,,,,,,,,,,,,,,,,,,,,,,,,,,,,,,,,,,,,,,,,,,,,,,,,,,,,,,,,,,,,,,,,,,,,,,,,,,,,,,,,,,,,,,,,,,,,
MY20222978Y4SRS,2022-10-24,ON Semiconductor Corporation,"Lot 122 Senawang Industrial Estate, Seremban, Negeri Sembilan",MY,Malaysia,2.684863,101.9832516,Electronics|Unspecified,Sunrock (Sunrock B.V. Facility List Oct 2025)|Apple [Public List] (Apple 2019 Facility List)|Sunrock (Sunrock Facility List Tier 3 suppliers 2024),30000-40000|30000,,Test|Manufacturing|Assembly,,Assembly|Test|Manufacturing|Assembly|Manufacturing|Test,Semiconductor|Electronic equipment,False,,,,,,,,,,,,,,,,,,,,,,,,,,,,,,,,,,,,,,,,,,,,,,,,,,,,,,,,,,,,,,,,,,,,,,,,,,,,,,,,,,,,,,,,,,,,,,,,,,,,,,,,,,,,,,,,,,,,,,,,,,,,,,,,,,
MY20222979H2B38,2022-10-24,Murata Manufacturing Company Limited,"Plot 15, Bemban Industrial Park Jalan Bemban, Batu Gajah, Perak",MY,Malaysia,4.4682238,101.0059128,Electronics,Apple [Public List] (Apple 2019 Facility List),,,,,,,False,,,,,,,,,,,,,,,,,,,,,,,,,,,,,,,,,,,,,,,,,,,,,,,,,,,,,,,,,,,,,,,,,,,,,,,,,,,,,,,,,,,,,,,,,,,,,,,,,,,,,,,,,,,,,,,,,,,,,,,,,,,,,,,,,,
MY2022297CBN5M3,2022-10-24,Alps Electric Company Limited,"P.T. 10643, Nilai Industrial Estate, Nilai, Negeri Sembilan",MY,Malaysia,2.81289,101.81443,Electronics,Apple [Public List] (Apple 2019 Facility List),,,,,,,False,,,,,,,,,,,,,,,,,,,,,,,,,,,,,,,,,,,,,,,,,,,,,,,,,,,,,,,,,,,,,,,,,,,,,,,,,,,,,,,,,,,,,,,,,,,,,,,,,,,,,,,,,,,,,,,,,,,,,,,,,,,,,,,,,,
MY2022297FS8FKG,2022-10-24,Molex Incorporated (Malaysia),"2607 Jalan Perusahaan, Kawasan Perindustrian Perai, West Malaysia, Penang, , 13600",MY,Malaysia,5.3387346,100.4296148,Electronics,"Amazon.com, Inc. (Amazon Facility List 2022)|Apple [Public List] (Apple 2019 Facility List)|Amazon.com, Inc. (Amazon Facility List 2023)",101-500,,,,,,False,,,,,,,,,,,,,,,,,,,,,,,,,,,,,,,,,,,,,,,,,,,,,,,,,,,,,,,,,,,,,,,,,,,,,,,,,,,,,,,,,,,,,,,,,,,,,,,,,,,,,,,,,,,,,,,,,,,,,,,,,,,,,,,,,,
MY2022297HX319S,2022-10-24,Renesas Electronics Corporation,"Bayan Lepas Free, Industrial Zone, Bayan Lepas, Penang",MY,Malaysia,5.308987,100.2832409,Electronics,Apple [Public List] (Apple 2019 Facility List),,,,,,,False,,,,,,,,,,,,,,,,,,,,,,,,,,,,,,,,,,,,,,,,,,,,,,,,,,,,,,,,,,,,,,,,,,,,,,,,,,,,,,,,,,,,,,,,,,,,,,,,,,,,,,,,,,,,,,,,,,,,,,,,,,,,,,,,,,
MY2022297JTW4P0,2022-10-24,Texas Instruments Incorporated,"1 Lorong Enggang 33, Ampang, Kuala Lumpur",MY,Malaysia,3.1747729,101.753263,Electronics,Apple [Public List] (Apple 2019 Facility List),,,,,,,False,,,,,,,,,,,,,,,,,,,,,,,,,,,,,,,,,,,,,,,,,,,,,,,,,,,,,,,,,,,,,,,,,,,,,,,,,,,,,,,,,,,,,,,,,,,,,,,,,,,,,,,,,,,,,,,,,,,,,,,,,,,,,,,,,,
MY2022297QV0V3E,2022-10-24,ON Semiconductor Corporation,"Lot 55, Senawang Industrial Estate, Seremban, Negeri Sembilan",MY,Malaysia,2.684863,101.9832516,Electronics|Unspecified,Sunrock (Sunrock B.V. Facility List Oct 2025)|Apple [Public List] (Apple 2019 Facility List)|Sunrock (Sunrock Facility List Tier 3 suppliers 2024),30000-40000|30000,,Manufacturing|Wafer Fab,,Wafer Fab|Manufacturing|Manufacturing|Wafer Fab,Semiconductor|Electronic equipment,False,,,,,,,,,,,,,,,,,,,,,,,,,,,,,,,,,,,,,,,,,,,,,,,,,,,,,,,,,,,,,,,,,,,,,,,,,,,,,,,,,,,,,,,,,,,,,,,,,,,,,,,,,,,,,,,,,,,,,,,,,,,,,,,,,,
MY2022297VZTRX7,2022-10-24,Lumileds Holding B.V.,"No. 3, Lintang Bayan Lepas 8, Kawasan Perindustrian Bayan Lepas, Fasa 4, Mukim 12, Bayan Lepas, Penang",MY,Malaysia,5.292040999999999,100.285331,Electronics,Apple [Public List] (Apple 2019 Facility List),,,,,,,False,,,,,,,,,,,,,,,,,,,,,,,,,,,,,,,,,,,,,,,,,,,,,,,,,,,,,,,,,,,,,,,,,,,,,,,,,,,,,,,,,,,,,,,,,,,,,,,,,,,,,,,,,,,,,,,,,,,,,,,,,,,,,,,,,,
MY2022297Y0JWCP,2022-10-24,Panasonic Corporation,"No. 1, Jalan Jemuju 16/13, Shah Alam, Selangor",MY,Malaysia,3.055034,101.4998196,Electronics,Apple [Public List] (Apple 2019 Facility List),,,,,,,False,,,,,,,,,,,,,,,,,,,,,,,,,,,,,,,,,,,,,,,,,,,,,,,,,,,,,,,,,,,,,,,,,,,,,,,,,,,,,,,,,,,,,,,,,,,,,,,,,,,,,,,,,,,,,,,,,,,,,,,,,,,,,,,,,,
MY2022297YQ1ZZJ,2022-10-24,Knowles Corporation,"Plot 104, Lebuhraya Kampung Jawa, Bayan Lepas Industrial Estate, Penang",MY,Malaysia,5.3193019,100.292583,Electronics,Apple [Public List] (Apple 2019 Facility List),,,,,,,False,,,,,,,,,,,,,,,,,,,,,,,,,,,,,,,,,,,,,,,,,,,,,,,,,,,,,,,,,,,,,,,,,,,,,,,,,,,,,,,,,,,,,,,,,,,,,,,,,,,,,,,,,,,,,,,,,,,,,,,,,,,,,,,,,,
MY2022297YYZMGX,2022-10-24,Taiyo Yuden (Malaysia),"Lot 977, Block 12, Sama Jaya Free Industrial Zone, 93450, Malaysia, Sama Jaya, Sarawak, 93450",MY,Malaysia,1.521463,110.405453,Electronics,"Amazon.com, Inc. (Amazon Facility List 2024)|Amazon.com, Inc. (Amazon Facility List 2022)|Apple [Public List] (Apple 2019 Facility List)|Amazon.com, Inc. (Amazon Facility List 2023)",1000|4874,,Finished goods,,Finished goods,,False,,,,,,,,,,,,,,,,,,,,,,,,,,,,,,,,,,,,,,,,,,,,,,,,,,,,,,,,,,,,,,,,,,,,,,,,,,,,,,,,,,,,,,,,,,,,,,,,,,,,,,,,,,,,,,,,,,,,,,,,,,,,,,,,,,
MY2022297Z3XHCT,2022-10-24,Rohm Company Limited,"Lot 1320 Kawasan Perindustrian, Pengkalan Chepa II, Padang Tembak, Kota Bharu, Kelantan",MY,Malaysia,6.14478,102.30037,Electronics,Apple [Public List] (Apple 2019 Facility List),,,,,,,False,,,,,,,,,,,,,,,,,,,,,,,,,,,,,,,,,,,,,,,,,,,,,,,,,,,,,,,,,,,,,,,,,,,,,,,,,,,,,,,,,,,,,,,,,,,,,,,,,,,,,,,,,,,,,,,,,,,,,,,,,,,,,,,,,,
MY2024256KPQ8EH,2024-09-10,Infineon Technologies (Kulim) Sdn. Bhd.,Lot 10 & 11 Jalan Hi-Tech 7 Industrial Zone Phase II Kulim Hi-Tech Park 09000 Kulim Malaysia,MY,Malaysia,5.403861,100.5904374,Electrical Devices|Electronic Product Manufacturing|Electronics|Energy|Information|Research|Unspecified,Sunrock (Sunrock B.V. Facility List Oct 2025)|Apple [Public List] (Apple 2019 Facility List)|Infineon Technologies [Public List] (Infineon Technologies - September 2024 Production Locations List)|Sunrock (Sunrock Facility List Tier 3 suppliers 2024),58000-60000|58000,Infineon Technologies AG|Infineon Technologies AG,Manufacturing|Production,,Manufacturing|Production|Manufacturing,Semiconductor|Electronic equipment,False,,,,,,,,,,,,,,,,,,,,,,,,,,,,,,,,,,,,,,,,,,,,,,,,,,,,,,,,,,,,,,,,,,,,,,,,,,,,,,,,,,,,,,,,,,,,,,,,,,,,,,,,,,,,,,,,,,,,,,,,,,,,,,,,,,
NL20222973DA40G,2022-10-24,DSM Engineering Plastics Company Limited,"Urmonderbaan 22, Geleen",NL,Netherlands,50.9843114,5.7878671,Electronics,Apple [Public List] (Apple 2019 Facility List),,,,,,,False,,,,,,,,,,,,,,,,,,,,,,,,,,,,,,,,,,,,,,,,,,,,,,,,,,,,,,,,,,,,,,,,,,,,,,,,,,,,,,,,,,,,,,,,,,,,,,,,,,,,,,,,,,,,,,,,,,,,,,,,,,,,,,,,,,
NL20222976J7MQW,2022-10-24,DSM Engineering Plastics Company Limited,"Eerste Bokslootweg 17, Emmen",NL,Netherlands,52.7735804,6.9108839,Electronics,Apple [Public List] (Apple 2019 Facility List),,,,,,,False,,,,,,,,,,,,,,,,,,,,,,,,,,,,,,,,,,,,,,,,,,,,,,,,,,,,,,,,,,,,,,,,,,,,,,,,,,,,,,,,,,,,,,,,,,,,,,,,,,,,,,,,,,,,,,,,,,,,,,,,,,,,,,,,,,
NL2022297777A6Q,2022-10-24,ECCO Leather B.V.,"Vierbundersweg 11, Dongen",NL,Netherlands,51.6155317,4.924492799999999,Electronics,Apple [Public List] (Apple 2019 Facility List),,,,,,,False,,,,,,,,,,,,,,,,,,,,,,,,,,,,,,,,,,,,,,,,,,,,,,,,,,,,,,,,,,,,,,,,,,,,,,,,,,,,,,,,,,,,,,,,,,,,,,,,,,,,,,,,,,,,,,,,,,,,,,,,,,,,,,,,,,
NL2022297BS50ZT,2022-10-24,The Chemours Company,"Baanhoekweg 22, Dordrecht",NL,Netherlands,51.8152915,4.7269992,Electronics,Apple [Public List] (Apple 2019 Facility List),,,,,,,False,,,,,,,,,,,,,,,,,,,,,,,,,,,,,,,,,,,,,,,,,,,,,,,,,,,,,,,,,,,,,,,,,,,,,,,,,,,,,,,,,,,,,,,,,,,,,,,,,,,,,,,,,,,,,,,,,,,,,,,,,,,,,,,,,,
NO2022297NTG70V,2022-10-24,Microchip Technology Incorporated,"Vestre Rosten 79, Tiller",NO,Norway,63.3640233,10.3730021,Electronics,Apple [Public List] (Apple 2019 Facility List),,,,,,,False,,,,,,,,,,,,,,,,,,,,,,,,,,,,,,,,,,,,,,,,,,,,,,,,,,,,,,,,,,,,,,,,,,,,,,,,,,,,,,,,,,,,,,,,,,,,,,,,,,,,,,,,,,,,,,,,,,,,,,,,,,,,,,,,,,
PH202229717BN6Y,2022-10-24,Taiyo Yuden (Phillipines),"Mactan Economic Zone, Lapu-Lapu, Cebu, 6015",PH,Philippines,10.3168343,123.9649926,Electronics,"A Brand / Retailer|Amazon.com, Inc. (Amazon Facility List 2026)|Amazon.com, Inc. (Amazon Facility List 2024)|Amazon.com, Inc. (Amazon Facility List 2022)|Apple [Public List] (Apple 2019 Facility List)|Amazon.com, Inc. (Amazon Facility List 2023)",1000|4671,,Finished goods,,Finished goods|Finished goods,,False,,,,,,,,,,,,,,,,,,,,,,,,,,,,,,,,,,,,,,,,,,,,,,,,,,,,,,,,,,,,,,,,,,,,,,,,,,,,,,,,,,,,,,,,,,,,,,,,,,,,,,,,,,,,,,,,,,,,,,,,,,,,,,,,,,
PH20222978A4NQJ,2022-10-24,Texas Instruments Incorporated,"Peza, Loakan Road, Baguio, Benguet",PH,Philippines,16.3800101,120.6161053,Electronics,Apple [Public List] (Apple 2019 Facility List),,,,,,,False,,,,,,,,,,,,,,,,,,,,,,,,,,,,,,,,,,,,,,,,,,,,,,,,,,,,,,,,,,,,,,,,,,,,,,,,,,,,,,,,,,,,,,,,,,,,,,,,,,,,,,,,,,,,,,,,,,,,,,,,,,,,,,,,,,
PH20222978PSQEC,2022-10-24,Microchip Technology Incorporated,"ACP Building, 102 Accuracy Drive, Corner Excellence Ave, Carmelray Industrial Park, 1, Canlubang, Calamba, Laguna",PH,Philippines,14.2121163,121.08843,Electronics,Apple [Public List] (Apple 2019 Facility List),,,,,,,False,,,,,,,,,,,,,,,,,,,,,,,,,,,,,,,,,,,,,,,,,,,,,,,,,,,,,,,,,,,,,,,,,,,,,,,,,,,,,,,,,,,,,,,,,,,,,,,,,,,,,,,,,,,,,,,,,,,,,,,,,,,,,,,,,,
PH20222978WAT7Z,2022-10-24,Artesyn Embedded Technologies Incorporated,"Main Avenue Corner Road J, PEZA Complex, Rosario, Cavite",PH,Philippines,14.4075578,120.8696194,Electronics,Apple [Public List] (Apple 2019 Facility List),,,,,,,False,,,,,,,,,,,,,,,,,,,,,,,,,,,,,,,,,,,,,,,,,,,,,,,,,,,,,,,,,,,,,,,,,,,,,,,,,,,,,,,,,,,,,,,,,,,,,,,,,,,,,,,,,,,,,,,,,,,,,,,,,,,,,,,,,,
PH20222979CXHM7,2022-10-24,Texas Instruments Incorporated,"Clark Freeport Zone, Gil Puyat Avenue, Angeles, Pampanga",PH,Philippines,15.1849415,120.5435929,Electronics,Apple [Public List] (Apple 2019 Facility List),,,,,,,False,,,,,,,,,,,,,,,,,,,,,,,,,,,,,,,,,,,,,,,,,,,,,,,,,,,,,,,,,,,,,,,,,,,,,,,,,,,,,,,,,,,,,,,,,,,,,,,,,,,,,,,,,,,,,,,,,,,,,,,,,,,,,,,,,,
PH2022297F82NSQ,2022-10-24,ON Semiconductor Corporation,"Golden Mile Business Park, Special Economic Zone, Governor's Drive, Barrio Maduya, Carmona, Cavite",PH,Philippines,14.3248603,121.0682004,Electronics|Unspecified,Sunrock (Sunrock B.V. Facility List Oct 2025)|Apple [Public List] (Apple 2019 Facility List)|Sunrock (Sunrock Facility List Tier 3 suppliers 2024),30000-40000|30000,,Test|Manufacturing|Assembly,,Assembly|Test|Manufacturing|Assembly|Manufacturing|Test,Semiconductor|Electronic equipment,False,,,,,,,,,,,,,,,,,,,,,,,,,,,,,,,,,,,,,,,,,,,,,,,,,,,,,,,,,,,,,,,,,,,,,,,,,,,,,,,,,,,,,,,,,,,,,,,,,,,,,,,,,,,,,,,,,,,,,,,,,,,,,,,,,,
PH2022297FA30GW,2022-10-24,STMicroelectronics N.V.,"No. 9 Mountain Drive, Light Industry & Science Park II, La Mesa, Calamba, Laguna",PH,Philippines,14.1934972,121.1454906,Electronics,Apple [Public List] (Apple 2019 Facility List),,,,,,,False,,,,,,,,,,,,,,,,,,,,,,,,,,,,,,,,,,,,,,,,,,,,,,,,,,,,,,,,,,,,,,,,,,,,,,,,,,,,,,,,,,,,,,,,,,,,,,,,,,,,,,,,,,,,,,,,,,,,,,,,,,,,,,,,,,
PH2022297G6EC55,2022-10-24,Maxim Integrated Products Incorporated,"Gateway Business Park, Special Export Processing Zone, Baranggay Javalera, Gen Trias, Cavite",PH,Philippines,14.2607058,120.9196942,Electronics,Apple [Public List] (Apple 2019 Facility List),,,,,,,False,,,,,,,,,,,,,,,,,,,,,,,,,,,,,,,,,,,,,,,,,,,,,,,,,,,,,,,,,,,,,,,,,,,,,,,,,,,,,,,,,,,,,,,,,,,,,,,,,,,,,,,,,,,,,,,,,,,,,,,,,,,,,,,,,,
PH2022297J6Q3BD,2022-10-24,Analog Devices Gen Trias (ADGT),"Gateway Business Park, Economic Javelera, General Trias, Cavite, ",PH,Philippines,14.2607058,120.9196942,Electronics,"Amazon.com, Inc. (Amazon Facility List 2024)|Amazon.com, Inc. (Amazon Facility List 2022)|Apple [Public List] (Apple 2019 Facility List)|Amazon.com, Inc. (Amazon Facility List 2023)",1000|3708,,Finished goods,,Finished goods,,False,,,,,,,,,,,,,,,,,,,,,,,,,,,,,,,,,,,,,,,,,,,,,,,,,,,,,,,,,,,,,,,,,,,,,,,,,,,,,,,,,,,,,,,,,,,,,,,,,,,,,,,,,,,,,,,,,,,,,,,,,,,,,,,,,,
PH2022297NCC2SR,2022-10-24,Cypress Semiconductor Corporation,"Gateway Business Park, SEPZA, Barangay Javalera, General Trias, Cavite",PH,Philippines,14.2607058,120.9196942,Electronics,Apple [Public List] (Apple 2019 Facility List),,,,,,,False,,,,,,,,,,,,,,,,,,,,,,,,,,,,,,,,,,,,,,,,,,,,,,,,,,,,,,,,,,,,,,,,,,,,,,,,,,,,,,,,,,,,,,,,,,,,,,,,,,,,,,,,,,,,,,,,,,,,,,,,,,,,,,,,,,
PH2022297NSWSK6,2022-10-24,Nidec Corporation,"136 North Science Avenue Extension, Laguna Technopark Special Economic Zone, Binan, Laguna",PH,Philippines,14.2754629,121.0574148,Electronics,Apple [Public List] (Apple 2019 Facility List),,,,,,,False,,,,,,,,,,,,,,,,,,,,,,,,,,,,,,,,,,,,,,,,,,,,,,,,,,,,,,,,,,,,,,,,,,,,,,,,,,,,,,,,,,,,,,,,,,,,,,,,,,,,,,,,,,,,,,,,,,,,,,,,,,,,,,,,,,
PH2022297NYXRWM,2022-10-24,ON Semiconductor Corporation,"LIP SEPZ San Miguel, Tarlac City, Tarlac State",PH,Philippines,15.43315,120.603104,Electronics,Apple [Public List] (Apple 2019 Facility List),,,,,,,False,,,,,,,,,,,,,,,,,,,,,,,,,,,,,,,,,,,,,,,,,,,,,,,,,,,,,,,,,,,,,,,,,,,,,,,,,,,,,,,,,,,,,,,,,,,,,,,,,,,,,,,,,,,,,,,,,,,,,,,,,,,,,,,,,,
PH2022297QWZSQJ,2022-10-24,Samsung SDI. Company Limited,"Block 5, Calamba Premiere International Park, Barangay Batino, Calamba, Laguna",PH,Philippines,14.2006119,121.1341327,Electronics,Apple [Public List] (Apple 2019 Facility List),,,,,,,False,,,,,,,,,,,,,,,,,,,,,,,,,,,,,,,,,,,,,,,,,,,,,,,,,,,,,,,,,,,,,,,,,,,,,,,,,,,,,,,,,,,,,,,,,,,,,,,,,,,,,,,,,,,,,,,,,,,,,,,,,,,,,,,,,,
PH2022297T19H16,2022-10-24,MinebeaMitsumi Incorporated,"MRI Special Economic Zone, Sabang, Danao, Cebu",PH,Philippines,10.5005022,124.0140113,Electronics|Medical Equipment & Services,Apple [Public List] (Apple 2019 Facility List),,,,,,,False,,,,,,,,,,,,,,,,,,,,,,,,,,,,,,,,,,,,,,,,,,,,,,,,,,,,,,,,,,,,,,,,,,,,,,,,,,,,,,,,,,,,,,,,,,,,,,,,,,,,,,,,,,,,,,,,,,,,,,,,,,,,,,,,,,
PH2022297VT4K62,2022-10-24,ams AG,"B2-1D Carmelray Industrial Park II, Barangay Tulo, Calamba, Laguna",PH,Philippines,14.1709768,121.1321739,Electronics,Apple [Public List] (Apple 2019 Facility List),,,,,,,False,,,,,,,,,,,,,,,,,,,,,,,,,,,,,,,,,,,,,,,,,,,,,,,,,,,,,,,,,,,,,,,,,,,,,,,,,,,,,,,,,,,,,,,,,,,,,,,,,,,,,,,,,,,,,,,,,,,,,,,,,,,,,,,,,,
PH2022297Y5FP3V,2022-10-24,Amkor Technology Incorporated,"119 North Science Avenue, Special Economic Zone, Laguna Techno Park, Binan, Laguna",PH,Philippines,14.2740357,121.0528596,Electronics,Apple [Public List] (Apple 2019 Facility List),,,,,,,False,,,,,,,,,,,,,,,,,,,,,,,,,,,,,,,,,,,,,,,,,,,,,,,,,,,,,,,,,,,,,,,,,,,,,,,,,,,,,,,,,,,,,,,,,,,,,,,,,,,,,,,,,,,,,,,,,,,,,,,,,,,,,,,,,,
PH2022297Y7EY45,2022-10-24,"ROHM Electronics Philippines, Inc.","People's Technology Complex Special Economic Zone, Carmona, Cavite, 4116",PH,Philippines,14.3163819,121.0520146,Electronics,"A Brand / Retailer|Amazon.com, Inc. (Amazon Facility List 2026)|Amazon.com, Inc. (Amazon Facility List 2024)|Amazon.com, Inc. (Amazon Facility List 2022)|Amazon.com, Inc. (Amazon Facility List 2023)|Apple [Public List] (Apple 2019 Facility List)",1000|4860,,Finished goods,,Finished goods|Finished goods,,False,,,,,,,,,,,,,,,,,,,,,,,,,,,,,,,,,,,,,,,,,,,,,,,,,,,,,,,,,,,,,,,,,,,,,,,,,,,,,,,,,,,,,,,,,,,,,,,,,,,,,,,,,,,,,,,,,,,,,,,,,,,,,,,,,,
PH2022297YGMNW3,2022-10-24,Sumitomo Electric Industries Limited,"Ampere St. Cor. Main Avenue, Light Industry & Science Park, 1 Special Export Processing Zone, Bo. Diezmo., Cabuyao, Laguna",PH,Philippines,14.2400633,121.1017602,Electronics,Apple [Public List] (Apple 2019 Facility List),,,,,,,False,,,,,,,,,,,,,,,,,,,,,,,,,,,,,,,,,,,,,,,,,,,,,,,,,,,,,,,,,,,,,,,,,,,,,,,,,,,,,,,,,,,,,,,,,,,,,,,,,,,,,,,,,,,,,,,,,,,,,,,,,,,,,,,,,,
PH2022297ZVYQXW,2022-10-24,ON Semiconductor Corporation,"Mactan Export Zone I, Lapulapu, Cebu",PH,Philippines,10.2990463,123.9638531,Electronics|Unspecified,Sunrock (Sunrock B.V. Facility List Oct 2025)|Apple [Public List] (Apple 2019 Facility List)|Sunrock (Sunrock Facility List Tier 3 suppliers 2024),30000-40000|30000,,Manufacturing|Assembly|Test,,Assembly|Test|Manufacturing|Assembly|Manufacturing|Test,Semiconductor|Electronic equipment,False,,,,,,,,,,,,,,,,,,,,,,,,,,,,,,,,,,,,,,,,,,,,,,,,,,,,,,,,,,,,,,,,,,,,,,,,,,,,,,,,,,,,,,,,,,,,,,,,,,,,,,,,,,,,,,,,,,,,,,,,,,,,,,,,,,
SG20222970XD6GJ,2022-10-24,Lumileds Holding B.V.,190 Yishun Avenue,SG,Singapore,1.430522,103.8339432,Electronics,Apple [Public List] (Apple 2019 Facility List),,,,,,,False,,,,,,,,,,,,,,,,,,,,,,,,,,,,,,,,,,,,,,,,,,,,,,,,,,,,,,,,,,,,,,,,,,,,,,,,,,,,,,,,,,,,,,,,,,,,,,,,,,,,,,,,,,,,,,,,,,,,,,,,,,,,,,,,,,
SG202229729YWB2,2022-10-24,Jiangsu Changjiang Electronics Technology Company Limited,5 Yishun Street 23,SG,Singapore,1.4399955,103.8424445,Electronics,Apple [Public List] (Apple 2019 Facility List),,,,,,,False,,,,,,,,,,,,,,,,,,,,,,,,,,,,,,,,,,,,,,,,,,,,,,,,,,,,,,,,,,,,,,,,,,,,,,,,,,,,,,,,,,,,,,,,,,,,,,,,,,,,,,,,,,,,,,,,,,,,,,,,,,,,,,,,,,
SG2022297GB4NNV,2022-10-24,Skyworks Solutions Incorporated,3 Bedok South Road,SG,Singapore,1.3207505,103.9299423,Electronics,Apple [Public List] (Apple 2019 Facility List),,,,,,,False,,,,,,,,,,,,,,,,,,,,,,,,,,,,,,,,,,,,,,,,,,,,,,,,,,,,,,,,,,,,,,,,,,,,,,,,,,,,,,,,,,,,,,,,,,,,,,,,,,,,,,,,,,,,,,,,,,,,,,,,,,,,,,,,,,
SG2022297HKN4R7,2022-10-24,Pegatron Corporation,"750E Chai Chee Road, No. 07-303 Viva Business Park",SG,Singapore,1.3239091,103.920815,Electronics,Apple [Public List] (Apple 2019 Facility List),,,,,,,False,,,,,,,,,,,,,,,,,,,,,,,,,,,,,,,,,,,,,,,,,,,,,,,,,,,,,,,,,,,,,,,,,,,,,,,,,,,,,,,,,,,,,,,,,,,,,,,,,,,,,,,,,,,,,,,,,,,,,,,,,,,,,,,,,,
SG2022297HR73BG,2022-10-24,Murata Manufacturing Company Limited,1 Tuas Road,SG,Singapore,1.3202386,103.6641306,Electronics,Apple [Public List] (Apple 2019 Facility List),,,,,,,False,,,,,,,,,,,,,,,,,,,,,,,,,,,,,,,,,,,,,,,,,,,,,,,,,,,,,,,,,,,,,,,,,,,,,,,,,,,,,,,,,,,,,,,,,,,,,,,,,,,,,,,,,,,,,,,,,,,,,,,,,,,,,,,,,,
SG2022297NF6YZS,2022-10-24,ams AG,"26 Woodlands Loop, Level 1",SG,Singapore,1.448434,103.811756,Electronics,Apple [Public List] (Apple 2019 Facility List),,,,,,,False,,,,,,,,,,,,,,,,,,,,,,,,,,,,,,,,,,,,,,,,,,,,,,,,,,,,,,,,,,,,,,,,,,,,,,,,,,,,,,,,,,,,,,,,,,,,,,,,,,,,,,,,,,,,,,,,,,,,,,,,,,,,,,,,,,
SG2022297PKPJ25,2022-10-24,STMicroelectronics N.V.,"28 Ang Mo Kio, Industrial Park 2",SG,Singapore,1.3751962,103.8647959,Electronics,Apple [Public List] (Apple 2019 Facility List),,,,,,,False,,,,,,,,,,,,,,,,,,,,,,,,,,,,,,,,,,,,,,,,,,,,,,,,,,,,,,,,,,,,,,,,,,,,,,,,,,,,,,,,,,,,,,,,,,,,,,,,,,,,,,,,,,,,,,,,,,,,,,,,,,,,,,,,,,
SG2022297RSP632,2022-10-24,STMicroelectronics N.V.,"629 Lorong 4/6, Toa Payoh",SG,Singapore,1.3320597,103.8524221,Electronics,Apple [Public List] (Apple 2019 Facility List),,,,,,,False,,,,,,,,,,,,,,,,,,,,,,,,,,,,,,,,,,,,,,,,,,,,,,,,,,,,,,,,,,,,,,,,,,,,,,,,,,,,,,,,,,,,,,,,,,,,,,,,,,,,,,,,,,,,,,,,,,,,,,,,,,,,,,,,,,
SG2022297W553TN,2022-10-24,ams AG,7000 Ang Mo Kio Avenue 5,SG,Singapore,1.3758877,103.8556196,Electronics,Apple [Public List] (Apple 2019 Facility List),,,,,,,False,,,,,,,,,,,,,,,,,,,,,,,,,,,,,,,,,,,,,,,,,,,,,,,,,,,,,,,,,,,,,,,,,,,,,,,,,,,,,,,,,,,,,,,,,,,,,,,,,,,,,,,,,,,,,,,,,,,,,,,,,,,,,,,,,,
SG2022297WYA9ZY,2023-12-13,Qualcomm: Singapore (SINGA.H),"166 Kallang Way, Singapore SI 349249",SG,Singapore,1.3244129,103.8746934,Automotive|Components|Computers|Consumer Electronics|Electrical Devices|Electronic Product Manufacturing|Electronics|Technology,Fairphone [Public List] (Fairphone May 2022 Facility List)|A Brand / Retailer|Apple [Public List] (Apple 2019 Facility List)|Qualcomm [Public List] (Qualcomm December 2023 Facility List)|Qualcomm [Public List] (Qualcomm - RF360 December 2023 Facility List),,"Qualcomm Technologies, Inc|Qualcomm Technologies, Inc",,,,LEDs|Discretes|Semiconductors - Integrated Circuits|Audio Technology|Bluetooth|Smartphones|Industrial IoT|Wearable Technology|5G|Smart Home devices|Virtual & Augmented Reality (XR/VR/AR)|Wireless Networks|Mobile devices|Processors|Wi-Fi|Modem-RF systems|Artificial Intelligence (AI)|Laptops|Cameras|Audio Technology|Bluetooth|Smartphones|Industrial IoT|Wearable Technology|5G|Smart Home devices|Virtual & Augmented Reality (XR/VR/AR)|Wireless Networks|Mobile devices|Processors|Wi-Fi|Modem-RF systems|Artificial Intelligence (AI)|Laptops|Cameras,False,,,,,,,,,,,,,,,,,,,,,,,,,,,,,,,,,,,,,,,,,,,,,,,,,,,,,,,,,,,,,,,,,,,,,,,,,,,,,,,,,,,,,,,,,,,,,,,,,,,,,,,,,,,,,,,,,,,,,,,,,,,,,,,,,,
SG2022297XQ3EQE,2022-10-24,Panasonic Corporation,No. 3 Bedok South Road,SG,Singapore,1.3207505,103.9299423,Electronics,Apple [Public List] (Apple 2019 Facility List),,,,,,,False,,,,,,,,,,,,,,,,,,,,,,,,,,,,,,,,,,,,,,,,,,,,,,,,,,,,,,,,,,,,,,,,,,,,,,,,,,,,,,,,,,,,,,,,,,,,,,,,,,,,,,,,,,,,,,,,,,,,,,,,,,,,,,,,,,
SG20233065NVQXK,2023-11-02,Micron Semiconductor Asia Operations Pte Ltd.,"990 Bendemeer Road, Singapore 339942, Bendemeer, Singapore, 339942",SG,Singapore,1.3185218,103.8647432,Electronics,"Amazon.com, Inc. (Amazon Facility List 2024)|Apple [Public List] (Apple 2019 Facility List)|Dell [Public List] (Dell 2021 Facility List)|Amazon.com, Inc. (Amazon Facility List 2022)|Amazon.com, Inc. (Amazon Facility List 2023)",1000|1574,Micron Technology,Finished goods|Other direct material suppliers,,Other direct material suppliers|Finished goods,Parts/Components,False,,,,,,,,,,,,,,,,,,,,,,,,,,,,,,,,,,,,,,,,,,,,,,,,,,,,,,,,,,,,,,,,,,,,,,,,,,,,,,,,,,,,,,,,,,,,,,,,,,,,,,,,,,,,,,,,,,,,,,,,,,,,,,,,,,
TH2022296XRPAKV,2022-10-21,Kemet,78/2 Bangna-Trad KM. 36 Road  Wellgrow Industrial Estate  24130 Bang Pakong  Chachoengsao,TH,Thailand,13.5707299,100.9221943,Computers|Electronics,A Civil Society Organization|Apple [Public List] (Apple 2019 Facility List),,,,,,,False,,,,,,,,,,,,,,,,,,,,,,,,,,,,,,,,,,,,,,,,,,,,,,,,,,,,,,,,,,,,,,,,,,,,,,,,,,,,,,,,,,,,,,,,,,,,,,,,,,,,,,,,,,,,,,,,,,,,,,,,,,,,,,,,,,
TH20222970NFCX1,2022-10-24,Fujikura Limited,"101/2 Moo 20, Navanakorn Industrial Zone, Phaholyothin Road, Klongluang District, Khlong Luang, Pathum Thani",TH,Thailand,14.1160287,100.6178257,Electronics,Apple [Public List] (Apple 2019 Facility List),,,,,,,False,,,,,,,,,,,,,,,,,,,,,,,,,,,,,,,,,,,,,,,,,,,,,,,,,,,,,,,,,,,,,,,,,,,,,,,,,,,,,,,,,,,,,,,,,,,,,,,,,,,,,,,,,,,,,,,,,,,,,,,,,,,,,,,,,,
TH20222971VNBWC,2022-10-24,Western Digital Corporation,"203, 205 Moo 7, Tumbon Tha Tum, Amphur Srimahaphote, Prachin Buri",TH,Thailand,13.9257787,101.5564138,Electronics,Apple [Public List] (Apple 2019 Facility List),,,,,,,False,,,,,,,,,,,,,,,,,,,,,,,,,,,,,,,,,,,,,,,,,,,,,,,,,,,,,,,,,,,,,,,,,,,,,,,,,,,,,,,,,,,,,,,,,,,,,,,,,,,,,,,,,,,,,,,,,,,,,,,,,,,,,,,,,,
TH202229756878P,2022-10-24,Fujikura Limited,"55/25 Moo 13, Navanakorn Industrial Estate, Paholyothin Road, Klong Nueng, Khlong Luang, Pathum Thani",TH,Thailand,14.115248,100.6030615,Electronics,Apple [Public List] (Apple 2019 Facility List),,,,,,,False,,,,,,,,,,,,,,,,,,,,,,,,,,,,,,,,,,,,,,,,,,,,,,,,,,,,,,,,,,,,,,,,,,,,,,,,,,,,,,,,,,,,,,,,,,,,,,,,,,,,,,,,,,,,,,,,,,,,,,,,,,,,,,,,,,
TH2022297645ACS,2022-10-24,Fujikura Limited,"612/12, Moo 9, Kabinburi Industrial Zone, Tambol Nongki, Kabin Buri, Prachin Buri",TH,Thailand,14.0740129,101.8166366,Electronics,Apple [Public List] (Apple 2019 Facility List),,,,,,,False,,,,,,,,,,,,,,,,,,,,,,,,,,,,,,,,,,,,,,,,,,,,,,,,,,,,,,,,,,,,,,,,,,,,,,,,,,,,,,,,,,,,,,,,,,,,,,,,,,,,,,,,,,,,,,,,,,,,,,,,,,,,,,,,,,
TH202229796PDEM,2022-10-24,MinebeaMitsumi Incorporated,"Ban Wa ( Hi-Tech) Industrial Estate, 92 Moo 1, Tambon Banlen, Bang Pa-In, Ayutthaya",TH,Thailand,14.2457885,100.5830929,Electronics,Apple [Public List] (Apple 2019 Facility List),,,,,,,False,,,,,,,,,,,,,,,,,,,,,,,,,,,,,,,,,,,,,,,,,,,,,,,,,,,,,,,,,,,,,,,,,,,,,,,,,,,,,,,,,,,,,,,,,,,,,,,,,,,,,,,,,,,,,,,,,,,,,,,,,,,,,,,,,,
TH2022297BMR14G,2022-10-24,MinebeaMitsumi Incorporated,"5/2 Moo 8, Phaholyothin Road, Km.149 Tambon Nikhom Sang Ton-Eng, Amphoe Muang, Muang Lopburi",TH,Thailand,14.7682874,100.7081362,Electronics,Apple [Public List] (Apple 2019 Facility List),,,,,,,False,,,,,,,,,,,,,,,,,,,,,,,,,,,,,,,,,,,,,,,,,,,,,,,,,,,,,,,,,,,,,,,,,,,,,,,,,,,,,,,,,,,,,,,,,,,,,,,,,,,,,,,,,,,,,,,,,,,,,,,,,,,,,,,,,,
TH2022297EN7N1M,2022-10-24,Fujikura Limited,"Northern Region Industrial Estate, 68/1 Moo 4 Tambol, Lamphun",TH,Thailand,18.5911522,99.0442566,Electronics,Apple [Public List] (Apple 2019 Facility List),,,,,,,False,,,,,,,,,,,,,,,,,,,,,,,,,,,,,,,,,,,,,,,,,,,,,,,,,,,,,,,,,,,,,,,,,,,,,,,,,,,,,,,,,,,,,,,,,,,,,,,,,,,,,,,,,,,,,,,,,,,,,,,,,,,,,,,,,,
TH2022297FM6EP1,2022-10-24,Microchip Technology Incorporated,"14 Moo 1, T. Wangtakien, A., Muangchachemgsao, Chachoengsao",TH,Thailand,14.9007668,100.4084691,Electronics,Apple [Public List] (Apple 2019 Facility List),,,,,,,False,,,,,,,,,,,,,,,,,,,,,,,,,,,,,,,,,,,,,,,,,,,,,,,,,,,,,,,,,,,,,,,,,,,,,,,,,,,,,,,,,,,,,,,,,,,,,,,,,,,,,,,,,,,,,,,,,,,,,,,,,,,,,,,,,,
TH2022297HWB3N4,2022-10-24,Fujikura Limited,"1/80 Moo 5, Rojana Industrial Park, Rojana Road, Tambol Kanham, Amphur U-Thai Pranakorn Sri, Ayutthaya",TH,Thailand,14.3153538,100.6399155,Electronics,Apple [Public List] (Apple 2019 Facility List),,,,,,,False,,,,,,,,,,,,,,,,,,,,,,,,,,,,,,,,,,,,,,,,,,,,,,,,,,,,,,,,,,,,,,,,,,,,,,,,,,,,,,,,,,,,,,,,,,,,,,,,,,,,,,,,,,,,,,,,,,,,,,,,,,,,,,,,,,
TH2022297M07JEF,2022-10-24,Delta Electronics Incorporated,"Wellgrow Industrial Estate, 111 Moo 9, Soi 11, Bangna-Trad Road, Tambol Bangwua, Bang Pakong, Chachoengsao",TH,Thailand,13.5707299,100.9221943,Electronics,Apple [Public List] (Apple 2019 Facility List),,,,,,,False,,,,,,,,,,,,,,,,,,,,,,,,,,,,,,,,,,,,,,,,,,,,,,,,,,,,,,,,,,,,,,,,,,,,,,,,,,,,,,,,,,,,,,,,,,,,,,,,,,,,,,,,,,,,,,,,,,,,,,,,,,,,,,,,,,
TH2022297V9JBF4,2022-10-24,"ROHM Integrated Systems (Thailand) Co., Ltd.","101/94, 102 Navanakorn Industrial Zone, MOO 20, Phaholyothin Road, Tambo Khlong-Nueng Amphur Khlong-Luong  Pathumthani 12120, Thailand, Bangkok, Bangkok, 12120",TH,Thailand,14.0651778,100.6167319,Electronics,"Amazon.com, Inc. (Amazon Facility List 2024)|Amazon.com, Inc. (Amazon Facility List 2022)|Apple [Public List] (Apple 2019 Facility List)|Amazon.com, Inc. (Amazon Facility List 2023)",1000|4754,,Finished goods,,Finished goods,,False,,,,,,,,,,,,,,,,,,,,,,,,,,,,,,,,,,,,,,,,,,,,,,,,,,,,,,,,,,,,,,,,,,,,,,,,,,,,,,,,,,,,,,,,,,,,,,,,,,,,,,,,,,,,,,,,,,,,,,,,,,,,,,,,,,
TH2022297Y83R6V,2022-10-24,NOK Corporation,"560 Moo 2, Bangpa-in Industrial Estate, Udomsorayuth Road, T.Klong-Jik, Bang Pa-In, Ayutthaya",TH,Thailand,14.2076981,100.5896489,Electronics,Apple [Public List] (Apple 2019 Facility List)|Apple [Public List] (Apple 2019 Facility List),,,,,,,False,,,,,,,,,,,,,,,,,,,,,,,,,,,,,,,,,,,,,,,,,,,,,,,,,,,,,,,,,,,,,,,,,,,,,,,,,,,,,,,,,,,,,,,,,,,,,,,,,,,,,,,,,,,,,,,,,,,,,,,,,,,,,,,,,,
TH2022297Z43S0K,2022-10-24,Asahi Glass Company Limited,"SAHA Group Industrial Park Lamphun 99/39 Moo 5, T. Pasak, Muang Lamphun, Lamphun",TH,Thailand,18.046653,98.8807953,Electronics,Apple [Public List] (Apple 2019 Facility List),,,,,,,False,,,,,,,,,,,,,,,,,,,,,,,,,,,,,,,,,,,,,,,,,,,,,,,,,,,,,,,,,,,,,,,,,,,,,,,,,,,,,,,,,,,,,,,,,,,,,,,,,,,,,,,,,,,,,,,,,,,,,,,,,,,,,,,,,,
TH2022300J95Z9D,2022-10-24,Murata Manufacturing Company Limited,"Northern Region Industrial Estate, 63 Moo 4, Tambol Ban Klang, Muang Lamphun",TH,Thailand,18.5911522,99.0442566,Electronics,Apple [Public List] (Apple 2019 Facility List),,,,,,,False,,,,,,,,,,,,,,,,,,,,,,,,,,,,,,,,,,,,,,,,,,,,,,,,,,,,,,,,,,,,,,,,,,,,,,,,,,,,,,,,,,,,,,,,,,,,,,,,,,,,,,,,,,,,,,,,,,,,,,,,,,,,,,,,,,
TW202228926WTDF,2022-10-16,Catcher Technology,"398 Renai Street, Yungkang District Tainan, Taiwan",TW,Taiwan,23.0522358,120.2435949,Electronics,Dell [Public List] (Dell 2021 Facility List)|Apple [Public List] (Apple 2019 Facility List),,Catcher Technology,Other direct material suppliers,,Other direct material suppliers,Parts/Components,False,,,,,,,,,,,,,,,,,,,,,,,,,,,,,,,,,,,,,,,,,,,,,,,,,,,,,,,,,,,,,,,,,,,,,,,,,,,,,,,,,,,,,,,,,,,,,,,,,,,,,,,,,,,,,,,,,,,,,,,,,,,,,,,,,,
TW20222898DWW7R,2022-10-16,Broadcom,"18, 20 Nanke 2nd Road, Tainan Science Park, Hsinshi, Tainan, Taiwan",TW,Taiwan,23.0966321,120.2872647,Electronics,Apple [Public List] (Apple 2019 Facility List)|Dell [Public List] (Dell 2021 Facility List),,Broadcom,Other direct material suppliers,,Other direct material suppliers,Parts/Components,False,,,,,,,,,,,,,,,,,,,,,,,,,,,,,,,,,,,,,,,,,,,,,,,,,,,,,,,,,,,,,,,,,,,,,,,,,,,,,,,,,,,,,,,,,,,,,,,,,,,,,,,,,,,,,,,,,,,,,,,,,,,,,,,,,,
TW20222899E0G1C,2022-10-16,Micron Technology,"88 Houke South Road, Houli District, Central Taiwan Science Park, Taichung, Taiwan",TW,Taiwan,24.3174976,120.7256664,Electronics,Dell [Public List] (Dell 2021 Facility List)|Apple [Public List] (Apple 2019 Facility List),,Micron Technology,Other direct material suppliers,,Other direct material suppliers,Parts/Components,False,,,,,,,,,,,,,,,,,,,,,,,,,,,,,,,,,,,,,,,,,,,,,,,,,,,,,,,,,,,,,,,,,,,,,,,,,,,,,,,,,,,,,,,,,,,,,,,,,,,,,,,,,,,,,,,,,,,,,,,,,,,,,,,,,,
TW2022289P5N9EB,2022-10-16,Micron Technology,"429-1 Sanfeng Road, Houli District, Taichung, Taiwan",TW,Taiwan,24.3183857,120.7231148,Electronics,Dell [Public List] (Dell 2021 Facility List)|Apple [Public List] (Apple 2019 Facility List),,Micron Technology,Other direct material suppliers,,Other direct material suppliers,Parts/Components,False,,,,,,,,,,,,,,,,,,,,,,,,,,,,,,,,,,,,,,,,,,,,,,,,,,,,,,,,,,,,,,,,,,,,,,,,,,,,,,,,,,,,,,,,,,,,,,,,,,,,,,,,,,,,,,,,,,,,,,,,,,,,,,,,,,
TW2022289TRQMGH,2022-10-16,Micron Technology,"667 Fuhsing 3rd Road, Hwaya Technology Park, Hsinchu, Taiwan",TW,Taiwan,25.038858,121.3738703,Electronics,Dell [Public List] (Dell 2021 Facility List)|Apple [Public List] (Apple 2019 Facility List),,Micron Technology,Other direct material suppliers,,Other direct material suppliers,Parts/Components,False,,,,,,,,,,,,,,,,,,,,,,,,,,,,,,,,,,,,,,,,,,,,,,,,,,,,,,,,,,,,,,,,,,,,,,,,,,,,,,,,,,,,,,,,,,,,,,,,,,,,,,,,,,,,,,,,,,,,,,,,,,,,,,,,,,
TW2022289W4DY9R,2022-10-16,Pegatron,"5 Shing Yeh Street, Kwei Shan District, Taoyuan, Taiwan",TW,Taiwan,24.9,121.1333333,Electronics,Dell [Public List] (Dell 2021 Facility List)|Apple [Public List] (Apple 2019 Facility List),,Pegatron,Final Assembly | Original Design Manufacturers,,Final Assembly|Original Design Manufacturers,Accessories|Latitude Rugged Notebooks|Latitude Rugged Tablets,False,,,,,,,,,,,,,,,,,,,,,,,,,,,,,,,,,,,,,,,,,,,,,,,,,,,,,,,,,,,,,,,,,,,,,,,,,,,,,,,,,,,,,,,,,,,,,,,,,,,,,,,,,,,,,,,,,,,,,,,,,,,,,,,,,,
TW2022297042CNA,2022-10-24,Unimicron Technology Corporation,"No. 10-1, Renyi Road, Hsinchu Ind. Park, Hsinchu",TW,Taiwan,24.8333767,121.014563,Electronics,Apple [Public List] (Apple 2019 Facility List),,,,,,,False,,,,,,,,,,,,,,,,,,,,,,,,,,,,,,,,,,,,,,,,,,,,,,,,,,,,,,,,,,,,,,,,,,,,,,,,,,,,,,,,,,,,,,,,,,,,,,,,,,,,,,,,,,,,,,,,,,,,,,,,,,,,,,,,,,
TW20222970JQAZN,2022-10-24,Yageo Corporation,"No. 350, Zhongzheng Road, Dashe District, Kaohsiung",TW,Taiwan,22.7396383,120.348687,Electronics,Apple [Public List] (Apple 2019 Facility List),,,,,,,False,,,,,,,,,,,,,,,,,,,,,,,,,,,,,,,,,,,,,,,,,,,,,,,,,,,,,,,,,,,,,,,,,,,,,,,,,,,,,,,,,,,,,,,,,,,,,,,,,,,,,,,,,,,,,,,,,,,,,,,,,,,,,,,,,,
TW20222970ZCGJG,2022-10-24,Texas Instruments Incorporated,"142, Sec. 1, Hsin Nan Road, Chung Ho City, Taipei",TW,Taiwan,25.0329636,121.5654268,Electronics,Apple [Public List] (Apple 2019 Facility List),,,,,,,False,,,,,,,,,,,,,,,,,,,,,,,,,,,,,,,,,,,,,,,,,,,,,,,,,,,,,,,,,,,,,,,,,,,,,,,,,,,,,,,,,,,,,,,,,,,,,,,,,,,,,,,,,,,,,,,,,,,,,,,,,,,,,,,,,,
TW202229722QNN8,2022-10-24,Hon Hai Precision Industry Company Limited (Foxconn),"No. 6, Sec. 2, Huandong Road, Xinshi District, Tainan",TW,Taiwan,23.1053842,120.2844331,Electronics,Apple [Public List] (Apple 2019 Facility List),,,,,,,False,,,,,,,,,,,,,,,,,,,,,,,,,,,,,,,,,,,,,,,,,,,,,,,,,,,,,,,,,,,,,,,,,,,,,,,,,,,,,,,,,,,,,,,,,,,,,,,,,,,,,,,,,,,,,,,,,,,,,,,,,,,,,,,,,,
TW20222972BQQZX,2022-10-24,Nanya Technology Corporation - New Taipei,"Nanya FAB-3A No. 98 Nanlin Road, Taishan Dist., New Taipei City, Taiwan, 246-08",TW,Taiwan,25.0471845,121.4148571,Electronics,"Amazon.com, Inc. (Amazon Facility List 2024)|Amazon.com, Inc. (Amazon Facility List 2022)|Apple [Public List] (Apple 2019 Facility List)|Amazon.com, Inc. (Amazon Facility List 2023)",101-500|487,,Finished goods,,Finished goods,,False,,,,,,,,,,,,,,,,,,,,,,,,,,,,,,,,,,,,,,,,,,,,,,,,,,,,,,,,,,,,,,,,,,,,,,,,,,,,,,,,,,,,,,,,,,,,,,,,,,,,,,,,,,,,,,,,,,,,,,,,,,,,,,,,,,
TW20222972GW2M7,2022-10-24,Taiwan Hodaka Technology Company Limited,"No. 2 Huandong Road, Section 1, Sinshih District, Tainan",TW,Taiwan,23.1052986,120.2840219,Electronics,Apple [Public List] (Apple 2019 Facility List),,,,,,,False,,,,,,,,,,,,,,,,,,,,,,,,,,,,,,,,,,,,,,,,,,,,,,,,,,,,,,,,,,,,,,,,,,,,,,,,,,,,,,,,,,,,,,,,,,,,,,,,,,,,,,,,,,,,,,,,,,,,,,,,,,,,,,,,,,
TW20222972KVX2J,2022-10-24,Advanced Semiconductor Engineering Incorporated,"No. 107, Neihuan North Road, Nanzi District, Kaohsiung",TW,Taiwan,22.7238679,120.2998768,Electronics,Apple [Public List] (Apple 2019 Facility List),,,,,,,False,,,,,,,,,,,,,,,,,,,,,,,,,,,,,,,,,,,,,,,,,,,,,,,,,,,,,,,,,,,,,,,,,,,,,,,,,,,,,,,,,,,,,,,,,,,,,,,,,,,,,,,,,,,,,,,,,,,,,,,,,,,,,,,,,,
TW20222973D1ZH4,2022-10-24,Compeq Manufacturing Company Limited,"No. 91, Lane 814, Ta Hsin Road, Shin Chuang Village, Lu Chu Hsiang, Taoyuan",TW,Taiwan,25.061988,121.192613,Electronics,Apple [Public List] (Apple 2019 Facility List),,,,,,,False,,,,,,,,,,,,,,,,,,,,,,,,,,,,,,,,,,,,,,,,,,,,,,,,,,,,,,,,,,,,,,,,,,,,,,,,,,,,,,,,,,,,,,,,,,,,,,,,,,,,,,,,,,,,,,,,,,,,,,,,,,,,,,,,,,
TW20222974E02RF,2022-10-24,Advanced Semiconductor Engineering Incorporated,"1F, 550, Chung-Hwa Road, Section 1, Chungli, Taoyuan",TW,Taiwan,25.0770126,121.2320401,Electronics,Apple [Public List] (Apple 2019 Facility List),,,,,,,False,,,,,,,,,,,,,,,,,,,,,,,,,,,,,,,,,,,,,,,,,,,,,,,,,,,,,,,,,,,,,,,,,,,,,,,,,,,,,,,,,,,,,,,,,,,,,,,,,,,,,,,,,,,,,,,,,,,,,,,,,,,,,,,,,,
TW20222974FJX05,2022-10-24,Unitech Printed Circuit Board Corporation,"No. 3, Lane 4, Chung Shan Road Tucheng Dist., New Taipei City, Taiwan R.O.C., Taipei, Taipei, ",TW,Taiwan,24.9602007,121.4123396,Electronics,"Amazon.com, Inc. (Amazon Facility List 2024)|Amazon.com, Inc. (Amazon Facility List 2022)|Apple [Public List] (Apple 2019 Facility List)|Amazon.com, Inc. (Amazon Facility List 2023)",1000|2907,,Finished goods,,Finished goods,,False,,,,,,,,,,,,,,,,,,,,,,,,,,,,,,,,,,,,,,,,,,,,,,,,,,,,,,,,,,,,,,,,,,,,,,,,,,,,,,,,,,,,,,,,,,,,,,,,,,,,,,,,,,,,,,,,,,,,,,,,,,,,,,,,,,
TW20222974ZKT9W,2022-10-24,Mektec Corporation,"No.48 Chung-Heng St., Hsiao-Kang District, Kaohsiung, Kaohsiung, ",TW,Taiwan,22.5553185,120.3608455,Electronics,"A Brand / Retailer|Amazon.com, Inc. (Amazon Facility List 2026)|Amazon.com, Inc. (Amazon Facility List 2024)|Amazon.com, Inc. (Amazon Facility List 2022)|Apple [Public List] (Apple 2019 Facility List)|Amazon.com, Inc. (Amazon Facility List 2023)",501-1000|748,,Finished goods,,Finished goods|Finished goods,,False,,,,,,,,,,,,,,,,,,,,,,,,,,,,,,,,,,,,,,,,,,,,,,,,,,,,,,,,,,,,,,,,,,,,,,,,,,,,,,,,,,,,,,,,,,,,,,,,,,,,,,,,,,,,,,,,,,,,,,,,,,,,,,,,,,
TW20222976J3BS2,2022-10-24,Nanya Technology Corporation,"No. 338 Sec. 1 Nankan Road, Taoyuan",TW,Taiwan,25.0462073,121.2953089,Electronics,Apple [Public List] (Apple 2019 Facility List),,,,,,,False,,,,,,,,,,,,,,,,,,,,,,,,,,,,,,,,,,,,,,,,,,,,,,,,,,,,,,,,,,,,,,,,,,,,,,,,,,,,,,,,,,,,,,,,,,,,,,,,,,,,,,,,,,,,,,,,,,,,,,,,,,,,,,,,,,
TW20222976YKAX1,2022-10-24,Yageo Corporation,"No. 291, Zhongzheng Road, Dashe District, Kaohsiung",TW,Taiwan,22.7394995,120.3484368,Electronics,Apple [Public List] (Apple 2019 Facility List),,,,,,,False,,,,,,,,,,,,,,,,,,,,,,,,,,,,,,,,,,,,,,,,,,,,,,,,,,,,,,,,,,,,,,,,,,,,,,,,,,,,,,,,,,,,,,,,,,,,,,,,,,,,,,,,,,,,,,,,,,,,,,,,,,,,,,,,,,
TW20222977ST1B9,2022-10-24,Shin Zu Shing Company Limited,"No. 174, Jyunying Street, Shulin District, Taipei",TW,Taiwan,25.0075344,121.4261723,Electronics,Apple [Public List] (Apple 2019 Facility List),,,,,,,False,,,,,,,,,,,,,,,,,,,,,,,,,,,,,,,,,,,,,,,,,,,,,,,,,,,,,,,,,,,,,,,,,,,,,,,,,,,,,,,,,,,,,,,,,,,,,,,,,,,,,,,,,,,,,,,,,,,,,,,,,,,,,,,,,,
TW20222978X82XF,2022-10-24,Amkor Technology Incorporated,"11 Guangfu Road, Hsinchu Industrial ParkHukou County, Hsinchu",TW,Taiwan,24.8724881,121.0382357,Electronics,Apple [Public List] (Apple 2019 Facility List)|Apple [Public List] (Apple 2019 Facility List),,,,,,,False,,,,,,,,,,,,,,,,,,,,,,,,,,,,,,,,,,,,,,,,,,,,,,,,,,,,,,,,,,,,,,,,,,,,,,,,,,,,,,,,,,,,,,,,,,,,,,,,,,,,,,,,,,,,,,,,,,,,,,,,,,,,,,,,,,
TW202229792RM1V,2022-10-24,Taiwan Semiconductor Manufacturing Company Limited,"No. 1, Nan-Ke North Road, Tainan Science Park, Tainan",TW,Taiwan,23.11346,120.2722,Electronics,Apple [Public List] (Apple 2019 Facility List)|Apple [Public List] (Apple 2019 Facility List)|Apple [Public List] (Apple 2019 Facility List),,,,,,,False,,,,,,,,,,,,,,,,,,,,,,,,,,,,,,,,,,,,,,,,,,,,,,,,,,,,,,,,,,,,,,,,,,,,,,,,,,,,,,,,,,,,,,,,,,,,,,,,,,,,,,,,,,,,,,,,,,,,,,,,,,,,,,,,,,
TW20222979523C2,2022-10-24,Unimicron Technology Corporation,"No. 177, Shan Ying Road, Kwei Shan Industrial Park, Taoyuan",TW,Taiwan,24.9817929,121.3304604,Electronics,Apple [Public List] (Apple 2019 Facility List)|A Civil Society Organization|Alliance for Water Stewardship [Public List] (Alliance for Water Stewardship 2022 Facility List),,,,,,Semiconductor Manufacturing,False,,,,,,,,,,,,,,,,,,,,,,,,,,,,,,,,,,,,,,,,,,,,,,,,,,,,,,,,,,,,,,,,,,,,,,,,,,,,,,,,,,,,,,,,,,,,,,,,,,,,,,,,,,,,,,,,,,,,,,,,,,,,,,,,,,
TW2022297CK50MV,2022-10-24,Taiwan Semiconductor Manufacturing Company Limited,"Fab 12, No. 8, Li-Hsin Road 6, Hsinchu Science Park, Hsinchu",TW,Taiwan,24.7731534,121.0158823,Electronics,Apple [Public List] (Apple 2019 Facility List),,,,,,,False,,,,,,,,,,,,,,,,,,,,,,,,,,,,,,,,,,,,,,,,,,,,,,,,,,,,,,,,,,,,,,,,,,,,,,,,,,,,,,,,,,,,,,,,,,,,,,,,,,,,,,,,,,,,,,,,,,,,,,,,,,,,,,,,,,
TW2022297CTBEXZ,2022-10-24,Jiangsu Changjiang Electronics Technology Company Limited,"No. 176-5, 6 Ling, Hua Lung Chun, Chiung Lin, Hsinchu",TW,Taiwan,24.8138287,120.9674798,Electronics,Apple [Public List] (Apple 2019 Facility List),,,,,,,False,,,,,,,,,,,,,,,,,,,,,,,,,,,,,,,,,,,,,,,,,,,,,,,,,,,,,,,,,,,,,,,,,,,,,,,,,,,,,,,,,,,,,,,,,,,,,,,,,,,,,,,,,,,,,,,,,,,,,,,,,,,,,,,,,,
TW2022297CV6PZ5,2022-10-24,Amkor Technology Incorporated,"1F, No. 1 Kao-Ping Section, Chung-Feng Road, Lung Tan Township, Taoyuan",TW,Taiwan,24.8444927,121.2053963,Electronics,Apple [Public List] (Apple 2019 Facility List),,,,,,,False,,,,,,,,,,,,,,,,,,,,,,,,,,,,,,,,,,,,,,,,,,,,,,,,,,,,,,,,,,,,,,,,,,,,,,,,,,,,,,,,,,,,,,,,,,,,,,,,,,,,,,,,,,,,,,,,,,,,,,,,,,,,,,,,,,
TW2022297D0ZRAH,2022-10-24,Unimicron Technology Corporation,"No. 21 Lane 470, Section 2, Nanshan Road, LuChu Township, Taoyuan",TW,Taiwan,25.0733451,121.2879163,Electronics,Apple [Public List] (Apple 2019 Facility List),,,,,,,False,,,,,,,,,,,,,,,,,,,,,,,,,,,,,,,,,,,,,,,,,,,,,,,,,,,,,,,,,,,,,,,,,,,,,,,,,,,,,,,,,,,,,,,,,,,,,,,,,,,,,,,,,,,,,,,,,,,,,,,,,,,,,,,,,,
TW2022297DDPH15,2022-10-24,Darfon Electronics Corporation,"21 Industry 2nd Road, Tainan",TW,Taiwan,22.9997281,120.2270277,Electronics,Apple [Public List] (Apple 2019 Facility List),,,,,,,False,,,,,,,,,,,,,,,,,,,,,,,,,,,,,,,,,,,,,,,,,,,,,,,,,,,,,,,,,,,,,,,,,,,,,,,,,,,,,,,,,,,,,,,,,,,,,,,,,,,,,,,,,,,,,,,,,,,,,,,,,,,,,,,,,,
TW2022297E0QJ3X,2022-10-24,Taiwan Semiconductor Manufacturing Company Limited,"101 Longyuan 6th Road, Longtan Dist, Taoyuan",TW,Taiwan,24.8836369,121.1855573,Electronics,Apple [Public List] (Apple 2019 Facility List),,,,,,,False,,,,,,,,,,,,,,,,,,,,,,,,,,,,,,,,,,,,,,,,,,,,,,,,,,,,,,,,,,,,,,,,,,,,,,,,,,,,,,,,,,,,,,,,,,,,,,,,,,,,,,,,,,,,,,,,,,,,,,,,,,,,,,,,,,
TW2022297EBG84R,2022-10-24,Kinsus Interconnect Technology Corporation,"No. 1245, Junghua Road, Shin-Wu Shiang, Taoyuan",TW,Taiwan,24.9932513,121.1006601,Electronics,Apple [Public List] (Apple 2019 Facility List),,,,,,,False,,,,,,,,,,,,,,,,,,,,,,,,,,,,,,,,,,,,,,,,,,,,,,,,,,,,,,,,,,,,,,,,,,,,,,,,,,,,,,,,,,,,,,,,,,,,,,,,,,,,,,,,,,,,,,,,,,,,,,,,,,,,,,,,,,
TW2022297FKNQZG,2022-10-24,Unimicron Technology Corporation,"No. 38, Xingbang Road, Guishan Industrial Park, Taoyuan",TW,Taiwan,24.9823089,121.324364,Electronics,Apple [Public List] (Apple 2019 Facility List),,,,,,,False,,,,,,,,,,,,,,,,,,,,,,,,,,,,,,,,,,,,,,,,,,,,,,,,,,,,,,,,,,,,,,,,,,,,,,,,,,,,,,,,,,,,,,,,,,,,,,,,,,,,,,,,,,,,,,,,,,,,,,,,,,,,,,,,,,
TW2022297G8BKNE,2022-10-24,Kinsus Interconnect Technology Corporation,"No. 526, Sec. 2, Jianxing Road, Xinfeng, Hsinchu",TW,Taiwan,24.892963,120.9875838,Electronics,Apple [Public List] (Apple 2019 Facility List),,,,,,,False,,,,,,,,,,,,,,,,,,,,,,,,,,,,,,,,,,,,,,,,,,,,,,,,,,,,,,,,,,,,,,,,,,,,,,,,,,,,,,,,,,,,,,,,,,,,,,,,,,,,,,,,,,,,,,,,,,,,,,,,,,,,,,,,,,
TW2022297GE9AG4,2022-10-24,Advanced Semiconductor Engineering Incorporated,"No. 2, Chuangyi South Road, Nanzi District, Kaohsiung",TW,Taiwan,22.7131563,120.3020301,Electronics,Apple [Public List] (Apple 2019 Facility List),,,,,,,False,,,,,,,,,,,,,,,,,,,,,,,,,,,,,,,,,,,,,,,,,,,,,,,,,,,,,,,,,,,,,,,,,,,,,,,,,,,,,,,,,,,,,,,,,,,,,,,,,,,,,,,,,,,,,,,,,,,,,,,,,,,,,,,,,,
TW2022297JCBKTS,2022-10-24,Delta Electronics Incorporated,"2 R&D 2nd Road, Science-Based Industrial Park, Hsinchu",TW,Taiwan,24.8138287,120.9674798,Electronics,Apple [Public List] (Apple 2019 Facility List),,,,,,,False,,,,,,,,,,,,,,,,,,,,,,,,,,,,,,,,,,,,,,,,,,,,,,,,,,,,,,,,,,,,,,,,,,,,,,,,,,,,,,,,,,,,,,,,,,,,,,,,,,,,,,,,,,,,,,,,,,,,,,,,,,,,,,,,,,
TW2022297KWDBS3,2022-10-24,NOK Corporation,"No. 166-21, Liaozibu, Madou Distict, Tainan",TW,Taiwan,23.1763401,120.2397336,Electronics,Apple [Public List] (Apple 2019 Facility List),,,,,,,False,,,,,,,,,,,,,,,,,,,,,,,,,,,,,,,,,,,,,,,,,,,,,,,,,,,,,,,,,,,,,,,,,,,,,,,,,,,,,,,,,,,,,,,,,,,,,,,,,,,,,,,,,,,,,,,,,,,,,,,,,,,,,,,,,,
TW2022297MCN41X,2022-10-24,Corning Incorporated,"No. 33 Section 2, HaunDong Road, Tainan Science Based Industrial Park, Tainan",TW,Taiwan,23.1181074,120.2784595,Electronics,Apple [Public List] (Apple 2019 Facility List),,,,,,,False,,,,,,,,,,,,,,,,,,,,,,,,,,,,,,,,,,,,,,,,,,,,,,,,,,,,,,,,,,,,,,,,,,,,,,,,,,,,,,,,,,,,,,,,,,,,,,,,,,,,,,,,,,,,,,,,,,,,,,,,,,,,,,,,,,
TW2022297MZ9JXE,2022-10-24,NXP Semiconductors N.V.,"10 Chin 5th Road NEPZ, Kaohsiung",TW,Taiwan,22.7255618,120.3007752,Electronics,Apple [Public List] (Apple 2019 Facility List),,,,,,,False,,,,,,,,,,,,,,,,,,,,,,,,,,,,,,,,,,,,,,,,,,,,,,,,,,,,,,,,,,,,,,,,,,,,,,,,,,,,,,,,,,,,,,,,,,,,,,,,,,,,,,,,,,,,,,,,,,,,,,,,,,,,,,,,,,
TW2022297PMNGZH,2022-10-24,Jabil Incorporated,"No. 266, Sec. 1, Shen-Lin Road, Ta Ya 428, Taichung",TW,Taiwan,24.229146,120.6545578,Electronics,Apple [Public List] (Apple 2019 Facility List),,,,,,,False,,,,,,,,,,,,,,,,,,,,,,,,,,,,,,,,,,,,,,,,,,,,,,,,,,,,,,,,,,,,,,,,,,,,,,,,,,,,,,,,,,,,,,,,,,,,,,,,,,,,,,,,,,,,,,,,,,,,,,,,,,,,,,,,,,
TW2022297QZ797G,2022-10-24,TDK Corporation,"1F, 9 Prosperity 1st Road, Hsinchu",TW,Taiwan,24.8138287,120.9674798,Electronics,Apple [Public List] (Apple 2019 Facility List),,,,,,,False,,,,,,,,,,,,,,,,,,,,,,,,,,,,,,,,,,,,,,,,,,,,,,,,,,,,,,,,,,,,,,,,,,,,,,,,,,,,,,,,,,,,,,,,,,,,,,,,,,,,,,,,,,,,,,,,,,,,,,,,,,,,,,,,,,
TW2022297RXT1K6,2022-10-24,NOK Corporation,"No. 20 Dayou 1st Street, Da-Liao District, Kaohsiung",TW,Taiwan,22.589198,120.427048,Electronics,Apple [Public List] (Apple 2019 Facility List),,,,,,,False,,,,,,,,,,,,,,,,,,,,,,,,,,,,,,,,,,,,,,,,,,,,,,,,,,,,,,,,,,,,,,,,,,,,,,,,,,,,,,,,,,,,,,,,,,,,,,,,,,,,,,,,,,,,,,,,,,,,,,,,,,,,,,,,,,
TW2022297SVNMZZ,2022-10-24,Taiwan Semiconductor Manufacturing Company Limited,"168, Park Avenue II, Hsinchu Science Park, Hsinchu",TW,Taiwan,24.7823005,121.0062859,Electronics,Apple [Public List] (Apple 2019 Facility List),,,,,,,False,,,,,,,,,,,,,,,,,,,,,,,,,,,,,,,,,,,,,,,,,,,,,,,,,,,,,,,,,,,,,,,,,,,,,,,,,,,,,,,,,,,,,,,,,,,,,,,,,,,,,,,,,,,,,,,,,,,,,,,,,,,,,,,,,,
TW2022297T2RCGK,2022-10-24,Career Technology (Mfg.) Company Limited,"248 Bo'ai Street, Shulin District, Taipei",TW,Taiwan,24.9850038,121.4233061,Electronics,Apple [Public List] (Apple 2019 Facility List),,,,,,,False,,,,,,,,,,,,,,,,,,,,,,,,,,,,,,,,,,,,,,,,,,,,,,,,,,,,,,,,,,,,,,,,,,,,,,,,,,,,,,,,,,,,,,,,,,,,,,,,,,,,,,,,,,,,,,,,,,,,,,,,,,,,,,,,,,
TW2022297T84RCD,2022-10-24,Taiwan Semiconductor Manufacturing Company Limited,"No. 9, Creation Road I, Hsinchu Science Park, Hsinchu",TW,Taiwan,24.7823005,121.0062859,Electronics,Apple [Public List] (Apple 2019 Facility List)|Apple [Public List] (Apple 2019 Facility List),,,,,,,False,,,,,,,,,,,,,,,,,,,,,,,,,,,,,,,,,,,,,,,,,,,,,,,,,,,,,,,,,,,,,,,,,,,,,,,,,,,,,,,,,,,,,,,,,,,,,,,,,,,,,,,,,,,,,,,,,,,,,,,,,,,,,,,,,,
TW2022297XFN2W2,2022-10-24,"Largan Precision Co., Ltd.","No. 11  Jingke Road, Nantun District, Taichung, , 408",TW,Taiwan,24.1471535,120.6043709,Electronics,"Amazon.com, Inc. (Amazon Facility List 2024)|Amazon.com, Inc. (Amazon Facility List 2022)|Apple [Public List] (Apple 2019 Facility List)|Amazon.com, Inc. (Amazon Facility List 2023)",501-1000|623,,Finished goods,,Finished goods,,False,,,,,,,,,,,,,,,,,,,,,,,,,,,,,,,,,,,,,,,,,,,,,,,,,,,,,,,,,,,,,,,,,,,,,,,,,,,,,,,,,,,,,,,,,,,,,,,,,,,,,,,,,,,,,,,,,,,,,,,,,,,,,,,,,,
TW2022297XFRKJC,2022-10-24,Amkor Technology Incorporated,"No. 39 GuangFu North Road, Hsinchu Industrial Park, Hsinchu",TW,Taiwan,24.8742968,121.0308245,Electronics,Apple [Public List] (Apple 2019 Facility List),,,,,,,False,,,,,,,,,,,,,,,,,,,,,,,,,,,,,,,,,,,,,,,,,,,,,,,,,,,,,,,,,,,,,,,,,,,,,,,,,,,,,,,,,,,,,,,,,,,,,,,,,,,,,,,,,,,,,,,,,,,,,,,,,,,,,,,,,,
TW2022297XWCASB,2022-10-24,Flexium Interconnect Incorporated,"No. 23, Juguang 1st Street, Tafa Industrial Park, Daliao District, Kaohsiung",TW,Taiwan,22.5804829,120.4238478,Electronics,"Amazon.com, Inc. (Amazon Facility List 2024)|Apple [Public List] (Apple 2019 Facility List)",703,,Finished goods,,Finished goods,,False,,,,,,,,,,,,,,,,,,,,,,,,,,,,,,,,,,,,,,,,,,,,,,,,,,,,,,,,,,,,,,,,,,,,,,,,,,,,,,,,,,,,,,,,,,,,,,,,,,,,,,,,,,,,,,,,,,,,,,,,,,,,,,,,,,
TW2022297XXKJGJ,2022-10-24,Trinseo S.A.,"No. 17 Renjen Road, Hsinchu Industrial Park, Hukou, Hsinchu",TW,Taiwan,24.878755,121.006546,Electronics,Apple [Public List] (Apple 2019 Facility List),,,,,,,False,,,,,,,,,,,,,,,,,,,,,,,,,,,,,,,,,,,,,,,,,,,,,,,,,,,,,,,,,,,,,,,,,,,,,,,,,,,,,,,,,,,,,,,,,,,,,,,,,,,,,,,,,,,,,,,,,,,,,,,,,,,,,,,,,,
TW2022297XY9ZFN,2022-10-24,Taiwan Semiconductor Manufacturing Company Limited,"No. 1, Keya 6th Road, Taichung",TW,Taiwan,24.2122877,120.6157161,Electronics,Apple [Public List] (Apple 2019 Facility List),,,,,,,False,,,,,,,,,,,,,,,,,,,,,,,,,,,,,,,,,,,,,,,,,,,,,,,,,,,,,,,,,,,,,,,,,,,,,,,,,,,,,,,,,,,,,,,,,,,,,,,,,,,,,,,,,,,,,,,,,,,,,,,,,,,,,,,,,,
TW2022301XS1Z1C,2022-10-24,Unitech Printed Circuit Board Corporation,"No. 36, Dingping Road, Su'ao Township, Yilan",TW,Taiwan,24.6398688,121.8362716,Electronics,Apple [Public List] (Apple 2019 Facility List),,,,,,,False,,,,,,,,,,,,,,,,,,,,,,,,,,,,,,,,,,,,,,,,,,,,,,,,,,,,,,,,,,,,,,,,,,,,,,,,,,,,,,,,,,,,,,,,,,,,,,,,,,,,,,,,,,,,,,,,,,,,,,,,,,,,,,,,,,
US20222899KY7MP,2022-10-16,Intel,"1600 Rio Rancho Boulevard, S. M/S Rr7-305, Rio Rancho, New Mexico, United States of America",US,United States,35.2248479,-106.6602222,Electronics,Planet Tracker (Planet Tracker Facility List July 2026)|Dell [Public List] (Dell 2021 Facility List)|Apple [Public List] (Apple 2019 Facility List),,INTEL CORPORATION|Intel,Other direct material suppliers,,Other direct material suppliers,Parts/Components,False,,,,,,,,,,,,,,,,,,,,,,,,,,,,,,,,,,,,,,,,,,,,,,,,,,,,,,,,,,,,,,,,,,,,,,,,,,,,,,,,,,,,,,,,,,,,,,,,,,,,,,,,,,,,,,,,,,,,,,,,,,,,,,,,https://livingwage.mit.edu/counties/35043,View local living wage,
US2022289BK4VNK,2022-10-16,Intel,"4500 S. Dobson Road M/S Oc2-222, Chandler, Arizona, United States of America",US,United States,33.2407717,-111.8805546,Electronics,Dell [Public List] (Dell 2021 Facility List)|Apple [Public List] (Apple 2019 Facility List),,Intel,Other direct material suppliers,,Other direct material suppliers,Parts/Components,False,,,,,,,,,,,,,,,,,,,,,,,,,,,,,,,,,,,,,,,,,,,,,,,,,,,,,,,,,,,,,,,,,,,,,,,,,,,,,,,,,,,,,,,,,,,,,,,,,,,,,,,,,,,,,,,,,,,,,,,,,,,,,,,,https://livingwage.mit.edu/counties/04013,View local living wage,
US2022289F6ZKZ7,2022-10-16,Maxim Integrated Products Inc.,"160 Rio Robles Drive, San Jose, CA, United States",US,United States,37.4054899,-121.9499774,Electronics,A Brand / Retailer|Samsung [Public List] (Samsung 2021 Facility List)|Apple [Public List] (Apple 2019 Facility List),,Maxim Integrated Products Inc.,,,,,False,,,,,,,,,,,,,,,,,,,,,,,,,,,,,,,,,,,,,,,,,,,,,,,,,,,,,,,,,,,,,,,,,,,,,,,,,,,,,,,,,,,,,,,,,,,,,,,,,,,,,,,,,,,,,,,,,,,,,,,,,,,,,,,,https://livingwage.mit.edu/counties/06085,View local living wage,
US2022289SWVDEC,2022-10-16,Intel,"2501 NW 229th Avenue, Hillsboro, Oregon, United States of America",US,United States,45.5470464,-122.9138953,Electronics,Dell [Public List] (Dell 2021 Facility List)|Apple [Public List] (Apple 2019 Facility List),,Intel,Other direct material suppliers,,Other direct material suppliers,Parts/Components,False,,,,,,,,,,,,,,,,,,,,,,,,,,,,,,,,,,,,,,,,,,,,,,,,,,,,,,,,,,,,,,,,,,,,,,,,,,,,,,,,,,,,,,,,,,,,,,,,,,,,,,,,,,,,,,,,,,,,,,,,,,,,,,,,https://livingwage.mit.edu/counties/41067,View local living wage,
US20222970AW2AJ,2022-10-24,Microchip Technology Incorporated,"2325 Orchard Parkway, San Jose, California",US,United States,37.3770845,-121.9275781,Electronics,Apple [Public List] (Apple 2019 Facility List),,,,,,,False,,,,,,,,,,,,,,,,,,,,,,,,,,,,,,,,,,,,,,,,,,,,,,,,,,,,,,,,,,,,,,,,,,,,,,,,,,,,,,,,,,,,,,,,,,,,,,,,,,,,,,,,,,,,,,,,,,,,,,,,,,,,,,,,https://livingwage.mit.edu/counties/06085,View local living wage,
US20222970HRKXS,2022-10-24,Corning Incorporated,"680 E. Office Street, Harrodsburg, Kentucky",US,United States,37.7576524,-84.829747,Chemicals|Commodities|Electronics|Waste Management,US Environmental Protection Agency (EPA) [Public List] (Toxics Release Inventory (TRI) Program (2021) Production Locations - 2)|Apple [Public List] (Apple 2019 Facility List),,,On-site Chemical Disposal | Off-site Chemical Disposal,,Onsite Chemical Disposal|Offsite Chemical Disposal,,False,,,,,,,,,,,,,,,,,,,,,,,,,,,,,,,,,,,,,,,,,,,,,,,,,,,,,,,,,,,,,,,,,,,,,,,,,,,,,,,,,,,,,,,,,,,,,,,,,,,,,,,,,,,,,,,,,,,,,,,,,,,,,,,,https://livingwage.mit.edu/counties/21167,View local living wage,
US202229711E6VH,2022-10-24,Cypress Semiconductor Corporation,"5204 E. Ben White Boulevard, Austin, Texas",US,United States,30.2181307,-97.7224909,Electronics,Apple [Public List] (Apple 2019 Facility List),,,,,,,False,,,,,,,,,,,,,,,,,,,,,,,,,,,,,,,,,,,,,,,,,,,,,,,,,,,,,,,,,,,,,,,,,,,,,,,,,,,,,,,,,,,,,,,,,,,,,,,,,,,,,,,,,,,,,,,,,,,,,,,,,,,,,,,,https://livingwage.mit.edu/counties/48453,View local living wage,
US202229715GXN8,2022-10-24,Flex Limited,"12455 Research Boulevard, Austin, Texas",US,United States,30.43608099999999,-97.7533479,Electronics,Apple [Public List] (Apple 2019 Facility List),,,,,,,False,,,,,,,,,,,,,,,,,,,,,,,,,,,,,,,,,,,,,,,,,,,,,,,,,,,,,,,,,,,,,,,,,,,,,,,,,,,,,,,,,,,,,,,,,,,,,,,,,,,,,,,,,,,,,,,,,,,,,,,,,,,,,,,,https://livingwage.mit.edu/counties/48453,View local living wage,
US20222971F9WK8,2022-10-24,ON Semiconductor Corporation,"2300 West Buckskin Road, Pocatello, Idaho",US,United States,42.8659351,-112.4148535,Electronics,Apple [Public List] (Apple 2019 Facility List),,,,,,,False,,,,,,,,,,,,,,,,,,,,,,,,,,,,,,,,,,,,,,,,,,,,,,,,,,,,,,,,,,,,,,,,,,,,,,,,,,,,,,,,,,,,,,,,,,,,,,,,,,,,,,,,,,,,,,,,,,,,,,,,,,,,,,,,https://livingwage.mit.edu/counties/16005,View local living wage,
US202229720ECFB,2022-10-24,Amphenol Corporation,"825 Old Trail Road, Etters, Pennsylvania",US,United States,40.16033230000001,-76.818936,Electronics,Apple [Public List] (Apple 2019 Facility List),,,,,,,False,,,,,,,,,,,,,,,,,,,,,,,,,,,,,,,,,,,,,,,,,,,,,,,,,,,,,,,,,,,,,,,,,,,,,,,,,,,,,,,,,,,,,,,,,,,,,,,,,,,,,,,,,,,,,,,,,,,,,,,,,,,,,,,,https://livingwage.mit.edu/counties/42133,View local living wage,
US20222972R6235,2022-10-24,3M Company,"905 Adams Street, Hutchinson, Minnesota",US,United States,44.8819436,-94.3635018,Electronics,Apple [Public List] (Apple 2019 Facility List),,,,,,,False,,,,,,,,,,,,,,,,,,,,,,,,,,,,,,,,,,,,,,,,,,,,,,,,,,,,,,,,,,,,,,,,,,,,,,,,,,,,,,,,,,,,,,,,,,,,,,,,,,,,,,,,,,,,,,,,,,,,,,,,,,,,,,,,https://livingwage.mit.edu/counties/27085,View local living wage,
US20222972XC74P,2022-10-24,ON Semiconductor Corporation,"333 Western Ave, South Portland, Maine",US,United States,43.6407309,-70.3252011,Electronics,Apple [Public List] (Apple 2019 Facility List),,,,,,,False,,,,,,,,,,,,,,,,,,,,,,,,,,,,,,,,,,,,,,,,,,,,,,,,,,,,,,,,,,,,,,,,,,,,,,,,,,,,,,,,,,,,,,,,,,,,,,,,,,,,,,,,,,,,,,,,,,,,,,,,,,,,,,,,https://livingwage.mit.edu/counties/23005,View local living wage,
US20222972ZXCZ9,2022-10-24,SABIC Innovative Plastics,"1 Lexan Lane, Mount Vernon, Indiana",US,United States,37.9059306,-87.9329422,Chemicals|Commodities|Electronics|Toys|Waste Management,US Environmental Protection Agency (EPA) [Public List] (Toxics Release Inventory (TRI) Program (2021) Production Locations - 1)|The LEGO Group [Public List] (The Lego Group 2022 Facility List)|Apple [Public List] (Apple 2019 Facility List)|A Brand / Retailer,,,On-site Chemical Disposal | Off-site Chemical Disposal,,Offsite Chemical Disposal|Onsite Chemical Disposal,,False,,,,,,,,,,,,,,,,,,,,,,,,,,,,,,,,,,,,,,,,,,,,,,,,,,,,,,,,,,,,,,,,,,,,,,,,,,,,,,,,,,,,,,,,,,,,,,,,,,,,,,,,,,,,,,,,,,,,,,,,,,,,,,,,https://livingwage.mit.edu/counties/18129,View local living wage,
US202229733DZWE,2022-10-24,Qorvo Incorporated,"7628 Thorndike Road, Greensboro, North Carolina",US,United States,36.0763408,-79.9651702,Electronics,"A Brand / Retailer|Amazon.com, Inc. (Amazon Facility List 2026)|Amazon.com, Inc. (Amazon Facility List 2024)|Amazon.com, Inc. (Amazon Facility List 2022)|Apple [Public List] (Apple 2019 Facility List)|Amazon.com, Inc. (Amazon Facility List 2023)",0,,Finished goods,,Finished goods|Finished goods,,False,,,,,,,,,,,,,,,,,,,,,,,,,,,,,,,,,,,,,,,,,,,,,,,,,,,,,,,,,,,,,,,,,,,,,,,,,,,,,,,,,,,,,,,,,,,,,,,,,,,,,,,,,,,,,,,,,,,,,,,,,,,,,,,,https://livingwage.mit.edu/counties/37081,View local living wage,
US2022297391VFQ,2022-10-24,TDK Corporation,"2435 Alpine Road, Eau Claire, Wisconsin",US,United States,44.8393241,-91.53993,Electronics,Apple [Public List] (Apple 2019 Facility List),,,,,,,False,,,,,,,,,,,,,,,,,,,,,,,,,,,,,,,,,,,,,,,,,,,,,,,,,,,,,,,,,,,,,,,,,,,,,,,,,,,,,,,,,,,,,,,,,,,,,,,,,,,,,,,,,,,,,,,,,,,,,,,,,,,,,,,,https://livingwage.mit.edu/counties/55035,View local living wage,
US20222974QY06Z,2022-10-24,II-VI Incorporated,"1606 Rion Drive, Champaign, Illinois",US,United States,40.1598486,-88.2714379,Electronics,Apple [Public List] (Apple 2019 Facility List),,,,,,,False,,,,,,,,,,,,,,,,,,,,,,,,,,,,,,,,,,,,,,,,,,,,,,,,,,,,,,,,,,,,,,,,,,,,,,,,,,,,,,,,,,,,,,,,,,,,,,,,,,,,,,,,,,,,,,,,,,,,,,,,,,,,,,,,https://livingwage.mit.edu/counties/17019,View local living wage,
US202229756MZGE,2022-10-24,Hon Hai Precision Industry Company Limited (Foxconn),"5650 Alliance Gateway Freeway, Fort Worth, Texas",US,United States,32.9832646,-97.24135109999999,Electronics,Apple [Public List] (Apple 2019 Facility List),,,,,,,False,,,,,,,,,,,,,,,,,,,,,,,,,,,,,,,,,,,,,,,,,,,,,,,,,,,,,,,,,,,,,,,,,,,,,,,,,,,,,,,,,,,,,,,,,,,,,,,,,,,,,,,,,,,,,,,,,,,,,,,,,,,,,,,,https://livingwage.mit.edu/counties/48439,View local living wage,
US202229759W2ET,2022-10-24,Pegatron Corporation,"3011 Laguna Boulevard, Elk Grove, California",US,United States,38.4293339,-121.471148,Electronics,Apple [Public List] (Apple 2019 Facility List),,,,,,,False,,,,,,,,,,,,,,,,,,,,,,,,,,,,,,,,,,,,,,,,,,,,,,,,,,,,,,,,,,,,,,,,,,,,,,,,,,,,,,,,,,,,,,,,,,,,,,,,,,,,,,,,,,,,,,,,,,,,,,,,,,,,,,,,https://livingwage.mit.edu/counties/06067,View local living wage,
US20222975AHHJ3,2022-10-24,Flex Limited,"6380 East Holmes Road, Memphis, Tennessee",US,United States,35.0073997,-89.8507937,Electronics,Apple [Public List] (Apple 2019 Facility List),,,,,,,False,,,,,,,,,,,,,,,,,,,,,,,,,,,,,,,,,,,,,,,,,,,,,,,,,,,,,,,,,,,,,,,,,,,,,,,,,,,,,,,,,,,,,,,,,,,,,,,,,,,,,,,,,,,,,,,,,,,,,,,,,,,,,,,,https://livingwage.mit.edu/counties/47157,View local living wage,
US20222975RTHNX,2022-10-24,The Chemours Company,"1201 Olmstead Lane, Cortland, Ohio",US,United States,41.3160682,-80.7803202,Electronics,Apple [Public List] (Apple 2019 Facility List),,,,,,,False,,,,,,,,,,,,,,,,,,,,,,,,,,,,,,,,,,,,,,,,,,,,,,,,,,,,,,,,,,,,,,,,,,,,,,,,,,,,,,,,,,,,,,,,,,,,,,,,,,,,,,,,,,,,,,,,,,,,,,,,,,,,,,,,https://livingwage.mit.edu/counties/39155,View local living wage,
US2022297653JRR,2022-10-24,Broadcom Limited,"4380 Ziegler Road, Fort Collins, Colorado",US,United States,40.52650999999999,-105.017032,Electronics,Apple [Public List] (Apple 2019 Facility List),,,,,,,False,,,,,,,,,,,,,,,,,,,,,,,,,,,,,,,,,,,,,,,,,,,,,,,,,,,,,,,,,,,,,,,,,,,,,,,,,,,,,,,,,,,,,,,,,,,,,,,,,,,,,,,,,,,,,,,,,,,,,,,,,,,,,,,,https://livingwage.mit.edu/counties/08069,View local living wage,
US20222976PP23Q,2022-10-24,The Chemours Company,"Route 130, Salem, New Jersey",US,United States,39.7367341,-75.4580648,Electronics,Apple [Public List] (Apple 2019 Facility List),,,,,,,False,,,,,,,,,,,,,,,,,,,,,,,,,,,,,,,,,,,,,,,,,,,,,,,,,,,,,,,,,,,,,,,,,,,,,,,,,,,,,,,,,,,,,,,,,,,,,,,,,,,,,,,,,,,,,,,,,,,,,,,,,,,,,,,,https://livingwage.mit.edu/counties/34033,View local living wage,
US2022297773JFJ,2022-10-24,Qorvo Incorporated,"500 W. Renner Road, Richardson, Texas",US,United States,32.9995827,-96.7274901,Electronics,Apple [Public List] (Apple 2019 Facility List),,,,,,,False,,,,,,,,,,,,,,,,,,,,,,,,,,,,,,,,,,,,,,,,,,,,,,,,,,,,,,,,,,,,,,,,,,,,,,,,,,,,,,,,,,,,,,,,,,,,,,,,,,,,,,,,,,,,,,,,,,,,,,,,,,,,,,,,https://livingwage.mit.edu/counties/48085,View local living wage,
US20222977H1RJ3,2022-10-24,ON Semiconductor Corporation,"Crestwood Industrial Park, 125 Crestwood Road, MountainTop, Pennsylvania",US,United States,41.1421539,-75.8962954,Electronics,Apple [Public List] (Apple 2019 Facility List),,,,,,,False,,,,,,,,,,,,,,,,,,,,,,,,,,,,,,,,,,,,,,,,,,,,,,,,,,,,,,,,,,,,,,,,,,,,,,,,,,,,,,,,,,,,,,,,,,,,,,,,,,,,,,,,,,,,,,,,,,,,,,,,,,,,,,,,https://livingwage.mit.edu/counties/42079,View local living wage,
US20222977KCSMK,2022-10-24,Broadcom Limited,"110 American Parkway NE, Allentown, Pennsylvania",US,United States,40.607092,-75.46224440000002,Electronics,Apple [Public List] (Apple 2019 Facility List),,,,,,,False,,,,,,,,,,,,,,,,,,,,,,,,,,,,,,,,,,,,,,,,,,,,,,,,,,,,,,,,,,,,,,,,,,,,,,,,,,,,,,,,,,,,,,,,,,,,,,,,,,,,,,,,,,,,,,,,,,,,,,,,,,,,,,,,https://livingwage.mit.edu/counties/42077,View local living wage,
US202229780G3HC,2022-10-24,Skyworks Solutions Incorporated,"2427 West Hillcrest Drive, Newbury Park, California",US,United States,34.1869454,-118.9278259,Chemicals|Commodities|Electronics|Waste Management,US Environmental Protection Agency (EPA) [Public List] (Toxics Release Inventory (TRI) Program (2021) Production Locations - 4)|Apple [Public List] (Apple 2019 Facility List),,,On-site Chemical Disposal | Off-site Chemical Disposal,,Onsite Chemical Disposal|Offsite Chemical Disposal,,False,,,,,,,,,,,,,,,,,,,,,,,,,,,,,,,,,,,,,,,,,,,,,,,,,,,,,,,,,,,,,,,,,,,,,,,,,,,,,,,,,,,,,,,,,,,,,,,,,,,,,,,,,,,,,,,,,,,,,,,,,,,,,,,,https://livingwage.mit.edu/counties/06111,View local living wage,
US20222978B71QJ,2022-10-24,Texas Instruments Incorporated,"3601 Alma Road, Richardson, Texas",US,United States,32.96617270000001,-96.7159507,Chemicals|Commodities|Electronics|Waste Management,US Environmental Protection Agency (EPA) [Public List] (Toxics Release Inventory (TRI) Program (2021) Production Locations - 1)|Apple [Public List] (Apple 2019 Facility List),,,On-site Chemical Disposal | Off-site Chemical Disposal,,Offsite Chemical Disposal|Onsite Chemical Disposal,,False,,,,,,,,,,,,,,,,,,,,,,,,,,,,,,,,,,,,,,,,,,,,,,,,,,,,,,,,,,,,,,,,,,,,,,,,,,,,,,,,,,,,,,,,,,,,,,,,,,,,,,,,,,,,,,,,,,,,,,,,,,,,,,,,https://livingwage.mit.edu/counties/48113,View local living wage,
US20222979BFJ7W,2023-12-13,Henkel US Operations Corporation,"301 Washington Street West, Cannon Falls, MN, 55009",US,United States,44.5197531,-92.9045477,Aerospace|Automotive|Chemicals|Commodities|Electronics|Energy|Furniture|Manufacturing|Rail Transportation|Waste Management,US Environmental Protection Agency (EPA) [Public List] (Toxics Release Inventory (TRI) Program (2021) Production Locations - 3)|Apple [Public List] (Apple 2019 Facility List)|Henkel [Public List] (Henkel December 2023 Facility List),,Henkel AG & Co. KGaA,On-site Chemical Disposal | Off-site Chemical Disposal,,Onsite Chemical Disposal|Offsite Chemical Disposal,Graphics|Adhesives|Power Generation and Conversion|Telecom Infracstructure|Labels|Packaging & Paper|Metals|Building Components|Sealants|Engineered Wood|Fashion|Industrial Maintenance and Repair (MRO)|Sports|Medical|Personal Hygiene Adhesives|Functional coatings|Data|Adhesive Technologies|Tapes,False,,,,,,,,,,,,,,,,,,,,,,,,,,,,,,,,,,,,,,,,,,,,,,,,,,,,,,,,,,,,,,,,,,,,,,,,,,,,,,,,,,,,,,,,,,,,,,,,,,,,,,,,,,,,,,,,,,,,,,,,,,,,,,,,https://livingwage.mit.edu/counties/27049,View local living wage,
US2022297BF52PQ,2022-10-24,Taiwan Semiconductor Manufacturing Company Limited,"5509 North West Parker Street, Camas, Washington",US,United States,45.6195611,-122.4554549,Electronics,Apple [Public List] (Apple 2019 Facility List),,,,,,,False,,,,,,,,,,,,,,,,,,,,,,,,,,,,,,,,,,,,,,,,,,,,,,,,,,,,,,,,,,,,,,,,,,,,,,,,,,,,,,,,,,,,,,,,,,,,,,,,,,,,,,,,,,,,,,,,,,,,,,,,,,,,,,,,https://livingwage.mit.edu/counties/53011,View local living wage,
US2022297BJFTPW,2022-10-24,Texas Instruments Incorporated,"13532 N. Central Expressway, Dallas, Texas",US,United States,32.8083497,-96.7934413,Electronics,Apple [Public List] (Apple 2019 Facility List),,,,,,,False,,,,,,,,,,,,,,,,,,,,,,,,,,,,,,,,,,,,,,,,,,,,,,,,,,,,,,,,,,,,,,,,,,,,,,,,,,,,,,,,,,,,,,,,,,,,,,,,,,,,,,,,,,,,,,,,,,,,,,,,,,,,,,,,https://livingwage.mit.edu/counties/48113,View local living wage,
US2022297C3TD5V,2022-10-24,Qorvo Incorporated,"1818 S. Orange Blossom Trail, Apopka, Florida",US,United States,28.6498512,-81.4666907,Electronics,Apple [Public List] (Apple 2019 Facility List),,,,,,,False,,,,,,,,,,,,,,,,,,,,,,,,,,,,,,,,,,,,,,,,,,,,,,,,,,,,,,,,,,,,,,,,,,,,,,,,,,,,,,,,,,,,,,,,,,,,,,,,,,,,,,,,,,,,,,,,,,,,,,,,,,,,,,,,https://livingwage.mit.edu/counties/12095,View local living wage,
US2022297CPFQBK,2022-10-24,Maxim Integrated Products Incorporated,"3725 N 1st Street, San Jose, California",US,United States,37.4098421,-121.9474888,Electronics,Apple [Public List] (Apple 2019 Facility List),,,,,,,False,,,,,,,,,,,,,,,,,,,,,,,,,,,,,,,,,,,,,,,,,,,,,,,,,,,,,,,,,,,,,,,,,,,,,,,,,,,,,,,,,,,,,,,,,,,,,,,,,,,,,,,,,,,,,,,,,,,,,,,,,,,,,,,,https://livingwage.mit.edu/counties/06085,View local living wage,
US2022297DD9BGY,2022-10-24,Maxim Integrated Products Incorporated,"9651 Westover Hills Boulevard, San Antonio, Texas",US,United States,29.4716396,-98.6758741,Electronics,Apple [Public List] (Apple 2019 Facility List),,,,,,,False,,,,,,,,,,,,,,,,,,,,,,,,,,,,,,,,,,,,,,,,,,,,,,,,,,,,,,,,,,,,,,,,,,,,,,,,,,,,,,,,,,,,,,,,,,,,,,,,,,,,,,,,,,,,,,,,,,,,,,,,,,,,,,,,https://livingwage.mit.edu/counties/48029,View local living wage,
US2022297EDX9RS,2022-10-24,ON Semiconductor Corporation,"Gresham Fab, 23400 NE Glisan Street, Gresham, Oregon",US,United States,45.5248424,-122.4264995,Chemicals|Commodities|Electronics|Unspecified|Waste Management,Sunrock (Sunrock B.V. Facility List Oct 2025)|Apple [Public List] (Apple 2019 Facility List)|Sunrock (Sunrock Facility List Tier 3 suppliers 2024)|US Environmental Protection Agency (EPA) [Public List] (Toxics Release Inventory (TRI) Program (2021) Production Locations - 1),30000-40000|30000,,Wafer Fab|Manufacturing|On-site Chemical Disposal | Off-site Chemical Disposal,,Wafer Fab|Manufacturing|Manufacturing|Wafer Fab|Offsite Chemical Disposal|Onsite Chemical Disposal,Electronic equipment|Semiconductor,False,,,,,,,,,,,,,,,,,,,,,,,,,,,,,,,,,,,,,,,,,,,,,,,,,,,,,,,,,,,,,,,,,,,,,,,,,,,,,,,,,,,,,,,,,,,,,,,,,,,,,,,,,,,,,,,,,,,,,,,,,,,,,,,,https://livingwage.mit.edu/counties/41051,View local living wage,
US2022297ESFZM9,2022-10-24,ON Semiconductor Corporation,"1401 N. Kings Road, Nampa, Idaho",US,United States,43.5963888,-116.5345548,Electronics|Unspecified,Sunrock (Sunrock B.V. Facility List Oct 2025)|Apple [Public List] (Apple 2019 Facility List)|Sunrock (Sunrock Facility List Tier 3 suppliers 2024),30000-40000|30000,,Wafer Fab|Manufacturing,,Wafer Fab|Manufacturing|Manufacturing|Wafer Fab,Electronic equipment|Semiconductor,False,,,,,,,,,,,,,,,,,,,,,,,,,,,,,,,,,,,,,,,,,,,,,,,,,,,,,,,,,,,,,,,,,,,,,,,,,,,,,,,,,,,,,,,,,,,,,,,,,,,,,,,,,,,,,,,,,,,,,,,,,,,,,,,,https://livingwage.mit.edu/counties/16027,View local living wage,
US2022297F85RRC,2022-10-24,Samsung Electronics Company Limited,"12100 Samsung Boulevard (Cu FAB 3F), Austin, Texas",US,United States,30.3749686,-97.63742189999999,Electronics,Apple [Public List] (Apple 2019 Facility List),,,,,,,False,,,,,,,,,,,,,,,,,,,,,,,,,,,,,,,,,,,,,,,,,,,,,,,,,,,,,,,,,,,,,,,,,,,,,,,,,,,,,,,,,,,,,,,,,,,,,,,,,,,,,,,,,,,,,,,,,,,,,,,,,,,,,,,,https://livingwage.mit.edu/counties/48453,View local living wage,
US2022297FC04ED,2022-10-24,Wickeder Group,"39 Perry Avenue, Attleboro, Massachusetts",US,United States,41.9484046,-71.27124839999999,Electronics,Apple [Public List] (Apple 2019 Facility List),,,,,,,False,,,,,,,,,,,,,,,,,,,,,,,,,,,,,,,,,,,,,,,,,,,,,,,,,,,,,,,,,,,,,,,,,,,,,,,,,,,,,,,,,,,,,,,,,,,,,,,,,,,,,,,,,,,,,,,,,,,,,,,,,,,,,,,,https://livingwage.mit.edu/counties/25005,View local living wage,
US2022297FY07BZ,2022-10-24,Microchip Technology Incorporated,"1150 E. Cheyenne Mountian Boulevard, Colorado Springs, Colorado",US,United States,38.7895593,-104.8058375,Electronics,Apple [Public List] (Apple 2019 Facility List),,,,,,,False,,,,,,,,,,,,,,,,,,,,,,,,,,,,,,,,,,,,,,,,,,,,,,,,,,,,,,,,,,,,,,,,,,,,,,,,,,,,,,,,,,,,,,,,,,,,,,,,,,,,,,,,,,,,,,,,,,,,,,,,,,,,,,,,https://livingwage.mit.edu/counties/08041,View local living wage,
US2022297FYQ4Z7,2022-10-24,Solvay SA,"17005 State Route 7, Marietta, Ohio",US,United States,39.372579,-81.5150675,Chemicals|Commodities|Electronics|Waste Management,US Environmental Protection Agency (EPA) [Public List] (Toxics Release Inventory (TRI) Program (2021) Production Locations - 1)|Apple [Public List] (Apple 2019 Facility List),,,On-site Chemical Disposal | Off-site Chemical Disposal,,Offsite Chemical Disposal|Onsite Chemical Disposal,,False,,,,,,,,,,,,,,,,,,,,,,,,,,,,,,,,,,,,,,,,,,,,,,,,,,,,,,,,,,,,,,,,,,,,,,,,,,,,,,,,,,,,,,,,,,,,,,,,,,,,,,,,,,,,,,,,,,,,,,,,,,,,,,,,https://livingwage.mit.edu/counties/39167,View local living wage,
US2022297HCHENH,2022-10-24,Diodes Incorporated,"3545 North 1st Street, San Jose, California",US,United States,37.4050286,-121.9427781,Electronics,Apple [Public List] (Apple 2019 Facility List),,,,,,,False,,,,,,,,,,,,,,,,,,,,,,,,,,,,,,,,,,,,,,,,,,,,,,,,,,,,,,,,,,,,,,,,,,,,,,,,,,,,,,,,,,,,,,,,,,,,,,,,,,,,,,,,,,,,,,,,,,,,,,,,,,,,,,,,https://livingwage.mit.edu/counties/06085,View local living wage,
US2022297J4MA0M,2022-10-24,The Chemours Company,"7685 Kiln-DeLisle Road, Pass Christian, Massachusetts",US,United States,30.387619,-89.3084978,Electronics,Apple [Public List] (Apple 2019 Facility List),,,,,,,False,,,,,,,,,,,,,,,,,,,,,,,,,,,,,,,,,,,,,,,,,,,,,,,,,,,,,,,,,,,,,,,,,,,,,,,,,,,,,,,,,,,,,,,,,,,,,,,,,,,,,,,,,,,,,,,,,,,,,,,,,,,,,,,,https://livingwage.mit.edu/counties/28047,View local living wage,
US2022297JC54PX,2022-10-24,Texas Instruments Incorporated,"13536 N. Central Expressway, Dallas, Texas",US,United States,32.9254421,-96.75618480000001,Electronics,Apple [Public List] (Apple 2019 Facility List),,,,,,,False,,,,,,,,,,,,,,,,,,,,,,,,,,,,,,,,,,,,,,,,,,,,,,,,,,,,,,,,,,,,,,,,,,,,,,,,,,,,,,,,,,,,,,,,,,,,,,,,,,,,,,,,,,,,,,,,,,,,,,,,,,,,,,,,https://livingwage.mit.edu/counties/48113,View local living wage,
US2022297JQ1SVY,2022-10-24,Hon Hai Precision Industry Company Limited (Foxconn),"13301 Park Vista Boulevard, Fort Worth, Texas",US,United States,32.9733638,-97.2641057,Electronics,Apple [Public List] (Apple 2019 Facility List),,,,,,,False,,,,,,,,,,,,,,,,,,,,,,,,,,,,,,,,,,,,,,,,,,,,,,,,,,,,,,,,,,,,,,,,,,,,,,,,,,,,,,,,,,,,,,,,,,,,,,,,,,,,,,,,,,,,,,,,,,,,,,,,,,,,,,,,https://livingwage.mit.edu/counties/48439,View local living wage,
US2022297JT51CY,2022-10-24,3M Company,"3406 E. Pleasant Street, Knoxville, Iowa",US,United States,41.31998189999999,-93.0650431,Electronics,Apple [Public List] (Apple 2019 Facility List),,,,,,,False,,,,,,,,,,,,,,,,,,,,,,,,,,,,,,,,,,,,,,,,,,,,,,,,,,,,,,,,,,,,,,,,,,,,,,,,,,,,,,,,,,,,,,,,,,,,,,,,,,,,,,,,,,,,,,,,,,,,,,,,,,,,,,,,https://livingwage.mit.edu/counties/19125,View local living wage,
US2022297KSH467,2022-10-24,Quanta Computer Incorporated,"44350 Nobel Drive, Fremont, California",US,United States,37.4966862,-121.976895,Electronics,Apple [Public List] (Apple 2019 Facility List),,,,,,,False,,,,,,,,,,,,,,,,,,,,,,,,,,,,,,,,,,,,,,,,,,,,,,,,,,,,,,,,,,,,,,,,,,,,,,,,,,,,,,,,,,,,,,,,,,,,,,,,,,,,,,,,,,,,,,,,,,,,,,,,,,,,,,,,https://livingwage.mit.edu/counties/06001,View local living wage,
US2022297KZ7HFS,2022-10-24,II-VI Incorporated,"141 Mount Bethel Road, Warren, New Jersey",US,United States,40.6325143,-74.5034807,Electronics,Apple [Public List] (Apple 2019 Facility List),,,,,,,False,,,,,,,,,,,,,,,,,,,,,,,,,,,,,,,,,,,,,,,,,,,,,,,,,,,,,,,,,,,,,,,,,,,,,,,,,,,,,,,,,,,,,,,,,,,,,,,,,,,,,,,,,,,,,,,,,,,,,,,,,,,,,,,,https://livingwage.mit.edu/counties/34035,View local living wage,
US2022297M86046,2022-10-24,Texas Instruments Incorporated,"13121 TI Boulevard, Dallas, Texas",US,United States,32.9267106,-96.7502312,Electronics,Apple [Public List] (Apple 2019 Facility List),,,,,,,False,,,,,,,,,,,,,,,,,,,,,,,,,,,,,,,,,,,,,,,,,,,,,,,,,,,,,,,,,,,,,,,,,,,,,,,,,,,,,,,,,,,,,,,,,,,,,,,,,,,,,,,,,,,,,,,,,,,,,,,,,,,,,,,,https://livingwage.mit.edu/counties/48113,View local living wage,
US2022297NAF1XC,2022-10-24,Texas Instruments Incorporated,"13011 TI Boulevard, Dallas, Texas",US,United States,32.9243191,-96.75190839999999,Electronics,Apple [Public List] (Apple 2019 Facility List),,,,,,,False,,,,,,,,,,,,,,,,,,,,,,,,,,,,,,,,,,,,,,,,,,,,,,,,,,,,,,,,,,,,,,,,,,,,,,,,,,,,,,,,,,,,,,,,,,,,,,,,,,,,,,,,,,,,,,,,,,,,,,,,,,,,,,,,https://livingwage.mit.edu/counties/48113,View local living wage,
US2022297PMP0ZZ,2022-10-24,II-VI Incorporated,"2251 Newlins Mill Road, Easton, Pennsylvania",US,United States,40.7292845,-75.2600769,Electronics,Apple [Public List] (Apple 2019 Facility List),,,,,,,False,,,,,,,,,,,,,,,,,,,,,,,,,,,,,,,,,,,,,,,,,,,,,,,,,,,,,,,,,,,,,,,,,,,,,,,,,,,,,,,,,,,,,,,,,,,,,,,,,,,,,,,,,,,,,,,,,,,,,,,,,,,,,,,,https://livingwage.mit.edu/counties/42095,View local living wage,
US2022297Q13274,2022-10-24,Texas Instruments Incorporated,"5 Foden Road, South Portland, Maine",US,United States,43.640128,-70.3236739,Chemicals|Commodities|Electronics|Waste Management,US Environmental Protection Agency (EPA) [Public List] (Toxics Release Inventory (TRI) Program (2021) Production Locations - 2)|Apple [Public List] (Apple 2019 Facility List),,,On-site Chemical Disposal | Off-site Chemical Disposal,,Onsite Chemical Disposal|Offsite Chemical Disposal,,False,,,,,,,,,,,,,,,,,,,,,,,,,,,,,,,,,,,,,,,,,,,,,,,,,,,,,,,,,,,,,,,,,,,,,,,,,,,,,,,,,,,,,,,,,,,,,,,,,,,,,,,,,,,,,,,,,,,,,,,,,,,,,,,,https://livingwage.mit.edu/counties/23005,View local living wage,
US2022297SCBFPN,2022-10-24,Qorvo Incorporated,"2300 N.E. Brookwood Parkway, Hillsboro, Oregon",US,United States,45.5405214,-122.9365613,Electronics,Apple [Public List] (Apple 2019 Facility List),,,,,,,False,,,,,,,,,,,,,,,,,,,,,,,,,,,,,,,,,,,,,,,,,,,,,,,,,,,,,,,,,,,,,,,,,,,,,,,,,,,,,,,,,,,,,,,,,,,,,,,,,,,,,,,,,,,,,,,,,,,,,,,,,,,,,,,,https://livingwage.mit.edu/counties/41067,View local living wage,
US2022297TMBJBP,2022-10-24,3M Company,"1030 Lake Road, Medina, Ohio",US,United States,41.1142305,-81.89358589999999,Electronics,Apple [Public List] (Apple 2019 Facility List),,,,,,,False,,,,,,,,,,,,,,,,,,,,,,,,,,,,,,,,,,,,,,,,,,,,,,,,,,,,,,,,,,,,,,,,,,,,,,,,,,,,,,,,,,,,,,,,,,,,,,,,,,,,,,,,,,,,,,,,,,,,,,,,,,,,,,,,https://livingwage.mit.edu/counties/39103,View local living wage,
US2022297TZ4704,2022-10-24,The Chemours Company,"DuPont Road, New Johnsonville, Tennessee",US,United States,36.0385256,-87.97143,Electronics,Apple [Public List] (Apple 2019 Facility List),,,,,,,False,,,,,,,,,,,,,,,,,,,,,,,,,,,,,,,,,,,,,,,,,,,,,,,,,,,,,,,,,,,,,,,,,,,,,,,,,,,,,,,,,,,,,,,,,,,,,,,,,,,,,,,,,,,,,,,,,,,,,,,,,,,,,,,,https://livingwage.mit.edu/counties/47085,View local living wage,
US2022297W8QAJQ,2022-10-24,3M Company,"1425 Stokke Parkway, Menomonie, Wisconsin",US,United States,44.900202,-91.8845903,Electronics,Apple [Public List] (Apple 2019 Facility List),,,,,,,False,,,,,,,,,,,,,,,,,,,,,,,,,,,,,,,,,,,,,,,,,,,,,,,,,,,,,,,,,,,,,,,,,,,,,,,,,,,,,,,,,,,,,,,,,,,,,,,,,,,,,,,,,,,,,,,,,,,,,,,,,,,,,,,,https://livingwage.mit.edu/counties/55033,View local living wage,
US2022297WN29KF,2022-10-24,Skyworks Solutions Incorporated,"20 Sylvan Road, Woburn, Massachusetts",US,United States,42.4993421,-71.1647179,Chemicals|Commodities|Electronics|Waste Management,US Environmental Protection Agency (EPA) [Public List] (Toxics Release Inventory (TRI) Program (2021) Production Locations - 4)|Apple [Public List] (Apple 2019 Facility List),,,On-site Chemical Disposal | Off-site Chemical Disposal,,Onsite Chemical Disposal|Offsite Chemical Disposal,,False,,,,,,,,,,,,,,,,,,,,,,,,,,,,,,,,,,,,,,,,,,,,,,,,,,,,,,,,,,,,,,,,,,,,,,,,,,,,,,,,,,,,,,,,,,,,,,,,,,,,,,,,,,,,,,,,,,,,,,,,,,,,,,,,https://livingwage.mit.edu/counties/25017,View local living wage,
US2022297Z1KSW8,2022-10-24,Molex Incorporated,"700 Kingbird Road, Lincoln, Nebraska",US,United States,40.8506551,-96.7304463,Electronics,Apple [Public List] (Apple 2019 Facility List),,,,,,,False,,,,,,,,,,,,,,,,,,,,,,,,,,,,,,,,,,,,,,,,,,,,,,,,,,,,,,,,,,,,,,,,,,,,,,,,,,,,,,,,,,,,,,,,,,,,,,,,,,,,,,,,,,,,,,,,,,,,,,,,,,,,,,,,https://livingwage.mit.edu/counties/31109,View local living wage,
US2022297ZJ84RN,2022-10-24,Maxim Integrated Products Incorporated,"14320 SW Jenkins Road, Beaverton, Oregon",US,United States,45.5019793,-122.8247274,Electronics,Apple [Public List] (Apple 2019 Facility List),,,,,,,False,,,,,,,,,,,,,,,,,,,,,,,,,,,,,,,,,,,,,,,,,,,,,,,,,,,,,,,,,,,,,,,,,,,,,,,,,,,,,,,,,,,,,,,,,,,,,,,,,,,,,,,,,,,,,,,,,,,,,,,,,,,,,,,,https://livingwage.mit.edu/counties/41067,View local living wage,
US2023347AKDGD4,2023-12-13,Henkel US Operations Corporation,"167 Batchelder Road, Seabrook, NH, 03874",US,United States,42.8833561,-70.8835292,Aerospace|Automotive|Chemicals|Electronics|Energy|Furniture|Manufacturing|Rail Transportation,Apple [Public List] (Apple 2019 Facility List)|Henkel [Public List] (Henkel December 2023 Facility List),,Henkel AG & Co. KGaA,,,,Graphics|Adhesives|Power Generation and Conversion|Telecom Infracstructure|Labels|Packaging & Paper|Metals|Building Components|Sealants|Engineered Wood|Fashion|Industrial Maintenance and Repair (MRO)|Sports|Medical|Personal Hygiene Adhesives|Functional coatings|Data|Adhesive Technologies|Tapes,False,,,,,,,,,,,,,,,,,,,,,,,,,,,,,,,,,,,,,,,,,,,,,,,,,,,,,,,,,,,,,,,,,,,,,,,,,,,,,,,,,,,,,,,,,,,,,,,,,,,,,,,,,,,,,,,,,,,,,,,,,,,,,,,,https://livingwage.mit.edu/counties/33015,View local living wage,
VN2022289R2V4WJ,2022-10-16,Intel,"I2 Road D1, Saigon Hi-Tech Park, District 9, Ho Chi Minh City, Ho Chi Minh, Vietnam",VN,Vietnam,10.8557967,106.7861381,Electronics,Dell [Public List] (Dell 2021 Facility List)|Apple [Public List] (Apple 2019 Facility List),,Intel,Other direct material suppliers,,Other direct material suppliers,Parts/Components,False,,,,,,,,,,,,,,,,,,,,,,,,,,,,,,,,,,,,,,,,,,,,,,,,,,,,,,,,,,,,,,,,,,,,,,,,,,,,,,,,,,,,,,,,,,,,,,,,,,,,,,,,,,,,,,,,,,,,,,,,,,,,,,,,,,
VN2022289TNJFJZ,2022-10-16,"Samsung SDI Co., Ltd.","Yen Phong Industrial park, Yen Trung Commune, Yen Phong District,Bac Ninh , Vietnam",VN,Vietnam,21.1974458,105.9943429,Electronics,A Brand / Retailer|Samsung [Public List] (Samsung 2021 Facility List)|Apple [Public List] (Apple 2019 Facility List)|A Brand / Retailer|Samsung [Public List] (Samsung 2021 Facility List),,"Samsung SDI Co., Ltd.|Samsung Display Co., Ltd.",,,,,False,,,,,,,,,,,,,,,,,,,,,,,,,,,,,,,,,,,,,,,,,,,,,,,,,,,,,,,,,,,,,,,,,,,,,,,,,,,,,,,,,,,,,,,,,,,,,,,,,,,,,,,,,,,,,,,,,,,,,,,,,,,,,,,,,,
VN202229704QM2D,2022-10-24,Luxshare Precision Industry Company Limited,"Lot E, Quang Chau Industrial Park, Quang Chau Village, Viet Yen District, Viet Yen, Bac Giang",VN,Vietnam,21.2088664,106.1051705,Electronics,Apple [Public List] (Apple 2019 Facility List),,,,,,,False,,,,,,,,,,,,,,,,,,,,,,,,,,,,,,,,,,,,,,,,,,,,,,,,,,,,,,,,,,,,,,,,,,,,,,,,,,,,,,,,,,,,,,,,,,,,,,,,,,,,,,,,,,,,,,,,,,,,,,,,,,,,,,,,,,
VN20222973VSVR6,2022-10-24,Sharp Corporation,"No. 7, VSIP II, Street 7, Vietnam-Singapore Park II, Hoa Phu Ward, Ho Chi Minh, Binh Duong",VN,Vietnam,10.7832413,106.7601997,Electronics,Apple [Public List] (Apple 2019 Facility List),,,,,,,False,,,,,,,,,,,,,,,,,,,,,,,,,,,,,,,,,,,,,,,,,,,,,,,,,,,,,,,,,,,,,,,,,,,,,,,,,,,,,,,,,,,,,,,,,,,,,,,,,,,,,,,,,,,,,,,,,,,,,,,,,,,,,,,,,,
VN20222974DXB7W,2022-10-24,GoerTek Incorporated,"Lot K-08, Que Vo Industrial Park, Nam Son Commune, Bac Ninh",VN,Vietnam,21.1383833,106.178796,Electronics,Apple [Public List] (Apple 2019 Facility List),,,,,,,False,,,,,,,,,,,,,,,,,,,,,,,,,,,,,,,,,,,,,,,,,,,,,,,,,,,,,,,,,,,,,,,,,,,,,,,,,,,,,,,,,,,,,,,,,,,,,,,,,,,,,,,,,,,,,,,,,,,,,,,,,,,,,,,,,,
VN20222974PWHNR,2022-10-24,Sumitomo Electric Industries Limited,"C-6, Thang Long Industrial Park, Dong Anh District, Hanoi",VN,Vietnam,21.1234852,105.778291,Electronics,Apple [Public List] (Apple 2019 Facility List),,,,,,,False,,,,,,,,,,,,,,,,,,,,,,,,,,,,,,,,,,,,,,,,,,,,,,,,,,,,,,,,,,,,,,,,,,,,,,,,,,,,,,,,,,,,,,,,,,,,,,,,,,,,,,,,,,,,,,,,,,,,,,,,,,,,,,,,,,
VN20222975AN3EH,2022-10-24,Foster Electric Company Limited,"No. 20, VSIP II Street 5, Vietnam Singapore Industrial Park II, Hoa Phu Ward, Thu Dau Mot, Binh Duong",VN,Vietnam,10.9253625,106.732727,Electronics,Apple [Public List] (Apple 2019 Facility List),,,,,,,False,,,,,,,,,,,,,,,,,,,,,,,,,,,,,,,,,,,,,,,,,,,,,,,,,,,,,,,,,,,,,,,,,,,,,,,,,,,,,,,,,,,,,,,,,,,,,,,,,,,,,,,,,,,,,,,,,,,,,,,,,,,,,,,,,,
VN20222977FXHHH,2022-10-24,LG Innotek Company Limited,"Lot I-4, Trang Due Industrial Park, An Duong District, Hai Phong City, Haiphong",VN,Vietnam,20.857348,106.5715383,Electronics,Apple [Public List] (Apple 2019 Facility List),,,,,,,False,,,,,,,,,,,,,,,,,,,,,,,,,,,,,,,,,,,,,,,,,,,,,,,,,,,,,,,,,,,,,,,,,,,,,,,,,,,,,,,,,,,,,,,,,,,,,,,,,,,,,,,,,,,,,,,,,,,,,,,,,,,,,,,,,,
VN2022297G17EFH,2022-10-24,Hon Hai Precision Industry Company Limited (Foxconn),"37 Street, Dinh Tram Industry Zone, Viet Yen, Bac Giang",VN,Vietnam,21.263016,106.1247419,Electronics,Apple [Public List] (Apple 2019 Facility List),,,,,,,False,,,,,,,,,,,,,,,,,,,,,,,,,,,,,,,,,,,,,,,,,,,,,,,,,,,,,,,,,,,,,,,,,,,,,,,,,,,,,,,,,,,,,,,,,,,,,,,,,,,,,,,,,,,,,,,,,,,,,,,,,,,,,,,,,,
VN2022297G39P0E,2022-10-24,Shenzhen YUTO Packaging Technology Company Limited,"Que Vo Industrial Park, Phuong Lieu Ward, Bac Ninh",VN,Vietnam,21.1383833,106.178796,Electronics,Apple [Public List] (Apple 2019 Facility List),,,,,,,False,,,,,,,,,,,,,,,,,,,,,,,,,,,,,,,,,,,,,,,,,,,,,,,,,,,,,,,,,,,,,,,,,,,,,,,,,,,,,,,,,,,,,,,,,,,,,,,,,,,,,,,,,,,,,,,,,,,,,,,,,,,,,,,,,,
VN2022297GJ7P72,2022-10-24,Murata Manufacturing Company Limited,"No. 6, 9A Road, Bien Hoa Industrial Zone No. 2, Dong Nai",VN,Vietnam,10.9187349,106.8706124,Electronics,Apple [Public List] (Apple 2019 Facility List),,,,,,,False,,,,,,,,,,,,,,,,,,,,,,,,,,,,,,,,,,,,,,,,,,,,,,,,,,,,,,,,,,,,,,,,,,,,,,,,,,,,,,,,,,,,,,,,,,,,,,,,,,,,,,,,,,,,,,,,,,,,,,,,,,,,,,,,,,
VN2022297GNJDFF,2022-10-24,Murata Manufacturing Company Limited,"Lo A1 Hoa Khanh Inductrial Zone, Lien Chieu District, Da Nang",VN,Vietnam,16.0760242,108.1487964,Electronics,"Amazon.com, Inc. (Amazon Facility List 2024)|Amazon.com, Inc. (Amazon Facility List 2022)|Apple [Public List] (Apple 2019 Facility List)",2081,,Finished goods,,Finished goods,,False,,,,,,,,,,,,,,,,,,,,,,,,,,,,,,,,,,,,,,,,,,,,,,,,,,,,,,,,,,,,,,,,,,,,,,,,,,,,,,,,,,,,,,,,,,,,,,,,,,,,,,,,,,,,,,,,,,,,,,,,,,,,,,,,,,
VN2022297MJA89X,2022-10-24,Nidec Corporation,"Street No. 18, Tan Thuan Export Processing Zone, District 7, Ho Chi Minh",VN,Vietnam,10.7558065,106.7429314,Electronics,Apple [Public List] (Apple 2019 Facility List),,,,,,,False,,,,,,,,,,,,,,,,,,,,,,,,,,,,,,,,,,,,,,,,,,,,,,,,,,,,,,,,,,,,,,,,,,,,,,,,,,,,,,,,,,,,,,,,,,,,,,,,,,,,,,,,,,,,,,,,,,,,,,,,,,,,,,,,,,
VN2022297P0RZMX,2022-10-24,Foster Electric Company Limited,"Street No. 1, Hoa Cam Industrial Zone, Cam Le District, Da Nang",VN,Vietnam,16.0111516,108.1976504,Electronics,Apple [Public List] (Apple 2019 Facility List),,,,,,,False,,,,,,,,,,,,,,,,,,,,,,,,,,,,,,,,,,,,,,,,,,,,,,,,,,,,,,,,,,,,,,,,,,,,,,,,,,,,,,,,,,,,,,,,,,,,,,,,,,,,,,,,,,,,,,,,,,,,,,,,,,,,,,,,,,
VN2022297RW9JQ2,2022-10-24,Foster Electric Company Limited,"No. 1, Street 11, VSIP Bac Ninh, Tu Son, Bac Ninh",VN,Vietnam,21.0780543,105.9668831,Electronics,Apple [Public List] (Apple 2019 Facility List),,,,,,,False,,,,,,,,,,,,,,,,,,,,,,,,,,,,,,,,,,,,,,,,,,,,,,,,,,,,,,,,,,,,,,,,,,,,,,,,,,,,,,,,,,,,,,,,,,,,,,,,,,,,,,,,,,,,,,,,,,,,,,,,,,,,,,,,,,
VN2022297VFZ9T8,2022-10-24,Murata Manufacturing Company Limited,"Land Lot No. 55, Long Jiang Industrial Park, Tan Lap Ward, Phuoc Tan District, Tan Lap Ward, Tien Giang",VN,Vietnam,10.4758352,106.3047566,Electronics,Apple [Public List] (Apple 2019 Facility List),,,,,,,False,,,,,,,,,,,,,,,,,,,,,,,,,,,,,,,,,,,,,,,,,,,,,,,,,,,,,,,,,,,,,,,,,,,,,,,,,,,,,,,,,,,,,,,,,,,,,,,,,,,,,,,,,,,,,,,,,,,,,,,,,,,,,,,,,,
VN2022297X2AJ90,2022-10-24,Coilcraft Incorporated,"Bac Chu Lai Industrial Park, Chu Lai Open Economic Zone, Tam Hiep, Nui Thanh, Quang Nam",VN,Vietnam,15.4406364,108.6180291,Electronics,Apple [Public List] (Apple 2019 Facility List),,,,,,,False,,,,,,,,,,,,,,,,,,,,,,,,,,,,,,,,,,,,,,,,,,,,,,,,,,,,,,,,,,,,,,,,,,,,,,,,,,,,,,,,,,,,,,,,,,,,,,,,,,,,,,,,,,,,,,,,,,,,,,,,,,,,,,,,,,
VN2022297Y7YE2F,2022-10-24,KEMET Corporation,"Long Binh Techno Park (LOTECO) EPZ, Long Binh Ward, Bien Hoa, Dong Nai",VN,Vietnam,10.954239,106.8796912,Electronics,Apple [Public List] (Apple 2019 Facility List),,,,,,,False,,,,,,,,,,,,,,,,,,,,,,,,,,,,,,,,,,,,,,,,,,,,,,,,,,,,,,,,,,,,,,,,,,,,,,,,,,,,,,,,,,,,,,,,,,,,,,,,,,,,,,,,,,,,,,,,,,,,,,,,,,,,,,,,,,
