review_level,flags,kind,our_names,our_countries,our_sites,our_brands,match_type,gleif_name_field,LEI,gleif_matched_name,gleif_legal_name,legal_city,legal_region,legal_country,hq_city,hq_country,entity_status,registration_status,entity_category,country_match,person_verdict (same company? yes / no)
1 likely - confirm,not active; registration retired,owner,MOCHIKO SHOES,IN,3,adidas,exact,LegalName,335800KLZHM57TVMVE51,MOCHIKO SHOES,MOCHIKO SHOES,NEW DELHI,IN-DL,IN,NEW DELHI,IN,INACTIVE,RETIRED,GENERAL,yes,
1 likely - confirm,registration lapsed,site,PT HWA SEUNG INDONESIA | PT. Hwa Seung Indonesia,ID,2,adidas,exact,LegalName,254900C13OP0T2U21288,PT Hwa Seung Indonesia,PT Hwa Seung Indonesia,Jepara,ID-JT,ID,Jepara,ID,ACTIVE,LAPSED,GENERAL,yes,
1 likely - confirm,,owner,VERTICAL KNITS,MX,2,Nike,exact,OtherEntityNames.OtherEntityName.1,4469000001E9305R6057,VERTICAL KNITS,VERTICAL KNITS SA DE CV,Baca,MX-YUC,MX,Baca,MX,ACTIVE,ISSUED,GENERAL,yes,
1 likely - confirm,,site,AVERY DENNISON (INDIA) PRIVATE LIMITED,IN,1,adidas,exact,LegalName,335800B6VWRQKKS8ET90,AVERY DENNISON (INDIA) PRIVATE LIMITED,AVERY DENNISON (INDIA) PRIVATE LIMITED,DELHI,IN-DL,IN,DELHI,IN,ACTIVE,ISSUED,GENERAL,yes,
1 likely - confirm,,site,"AVERY DENNISON RIS VIETNAM CO., LIMITED",VN,1,both,exact,OtherEntityNames.OtherEntityName.1,9845004EXF9FF96ZE069,"AVERY DENNISON RIS VIETNAM CO.,LIMITED",CÔNG TY TNHH AVERY DENNISON RIS VIỆT NAM,Cần Giuộc,VN-37,VN,Cần Giuộc,VN,ACTIVE,ISSUED,GENERAL,yes,
1 likely - confirm,,site,Active Clothing Co. Limited,IN,1,adidas,exact,LegalName,335800YEJVLU97Q3AO26,ACTIVE CLOTHING CO LIMITED,ACTIVE CLOTHING CO LIMITED,MOHALI,IN-PB,IN,MOHALI,IN,ACTIVE,ISSUED,GENERAL,yes,
1 likely - confirm,,site,Arnit Creations Pvt Ltd,IN,1,adidas,exact,OtherEntityNames.OtherEntityName.1,984500EA78DHC8D7A753,ARNIT CREATIONS PVT LTD,ARNIT CREATIONS PRIVATE LIMITED,DELHI,IN-DL,IN,DELHI,IN,ACTIVE,ISSUED,GENERAL,yes,
1 likely - confirm,,site,Calzaturificio Jumbo S.p.A.,IT,1,adidas,exact,LegalName,815600B993FE0C0EE660,CALZATURIFICIO JUMBO S.P.A.,CALZATURIFICIO JUMBO S.P.A.,SAN MARTINO BUON ALBERGO,IT-VR,IT,SAN MARTINO BUON ALBERGO,IT,ACTIVE,ISSUED,GENERAL,yes,
1 likely - confirm,,site,Etiketa Tiskarna D.D.,SI,1,adidas,exact,LegalName,4851007XP81MRKDGOG83,"ETIKETA, tiskarna, d.d.","ETIKETA, tiskarna, d.d.",ŽIRI,,SI,ŽIRI,SI,ACTIVE,ISSUED,GENERAL,yes,
1 likely - confirm,registration lapsed,site,First Sports Equipment Factory,CN,1,adidas,exact,OtherEntityNames.OtherEntityName.1,655600NR25VCW1L3DZ64,FIRST SPORTS EQUIPMENT FACTORY,江门市新会区发达运动用品有限公司,江门市,CN-GD,CN,江门市,CN,ACTIVE,LAPSED,GENERAL,yes,
1 likely - confirm,registration lapsed,site,Hayleys Fabric PLC,LK,1,Nike,exact,LegalName,254900UYFT8SIXMAUK60,Hayleys Fabric PLC,Hayleys Fabric PLC,Colombo,LK-13,LK,Colombo,LK,ACTIVE,LAPSED,GENERAL,yes,
1 likely - confirm,registration lapsed,site,"K-L MFG. CO., INC.",US,1,Nike,exact,LegalName,549300V8APX7RQY6KX08,"K-L MFG. Co., Inc.","K-L MFG. Co., Inc.",Spokane,US-WA,US,Spokane,US,ACTIVE,LAPSED,GENERAL,yes,
1 likely - confirm,,site,L.I.M. SRL,IT,1,Nike,exact,OtherEntityNames.OtherEntityName.1,894500Q3ZZQSEGFWJY19,L.I.M. SRL,L.I.M. (LAVORAZONI INDUSTRIALI METALLICHE) S.R.L.,PISTOIA,IT-PT,IT,PISTOIA,IT,ACTIVE,ISSUED,GENERAL,yes,
1 likely - confirm,,site,MOCHIKO SPORTS PRIVATE LIMITED,IN,1,adidas,exact,LegalName,335800L1XBZGUOB27Z75,MOCHIKO SPORTS PRIVATE LIMITED,MOCHIKO SPORTS PRIVATE LIMITED,DELHI,IN-DL,IN,DELHI,IN,ACTIVE,ISSUED,GENERAL,yes,
1 likely - confirm,registration lapsed,site,MaxKing (India) Footwear Private Limited,IN,1,adidas,exact,LegalName,335800TJRI6JIU27WG38,MAXKING (INDIA) FOOTWEAR PRIVATE LIMITED,MAXKING (INDIA) FOOTWEAR PRIVATE LIMITED,NELLORE,IN-AP,IN,NELLORE,IN,ACTIVE,LAPSED,GENERAL,yes,
1 likely - confirm,registration lapsed,site,"OREGON SCREEN IMPRESSIONS, INC.",US,1,Nike,exact,LegalName,549300GNRRGYURBT4F36,"Oregon Screen Impressions, Inc.","Oregon Screen Impressions, Inc.",Portland,US-OR,US,Portland,US,ACTIVE,LAPSED,GENERAL,yes,
1 likely - confirm,,site,PAXAR DO BRASIL LTDA,BR,1,adidas,exact,LegalName,213800RPETDKTYGMQP66,PAXAR DO BRASIL LTDA,PAXAR DO BRASIL LTDA,BLUMENAU,,BR,BLUMENAU,BR,ACTIVE,ISSUED,GENERAL,yes,
1 likely - confirm,registration lapsed,site,PT Panarub Industry,ID,1,adidas,exact,LegalName,254900UXECELWPPCMF59,PT Panarub Industry,PT Panarub Industry,Tangerang,ID-JK,ID,Tangerang,ID,ACTIVE,LAPSED,GENERAL,yes,
1 likely - confirm,,site,PT. COATS REJO INDONESIA,ID,1,adidas,exact,LegalName,213800TIMLY8NHYC2I61,PT. COATS REJO INDONESIA,PT. COATS REJO INDONESIA,JAKARTA,ID-JK,ID,BOGOR,ID,ACTIVE,ISSUED,GENERAL,yes,
1 likely - confirm,registration lapsed,site,PT. Nikomas Gemilang,ID,1,both,exact,LegalName,254900IJ5CIKQUWRVK82,PT Nikomas Gemilang,PT Nikomas Gemilang,Serang,ID-BT,ID,Serang,ID,ACTIVE,LAPSED,GENERAL,yes,
1 likely - confirm,,site,PT. Paxar Indonesia,ID,1,Nike,exact,LegalName,549300YDGYNJ5OSNWF92,PT PAXAR INDONESIA,PT PAXAR INDONESIA,BEKASI,ID-JB,ID,BEKASI,ID,ACTIVE,ISSUED,GENERAL,yes,yes
1 likely - confirm,registration lapsed,site,"QINGDAO YALINA APPAREL CO.,LTD.",CN,1,adidas,exact,OtherEntityNames.OtherEntityName.1,655600MUYCKJJ5U0N311,"QINGDAO YALINA APPAREL CO.,LTD.",青岛雅丽娜服饰有限公司,青岛市,CN-SD,CN,青岛市,CN,ACTIVE,LAPSED,GENERAL,yes,yes
1 likely - confirm,registration lapsed,site,"Qingdao Atago Apparel Co., Ltd.",CN,1,adidas,exact,OtherEntityNames.OtherEntityName.1,65560029PAC6WJFOYY38,"QINGDAO ATAGO APPAREL CO.,LTD",青岛爱达高服装有限公司,青岛市,CN-SD,CN,青岛市,CN,ACTIVE,LAPSED,GENERAL,yes,yes
1 likely - confirm,registration lapsed,site,Qingdao Tenghua Apparel Co.Ltd.,CN,1,adidas,exact,OtherEntityNames.OtherEntityName.1,655600OVRR5I3OJRFF23,"QINGDAO TENGHUA APPAREL CO.,LTD.",青岛藤华服装有限公司,青岛市,CN-SD,CN,青岛市,CN,ACTIVE,LAPSED,GENERAL,yes,
1 likely - confirm,,site,Racing Force S.p.A.,IT,1,adidas,exact,LegalName,8156005B22B0857C7357,RACING FORCE S.P.A.,RACING FORCE S.P.A.,RONCO SCRIVIA,IT-GE,IT,RONCO SCRIVIA,IT,ACTIVE,ISSUED,GENERAL,yes,
1 likely - confirm,,site,SP Apparel Inc,CA,1,Nike,exact,OtherEntityNames.OtherEntityName.1,549300X006DP42WTYN30,SP APPAREL INC.,LES VÊTEMENTS SP INC.,Granby,CA-QC,CA,Granby,CA,ACTIVE,ISSUED,GENERAL,yes,
1 likely - confirm,,site,SSA FOOTWEAR PRIVATE LIMITED,IN,1,adidas,exact,LegalName,894500H4I6Y82QRREF57,SSA FOOTWEAR PRIVATE LIMITED,SSA FOOTWEAR PRIVATE LIMITED,DEHRADUN,,IN,DEHRADUN,IN,ACTIVE,ISSUED,GENERAL,yes,
1 likely - confirm,registration lapsed,owner,TEXTUFIL S A DE C V,SV,1,adidas,exact,LegalName,5493005I5BINLWKGQO91,"TEXTUFIL, S.A. DE C.V.","TEXTUFIL, S.A. DE C.V.",San Salvador,SV-SS,SV,San Salvador,SV,ACTIVE,LAPSED,GENERAL,yes,
1 likely - confirm,,site,Universal Sports Industries,IN,1,adidas,exact,LegalName,984500EDZ3A60C0RD904,UNIVERSAL SPORTS INDUSTRIES,UNIVERSAL SPORTS INDUSTRIES,Jalandhar,IN-PB,IN,Jalandhar,IN,ACTIVE,ISSUED,GENERAL,yes,
1 likely - confirm,,site,Waldkraft Gmbh,DE,1,adidas,exact,LegalName,391200G6XHT7VDQ18P07,Waldkraft GmbH,Waldkraft GmbH,Todtnau,DE-BW,DE,Todtnau,DE,ACTIVE,ISSUED,GENERAL,yes,
2 possible - check,,owner,AVERY DENNISON,BD|BR|CN|HN|ID|IN|IT|NL|PK|TR|TW|VN,17,both,starts_with,LegalName,2138004WKONVOSRTU954,AVERY DENNISON SMARTRAC LATAM LTDA,AVERY DENNISON SMARTRAC LATAM LTDA,VINHEDO,BR-SP,BR,VINHEDO,BR,ACTIVE,ISSUED,GENERAL,yes,
2 possible - check,,owner,AVERY DENNISON,BD|BR|CN|HN|ID|IN|IT|NL|PK|TR|TW|VN,17,both,starts_with,LegalName,213800AZ2WRS3GSXCQ93,AVERY DENNISON DO BRASIL LTDA,AVERY DENNISON DO BRASIL LTDA,VINHEDO,,BR,VINHEDO,BR,ACTIVE,ISSUED,GENERAL,yes,
2 possible - check,,owner,AVERY DENNISON,BD|BR|CN|HN|ID|IN|IT|NL|PK|TR|TW|VN,17,both,starts_with,LegalName,213800CKDNK3Z4ST6412,AVERY DENNISON NETHERLANDS INVESTMENT II B.V.,AVERY DENNISON NETHERLANDS INVESTMENT II B.V.,OEGSTGEEST,NL-ZH,NL,OEGSTGEEST,NL,ACTIVE,ISSUED,GENERAL,yes,
2 possible - check,,owner,AVERY DENNISON,BD|BR|CN|HN|ID|IN|IT|NL|PK|TR|TW|VN,17,both,starts_with,LegalName,335800B6VWRQKKS8ET90,AVERY DENNISON (INDIA) PRIVATE LIMITED,AVERY DENNISON (INDIA) PRIVATE LIMITED,DELHI,IN-DL,IN,DELHI,IN,ACTIVE,ISSUED,GENERAL,yes,
2 possible - check,registration lapsed,owner,AVERY DENNISON,BD|BR|CN|HN|ID|IN|IT|NL|PK|TR|TW|VN,17,both,starts_with,LegalName,549300B8KUXF7IG4VL41,AVERY DENNISON NETHERLANDS INVESTMENT XII B.V.,AVERY DENNISON NETHERLANDS INVESTMENT XII B.V.,OEGSTGEEST,NL-ZH,NL,OEGSTGEEST,NL,ACTIVE,LAPSED,GENERAL,yes,
2 possible - check,,owner,AVERY DENNISON,BD|BR|CN|HN|ID|IN|IT|NL|PK|TR|TW|VN,17,both,starts_with,TransliteratedOtherEntityNames.TransliteratedOtherEntityName.1,549300L5HUFSG8BP6K27,AVERY DENNISON (CHINA) COMPANY LIMITED,艾利丹尼森(中国)有限公司,KUNSHAN,CN-JS,CN,KUNSHAN,CN,ACTIVE,ISSUED,GENERAL,yes,
2 possible - check,,owner,AVERY DENNISON,BD|BR|CN|HN|ID|IN|IT|NL|PK|TR|TW|VN,17,both,starts_with,TransliteratedOtherEntityNames.TransliteratedOtherEntityName.1,549300R5C38TDOXW9F88,"AVERY DENNISON (GUANGZHOU) CO., LTD",艾利丹尼森(广州)材料有限公司,GUANGZHOU,CN-GD,CN,GUANGZHOU,CN,ACTIVE,ISSUED,GENERAL,yes,
2 possible - check,registration lapsed,owner,AVERY DENNISON,BD|BR|CN|HN|ID|IN|IT|NL|PK|TR|TW|VN,17,both,starts_with,LegalName,549300W6UCQQG5IIUM21,AVERY DENNISON NETHERLANDS INVESTMENT XIII B.V.,AVERY DENNISON NETHERLANDS INVESTMENT XIII B.V.,OEGSTGEEST,NL-ZH,NL,OEGSTGEEST,NL,ACTIVE,LAPSED,GENERAL,yes,
2 possible - check,,owner,AVERY DENNISON,BD|BR|CN|HN|ID|IN|IT|NL|PK|TR|TW|VN,17,both,starts_with,LegalName,549300XFF8571WGRDW37,AVERY DENNISON MATERIALS EUROPE B.V.,AVERY DENNISON MATERIALS EUROPE B.V.,OEGSTGEEST,NL-ZH,NL,OEGSTGEEST,NL,ACTIVE,ISSUED,GENERAL,yes,
2 possible - check,registration lapsed,owner,AVERY DENNISON,BD|BR|CN|HN|ID|IN|IT|NL|PK|TR|TW|VN,17,both,starts_with,LegalName,549300ZJXK0VC755FW69,AVERY DENNISON NETHERLANDS INVESTMENT XI COÖPERATIEF U.A.,AVERY DENNISON NETHERLANDS INVESTMENT XI COÖPERATIEF U.A.,OEGSTGEEST,NL-ZH,NL,OEGSTGEEST,NL,ACTIVE,LAPSED,GENERAL,yes,
2 possible - check,registration lapsed,owner,AVERY DENNISON,BD|BR|CN|HN|ID|IN|IT|NL|PK|TR|TW|VN,17,both,starts_with,LegalName,6354006HIECTE1NUD634,Avery Dennison B.V.,Avery Dennison B.V.,Oegstgeest,NL-ZH,NL,Oegstgeest,NL,ACTIVE,LAPSED,GENERAL,yes,
2 possible - check,registration lapsed,owner,AVERY DENNISON,BD|BR|CN|HN|ID|IN|IT|NL|PK|TR|TW|VN,17,both,starts_with,LegalName,635400HRBEW4HLILHT23,Avery Dennison S.R.L,Avery Dennison S.R.L,Bucuresti,RO-AB,RO,Oegstgeest,NL,ACTIVE,LAPSED,GENERAL,yes,
2 possible - check,,owner,FAR EASTERN,CN|TW|VN,8,both,starts_with,TransliteratedOtherEntityNames.TransliteratedOtherEntityName.1,254900CDLU5OS06M6K24,Far Eastern New Century Corporation,遠東新世紀股份有限公司,Taipei,TW-TPE,TW,Taipei,TW,ACTIVE,ISSUED,GENERAL,yes,
2 possible - check,,owner,FAR EASTERN,CN|TW|VN,8,both,starts_with,TransliteratedOtherEntityNames.TransliteratedOtherEntityName.1,254900RGBBZIYQFCJR41,Far Eastern International Securities Company Limited,遠智證券股份有限公司,Taipei,TW-TPE,TW,Taipei,TW,ACTIVE,ISSUED,GENERAL,yes,
2 possible - check,,owner,FAR EASTERN,CN|TW|VN,8,both,starts_with,TransliteratedOtherEntityNames.TransliteratedOtherEntityName.1,549300MGVLXK8G4X5Y29,"FAR EASTERN INTERNATIONAL BANK, LTD.",遠東國際商業銀行股份有限公司,TAIPEI,TW-TPE,TW,TAIPEI,TW,ACTIVE,ISSUED,GENERAL,yes,
2 possible - check,registration lapsed,owner,NAN YANG,TH,5,both,starts_with,LegalName,254900UJ1V64U6561F12,Nan Yang Textile Company Limited,Nan Yang Textile Company Limited,Nakornpathom,,TH,Nakornpathom,TH,ACTIVE,LAPSED,GENERAL,yes,
2 possible - check,,owner,SHAHI EXPORTS,IN,5,both,starts_with,LegalName,335800EFGAV8TUAX3S08,SHAHI EXPORTS PRIVATE LIMITED,SHAHI EXPORTS PRIVATE LIMITED,FARIDABAD,IN-HR,IN,FARIDABAD,IN,ACTIVE,ISSUED,GENERAL,yes,
2 possible - check,,owner,FAR EASTERN NEW CENTURY,CN|TW|VN,4,both,starts_with,TransliteratedOtherEntityNames.TransliteratedOtherEntityName.1,254900CDLU5OS06M6K24,Far Eastern New Century Corporation,遠東新世紀股份有限公司,Taipei,TW-TPE,TW,Taipei,TW,ACTIVE,ISSUED,GENERAL,yes,
2 possible - check,,owner,GOKALDAS EXPORTS,IN,4,adidas,starts_with,LegalName,335800EI4T29Z2KFOF66,GOKALDAS EXPORTS LIMITED,GOKALDAS EXPORTS LIMITED,BANGALORE,IN-KA,IN,BANGALORE,IN,ACTIVE,ISSUED,GENERAL,yes,
2 possible - check,,owner,APACHE FOOTWEAR,CN|IN,3,adidas,starts_with,LegalName,335800K5BSVDWTLCGJ43,APACHE FOOTWEAR INDIA PVT LTD,APACHE FOOTWEAR INDIA PVT LTD,TADA,IN-AP,IN,TADA,IN,ACTIVE,ISSUED,GENERAL,yes,
2 possible - check,,owner,CRYSTAL INTERNATIONAL,CN,3,both,exact,LegalName,894500AGX8JMRPBLA068,CRYSTAL INTERNATIONAL,CRYSTAL INTERNATIONAL,Luxembourg,,LU,Luxembourg,LU,ACTIVE,ISSUED,GENERAL,no,
2 possible - check,registration lapsed,owner,CRYSTAL INTERNATIONAL,CN,3,both,exact,LegalName,984500C969U5FPWD2C43,CRYSTAL INTERNATIONAL,CRYSTAL INTERNATIONAL,RAJIKOT,IN-GJ,IN,RAJIKOT,IN,ACTIVE,LAPSED,GENERAL,no,
2 possible - check,,owner,HUA FENG,CN|VN,3,adidas,starts_with,TransliteratedOtherEntityNames.TransliteratedOtherEntityName.1,836800Z6MGDY64MJV565,hua feng xiang gang shang mao you xian gong si,华峰（香港）商贸有限公司,香港,,HK,上海市,CN,ACTIVE,ISSUED,GENERAL,yes,
2 possible - check,,owner,MOCHIKO SHOES,IN,3,adidas,starts_with,LegalName,335800PKEBCUSRAB7658,MOCHIKO SHOES PRIVATE LIMITED,MOCHIKO SHOES PRIVATE LIMITED,NEW DELHI,IN-DL,IN,GURGAON,IN,ACTIVE,ISSUED,GENERAL,yes,
2 possible - check,,owner,ARYAN APPARELS,IN,2,adidas,starts_with,LegalName,98450057HCCNB7BB5457,ARYAN APPARELS PRIVATE LIMITED,ARYAN APPARELS PRIVATE LIMITED,NEW DELHI,IN-DL,IN,Gurgaon,IN,ACTIVE,ISSUED,GENERAL,yes,
2 possible - check,registration lapsed,owner,CLASSIC FASHION APPAREL INDUSTRY,JO,2,adidas,starts_with,LegalName,54930075ZPYOCCFEH261,CLASSIC FASHION APPAREL INDUSTRY LTD CO,CLASSIC FASHION APPAREL INDUSTRY LTD CO,IRBID,JO-IR,JO,IRBID,JO,ACTIVE,LAPSED,GENERAL,yes,
2 possible - check,,owner,MARAL OVERSEAS,IN,2,adidas,starts_with,LegalName,335800UPAKUVCQKWLD56,MARAL OVERSEAS LIMITED,MARAL OVERSEAS LIMITED,KHARGONE,IN-MP,IN,NOIDA,IN,ACTIVE,ISSUED,GENERAL,yes,
2 possible - check,,owner,VERTICAL KNITS,MX,2,Nike,starts_with,LegalName,4469000001E9305R6057,VERTICAL KNITS SA DE CV,VERTICAL KNITS SA DE CV,Baca,MX-YUC,MX,Baca,MX,ACTIVE,ISSUED,GENERAL,yes,
2 possible - check,,owner,ACE TURTLE OMNI,IN,1,adidas,starts_with,LegalName,3358006WJQ5NKCOILG39,ACE TURTLE OMNI PRIVATE LIMITED,ACE TURTLE OMNI PRIVATE LIMITED,BENGALURU,IN-KA,IN,BENGALURU,IN,ACTIVE,ISSUED,GENERAL,yes,yes
2 possible - check,,owner,ALPINE APPARELS,IN,1,adidas,starts_with,LegalName,335800NQWF34N26ZNF59,ALPINE APPARELS PRIVATE LIMITED,ALPINE APPARELS PRIVATE LIMITED,NEW DELHI,IN-DL,IN,FARIDABAD,IN,ACTIVE,ISSUED,GENERAL,yes,yes
2 possible - check,,owner,APACHE FOOTWEAR INDIA,IN,1,adidas,starts_with,LegalName,335800K5BSVDWTLCGJ43,APACHE FOOTWEAR INDIA PVT LTD,APACHE FOOTWEAR INDIA PVT LTD,TADA,IN-AP,IN,TADA,IN,ACTIVE,ISSUED,GENERAL,yes,
2 possible - check,,site,Allshoes Benelux,NL,1,adidas,starts_with,LegalName,549300DIVEYKYBRU6Z07,ALLSHOES BENELUX B.V.,ALLSHOES BENELUX B.V.,ALKMAAR,NL-NH,NL,ALKMAAR,NL,ACTIVE,ISSUED,GENERAL,yes,
2 possible - check,,owner,BHARTIYA INTERNATIONAL,IN,1,adidas,starts_with,LegalName,335800TQ15QJJ5F5MX77,BHARTIYA INTERNATIONAL LIMITED,BHARTIYA INTERNATIONAL LIMITED,CHENNAI,IN-TN,IN,CHENNAI,IN,ACTIVE,ISSUED,GENERAL,yes,
2 possible - check,,owner,BLUE STAR,US,1,Nike,exact,LegalName,894500LQHKVU8OHMRB83,BLUE STAR,BLUE STAR,Post Office Kasol Tehsil Jari Distt Kullu,,IN,Post Office Kasol Tehsil Jari Distt Kullu,IN,ACTIVE,ISSUED,GENERAL,no,
2 possible - check,,site,EVEREST TEXTILE,TW,1,Nike,starts_with,OtherEntityNames.OtherEntityName.1,984500C37BCB8D3E0C55,"EVEREST TEXTILE CO., LTD.",宏遠興業股份有限公司,臺南市,TW-TNN,TW,臺南市,TW,ACTIVE,ISSUED,GENERAL,yes,
2 possible - check,,owner,HIGH STREET FASHIONS,IN,1,adidas,starts_with,LegalName,335800NZ88WJ8UDOVP14,HIGH STREET FASHIONS PRIVATE LIMITED,HIGH STREET FASHIONS PRIVATE LIMITED,JAIPUR,IN-RJ,IN,JAIPUR,IN,ACTIVE,ISSUED,GENERAL,yes,
2 possible - check,,owner,IR EXPORTS,IN,1,adidas,starts_with,LegalName,335800NGU9OYARTLJR66,IR EXPORTS PRIVATE LIMITED,IR EXPORTS PRIVATE LIMITED,GURGAON,IN-HR,IN,GURGAON,IN,ACTIVE,ISSUED,GENERAL,yes,
2 possible - check,,site,MAGNOLIA MARTINIQUE,IN,1,adidas,starts_with,LegalName,984500694Z68D849CI45,MAGNOLIA MARTINIQUE CLOTHING PRIVATE LIMITED,MAGNOLIA MARTINIQUE CLOTHING PRIVATE LIMITED,NEW DELHI,IN-DL,IN,NEW DELHI,IN,ACTIVE,ISSUED,GENERAL,yes,
2 possible - check,,owner,MAGNOLIA MARTINIQUE CLOTHING,IN,1,adidas,starts_with,LegalName,984500694Z68D849CI45,MAGNOLIA MARTINIQUE CLOTHING PRIVATE LIMITED,MAGNOLIA MARTINIQUE CLOTHING PRIVATE LIMITED,NEW DELHI,IN-DL,IN,NEW DELHI,IN,ACTIVE,ISSUED,GENERAL,yes,
2 possible - check,,owner,MAS ACTIVE,LK,1,Nike,starts_with,LegalName,254900500JR7F97GLC22,MAS Active Trading (Private) Limited,MAS Active Trading (Private) Limited,Nugegoda,LK-11,LK,Nugegoda,LK,ACTIVE,ISSUED,GENERAL,yes,
2 possible - check,,owner,MAS ACTIVE,LK,1,Nike,starts_with,LegalName,2549005TA0W71J72HG81,MAS Active (Private) Limited,MAS Active (Private) Limited,Malwana,LK-11,LK,Malwana,LK,ACTIVE,ISSUED,GENERAL,yes,
2 possible - check,,owner,MAS INTIMATES,LK,1,Nike,starts_with,LegalName,254900DSBBA0W5IWUY41,MAS Intimates (Pvt) Ltd.,MAS Intimates (Pvt) Ltd.,Battaramulla,LK-11,LK,Battaramulla,LK,ACTIVE,ISSUED,GENERAL,yes,
2 possible - check,registration lapsed,owner,NAN YANG TEXTILE,TH,1,Nike,starts_with,LegalName,254900UJ1V64U6561F12,Nan Yang Textile Company Limited,Nan Yang Textile Company Limited,Nakornpathom,,TH,Nakornpathom,TH,ACTIVE,LAPSED,GENERAL,yes,
2 possible - check,registration lapsed,owner,PASCH DESIGN,IN,1,adidas,starts_with,LegalName,648880HH2H8C4SX16P38,PASCH DESIGN LLP,PASCH DESIGN LLP,Faridabad,,IN,Faridabad,IN,ACTIVE,LAPSED,GENERAL,yes,
2 possible - check,registration lapsed,owner,QINGDAO JIFA,CN,1,adidas,starts_with,OtherEntityNames.OtherEntityName.1,655600GU9WYPQWREK723,Qingdao Jifa Xinheng Textile CO lTD,青岛即发新恒纺织股份有限公司,青岛市,CN-SD,CN,青岛市,CN,ACTIVE,LAPSED,GENERAL,yes,
2 possible - check,registration lapsed,site,Sampling Innovations Europe,ES,1,adidas,starts_with,LegalName,95980020140005909805,SAMPLING INNOVATIONS EUROPE SL,SAMPLING INNOVATIONS EUROPE SL,SABADELL,ES-B,ES,SABADELL,ES,ACTIVE,LAPSED,GENERAL,yes,
2 possible - check,registration lapsed,owner,WUXI A C M GLASSCASE,CN,1,Nike,starts_with,OtherEntityNames.OtherEntityName.1,655600CN2HAZFSFIHN49,"WUXI A.C.M. GLASSCASE CO.,LTD.",无锡艾西蒙眼镜盒有限公司,无锡市,CN-JS,CN,无锡市,CN,ACTIVE,LAPSED,GENERAL,yes,
2 possible - check,registration lapsed,owner,YANTAI NE APPAREL,CN,1,adidas,starts_with,OtherEntityNames.OtherEntityName.1,6556000X24QCSE4U9K81,"YANTAI NE APPAREL CO.,LTD",烟台恩怡服装有限公司,烟台市,CN-SD,CN,烟台市,CN,ACTIVE,LAPSED,GENERAL,yes,
3 unlikely (generic name / fund / sole proprietor),generic name,owner,MAS,ID|JO|LK,16,Nike,exact,LegalName,64886IX527N7KJMP7268,MAS,MAS,Uccle,,BE,Uccle,BE,ACTIVE,ISSUED,GENERAL,no,
3 unlikely (generic name / fund / sole proprietor),generic name,owner,MAS,ID|JO|LK,16,Nike,exact,LegalName,969500HDLWS1VD745Z49,MAS,MAS,RUAUDIN,FR-72,FR,RUAUDIN,FR,ACTIVE,ISSUED,GENERAL,no,
3 unlikely (generic name / fund / sole proprietor),generic name,owner,MAS,ID|JO|LK,16,Nike,exact,OtherEntityNames.OtherEntityName.1,984500506F6DBD8A8E33,MAS,Momentum Advisory Services,Uccle,BE-BRU,BE,Uccle,BE,ACTIVE,ISSUED,GENERAL,no,
3 unlikely (generic name / fund / sole proprietor),generic name; registration lapsed,owner,HI TECH,KH|TH|VN,10,Nike,starts_with,LegalName,213800J43B2F1BHUY487,HI TECH COATINGS (UK) LTD PENSION PLAN,HI TECH COATINGS (UK) LTD PENSION PLAN,BARLING WAY,GB-WAR,GB,BARLING WAY,GB,ACTIVE,LAPSED,GENERAL,no,
3 unlikely (generic name / fund / sole proprietor),generic name; registration lapsed,owner,HI TECH,KH|TH|VN,10,Nike,starts_with,LegalName,213800T8MCR9NKLVT236,HI - TECH (UK) HOLDINGS LIMITED,HI - TECH (UK) HOLDINGS LIMITED,PORTSMOUTH,GB-HAM,GB,HAVANT,GB,ACTIVE,LAPSED,GENERAL,no,
3 unlikely (generic name / fund / sole proprietor),generic name; registration lapsed,owner,HI TECH,KH|TH|VN,10,Nike,starts_with,LegalName,2549001WQNNQ3DL3OT25,Hi Tech Industries,Hi Tech Industries,Kanpur,IN-UP,IN,Kanpur,IN,ACTIVE,LAPSED,GENERAL,no,
3 unlikely (generic name / fund / sole proprietor),generic name,owner,HI TECH,KH|TH|VN,10,Nike,starts_with,LegalName,2549002713Q1Y4CG6479,"Hi Tech Imports South, LLC","Hi Tech Imports South, LLC",HOUSTON,US-TX,US,Houston,US,ACTIVE,ISSUED,GENERAL,no,
3 unlikely (generic name / fund / sole proprietor),generic name,owner,HI TECH,KH|TH|VN,10,Nike,starts_with,LegalName,254900AKEZQSI6FQEQ05,"HI-TECH MOLD & ENGINEERING, INC.","HI-TECH MOLD & ENGINEERING, INC.",ROCHESTER HILLS,US-MI,US,ROCHESTER HILLS,US,ACTIVE,ISSUED,GENERAL,no,
3 unlikely (generic name / fund / sole proprietor),generic name,owner,HI TECH,KH|TH|VN,10,Nike,starts_with,LegalName,254900AV2BTDYHHLXD77,"Hi Tech Imports North, LLC","Hi Tech Imports North, LLC",HOUSTON,US-TX,US,Houston,US,ACTIVE,ISSUED,GENERAL,no,
3 unlikely (generic name / fund / sole proprietor),generic name,owner,HI TECH,KH|TH|VN,10,Nike,starts_with,LegalName,254900NU85ZDJHG29O45,"HI TECH AUTO REALTY, LLC","HI TECH AUTO REALTY, LLC",Houston,US-TX,US,Houston,US,ACTIVE,ISSUED,GENERAL,no,
3 unlikely (generic name / fund / sole proprietor),generic name; registration lapsed,owner,HI TECH,KH|TH|VN,10,Nike,starts_with,LegalName,254900RLLTRK25L6R254,Hi Tech Plastic Industries S.à r.l.,Hi Tech Plastic Industries S.à r.l.,Diekirch,,LU,Diekirch,LU,ACTIVE,LAPSED,GENERAL,no,
3 unlikely (generic name / fund / sole proprietor),generic name; registration lapsed,owner,HI TECH,KH|TH|VN,10,Nike,starts_with,LegalName,254900VF2O44DMWV9052,HI TECH INSTALLATIONS LTD.,HI TECH INSTALLATIONS LTD.,BRANDON,CA-MB,CA,BRANDON,CA,ACTIVE,LAPSED,GENERAL,no,
3 unlikely (generic name / fund / sole proprietor),generic name; sole proprietor; registration lapsed,owner,HI TECH,KH|TH|VN,10,Nike,starts_with,LegalName,254900VXLTFQRRSCNG52,HI TECH WATER PROOFING & GARDEN MAINTENANCE & PEST CONTROL,HI TECH WATER PROOFING & GARDEN MAINTENANCE & PEST CONTROL,Islamabad,PK-IS,PK,Islamabad,PK,ACTIVE,LAPSED,SOLE_PROPRIETOR,no,
3 unlikely (generic name / fund / sole proprietor),generic name; registration lapsed,owner,HI TECH,KH|TH|VN,10,Nike,starts_with,LegalName,315700CP5LYDU9LCK791,HI - TECH ELEKTRO s.r.o.,HI - TECH ELEKTRO s.r.o.,Dunajská Streda,SK-TA,SK,Dunajská Streda,SK,ACTIVE,LAPSED,GENERAL,no,
3 unlikely (generic name / fund / sole proprietor),generic name,owner,HI TECH,KH|TH|VN,10,Nike,starts_with,LegalName,315700U1EGFRMKCBXV92,"Hi-Tech Services, spol. s r.o.","Hi-Tech Services, spol. s r.o.",Brno,CZ-64,CZ,Brno - Bohunice,CZ,ACTIVE,ISSUED,GENERAL,no,
3 unlikely (generic name / fund / sole proprietor),generic name,owner,HI TECH,KH|TH|VN,10,Nike,starts_with,LegalName,3358000LJODOPDUCXC80,HI-TECH AUDIO VIDEO LLP,HI-TECH AUDIO VIDEO LLP,GAUTAM BUDDHA NAGAR,IN-UP,IN,GAUTAM BUDDHA NAGAR,IN,ACTIVE,ISSUED,GENERAL,no,
3 unlikely (generic name / fund / sole proprietor),generic name,owner,HI TECH,KH|TH|VN,10,Nike,starts_with,LegalName,3358001O1DQZZMRUZS05,HI-TECH DIGITAL SOLUTIONS LLP,HI-TECH DIGITAL SOLUTIONS LLP,AHMEDABAD,IN-GJ,IN,AHMEDABAD,IN,ACTIVE,ISSUED,GENERAL,no,
3 unlikely (generic name / fund / sole proprietor),generic name,owner,HI TECH,KH|TH|VN,10,Nike,starts_with,LegalName,3358001WDC4PNOP9DO77,HI-TECH ENGINEERS (GUJ) PVT LTD,HI-TECH ENGINEERS (GUJ) PVT LTD,CHANGODAR,IN-GJ,IN,CHANGODAR,IN,ACTIVE,ISSUED,GENERAL,no,
3 unlikely (generic name / fund / sole proprietor),generic name; registration lapsed,owner,HI TECH,KH|TH|VN,10,Nike,starts_with,LegalName,33580026DT4D917IB733,HI-TECH BUILDERS AND HOTELS,HI-TECH BUILDERS AND HOTELS,SAS NAGAR,IN-PB,IN,SAS NAGAR,IN,ACTIVE,LAPSED,GENERAL,no,
3 unlikely (generic name / fund / sole proprietor),generic name,owner,HI TECH,KH|TH|VN,10,Nike,starts_with,LegalName,3358002JXJNXLSLOZQ56,HI-TECH POLYFLEX PRIVATE LIMITED,HI-TECH POLYFLEX PRIVATE LIMITED,DELHI,IN-DL,IN,DELHI,IN,ACTIVE,ISSUED,GENERAL,no,
3 unlikely (generic name / fund / sole proprietor),generic name,owner,HI TECH,KH|TH|VN,10,Nike,starts_with,LegalName,3358002QBGFBIKNA4A23,HI-TECH INVESTMENT CASTINGS PRIVATE LIMITED,HI-TECH INVESTMENT CASTINGS PRIVATE LIMITED,SIHOR,IN-GJ,IN,SIHOR,IN,ACTIVE,ISSUED,GENERAL,no,
3 unlikely (generic name / fund / sole proprietor),generic name; sole proprietor; registration lapsed,owner,HI TECH,KH|TH|VN,10,Nike,starts_with,LegalName,3358002R9RAIQOJHKX69,HI TECH AUTO PARTS,HI TECH AUTO PARTS,ALWAR,IN-RJ,IN,ALWAR,IN,ACTIVE,LAPSED,SOLE_PROPRIETOR,no,
3 unlikely (generic name / fund / sole proprietor),generic name,owner,HI TECH,KH|TH|VN,10,Nike,starts_with,LegalName,3358002UW4I798PRSL48,HI-TECH SPECIALITY FILMS,HI-TECH SPECIALITY FILMS,GANDHINAGAR,IN-GJ,IN,GANDHINAGAR,IN,ACTIVE,ISSUED,GENERAL,no,
3 unlikely (generic name / fund / sole proprietor),generic name,owner,HI TECH,KH|TH|VN,10,Nike,starts_with,LegalName,3358004OSPMKALCIEK26,HI-TECH AUDIO VIDEO SYSTEMS PRIVATE LIMITED,HI-TECH AUDIO VIDEO SYSTEMS PRIVATE LIMITED,DELHI,IN-DL,IN,DELHI,IN,ACTIVE,ISSUED,GENERAL,no,
3 unlikely (generic name / fund / sole proprietor),generic name; sole proprietor,owner,HI TECH,KH|TH|VN,10,Nike,starts_with,LegalName,33580061O57MCPIQFD35,HI TECH BEARING ENTERPRISES,HI TECH BEARING ENTERPRISES,GURUGRAM,IN-HR,IN,GURUGRAM,IN,ACTIVE,ISSUED,SOLE_PROPRIETOR,no,
3 unlikely (generic name / fund / sole proprietor),generic name; sole proprietor,owner,HI TECH,KH|TH|VN,10,Nike,starts_with,LegalName,335800636YAGGKVS8U92,HI-TECH CONSTRUCTIONS & CO,HI-TECH CONSTRUCTIONS & CO,CHUMOUKEDIMA,IN-NL,IN,CHUMOUKEDIMA,IN,ACTIVE,ISSUED,SOLE_PROPRIETOR,no,
3 unlikely (generic name / fund / sole proprietor),generic name; sole proprietor,owner,HI TECH,KH|TH|VN,10,Nike,starts_with,LegalName,3358006HSQYUEJQHE104,HI-TECH EQUIPMENTS AND FABRICATIONS,HI-TECH EQUIPMENTS AND FABRICATIONS,HYDERABAD,,IN,HYDERABAD,IN,ACTIVE,ISSUED,SOLE_PROPRIETOR,no,
3 unlikely (generic name / fund / sole proprietor),generic name; sole proprietor,owner,HI TECH,KH|TH|VN,10,Nike,starts_with,LegalName,3358006TSDZIU2HDM803,HI-TECH INDIA,HI-TECH INDIA,WEST DELHI,IN-DL,IN,WEST DELHI,IN,ACTIVE,ISSUED,SOLE_PROPRIETOR,no,
3 unlikely (generic name / fund / sole proprietor),generic name; sole proprietor,owner,HI TECH,KH|TH|VN,10,Nike,exact,LegalName,335800DK29C6FOTIT765,HI TECH,HI TECH,BEHROR,IN-RJ,IN,BEHROR,IN,ACTIVE,ISSUED,SOLE_PROPRIETOR,no,
3 unlikely (generic name / fund / sole proprietor),fund,owner,FAR EASTERN,CN|TW|VN,8,both,starts_with,LegalName,5493001HCKHDGBF3Q122,FAR EASTERN FUND,FAR EASTERN FUND,HALIFAX,GB-CLD,GB,HALIFAX,GB,ACTIVE,ISSUED,FUND,no,
3 unlikely (generic name / fund / sole proprietor),generic name,owner,STELLA,CN|VN,8,Nike,exact,LegalName,549300AZQBPNGR3O0U02,STELLA,STELLA,MOUSCRON,BE-WHT,BE,MOUSCRON,BE,ACTIVE,ISSUED,GENERAL,no,
3 unlikely (generic name / fund / sole proprietor),generic name,owner,STELLA,CN|VN,8,Nike,exact,LegalName,894500KBO2HHR61F9174,STELLA,STELLA,TOULOUSE,,FR,TOULOUSE,FR,ACTIVE,ISSUED,GENERAL,no,
3 unlikely (generic name / fund / sole proprietor),generic name,owner,STELLA,CN|VN,8,Nike,exact,LegalName,894500MAYP1I90RC7D66,Stella,Stella,Versailles,,FR,Versailles,FR,ACTIVE,ISSUED,GENERAL,no,
3 unlikely (generic name / fund / sole proprietor),generic name,owner,STELLA,CN|VN,8,Nike,exact,LegalName,9695002P3Z79R1CP1V73,STELLA,STELLA,SAINTE-MAXIME,FR-83,FR,SAINTE-MAXIME,FR,ACTIVE,ISSUED,GENERAL,no,
3 unlikely (generic name / fund / sole proprietor),generic name,owner,STELLA,CN|VN,8,Nike,exact,LegalName,9695006YV8NFZ6RW7S06,STELLA,STELLA,PARIS,FR-75C,FR,PARIS,FR,ACTIVE,ISSUED,GENERAL,no,
3 unlikely (generic name / fund / sole proprietor),generic name,owner,STELLA,CN|VN,8,Nike,exact,LegalName,969500OGVFHIE0C0Z632,STELLA,STELLA,CHATEAUNEUF-LE-ROUGE,FR-13,FR,CHATEAUNEUF-LE-ROUGE,FR,ACTIVE,ISSUED,GENERAL,no,
3 unlikely (generic name / fund / sole proprietor),generic name; fund,owner,STELLA,CN|VN,8,Nike,exact,LegalName,969500PXD9VSD8S9S196,STELLA,STELLA,PARIS,FR-75C,FR,PARIS,FR,ACTIVE,ISSUED,FUND,no,
3 unlikely (generic name / fund / sole proprietor),generic name,owner,STELLA,CN|VN,8,Nike,exact,LegalName,969500UTMDFUAYGZEQ13,STELLA,STELLA,PARIS,FR-75C,FR,PARIS,FR,ACTIVE,ISSUED,GENERAL,no,
3 unlikely (generic name / fund / sole proprietor),fund; registration lapsed,owner,ASI GLOBAL,CN|VN,7,both,starts_with,LegalName,213800EITQAZ2XTOB367,ASI GLOBAL PRIVATE MARKETS UNIT TRUST - ASI GLOBAL PRIVATE MARKETS FUND I,ASI GLOBAL PRIVATE MARKETS UNIT TRUST - ASI GLOBAL PRIVATE MARKETS FUND I,LONDON,GB-LND,GB,EDINBURGH,GB,ACTIVE,LAPSED,FUND,no,
3 unlikely (generic name / fund / sole proprietor),fund; registration lapsed,owner,ASI GLOBAL,CN|VN,7,both,starts_with,OtherEntityNames.OtherEntityName.1,213800QOU84HCOUSPE54,ASI GLOBAL PRIVATE MARKETS REAL ESTATE FUND,ABRDN GLOBAL PRIVATE MARKETS REAL ESTATE FUND,DUBLIN,IE-D,IE,EDINBURGH,GB,ACTIVE,LAPSED,FUND,no,
3 unlikely (generic name / fund / sole proprietor),fund,owner,ASI GLOBAL,CN|VN,7,both,starts_with,OtherEntityNames.OtherEntityName.2,5493000LJWGP1BCR8T04,ASI GLOBAL SUSTAINABLE AND RESPONSIBLE INVESTMENT EQUITY FUND,ABRDN GLOBAL SUSTAINABLE EQUITY FUND,LONDON,GB-LND,GB,LONDON,GB,ACTIVE,ISSUED,FUND,no,
3 unlikely (generic name / fund / sole proprietor),fund,owner,ASI GLOBAL,CN|VN,7,both,starts_with,OtherEntityNames.OtherEntityName.3,5493001A7GT1PUX3EG61,ASI GLOBAL INCOME EQUITY FUND,ABRDN GLOBAL INFRASTRUCTURE EQUITY FUND,LONDON,GB-LND,GB,LONDON,GB,ACTIVE,ISSUED,FUND,no,
3 unlikely (generic name / fund / sole proprietor),fund,owner,ASI GLOBAL,CN|VN,7,both,starts_with,OtherEntityNames.OtherEntityName.1,5493006DR40DJEX4S552,ASI GLOBAL EQUITY FUND,ABRDN GLOBAL EQUITY FUND,LONDON,GB-LND,GB,LONDON,GB,ACTIVE,ISSUED,FUND,no,
3 unlikely (generic name / fund / sole proprietor),fund; not active; registration retired,owner,ASI GLOBAL,CN|VN,7,both,starts_with,LegalName,5493006RRVKLD49VWP29,ASI GLOBAL OPPORTUNISTIC BOND FUND,ASI GLOBAL OPPORTUNISTIC BOND FUND,LONDON,GB-LND,GB,LONDON,GB,INACTIVE,RETIRED,FUND,no,
3 unlikely (generic name / fund / sole proprietor),fund; registration lapsed,owner,ASI GLOBAL,CN|VN,7,both,starts_with,OtherEntityNames.OtherEntityName.1,549300I8RCKMET404713,ASI GLOBAL FOCUSED EQUITY FUND,ABRDN GLOBAL FOCUSED EQUITY FUND,LONDON,GB-LND,GB,LONDON,GB,ACTIVE,LAPSED,FUND,no,
3 unlikely (generic name / fund / sole proprietor),fund; not active; registration retired,owner,ASI GLOBAL,CN|VN,7,both,starts_with,LegalName,549300LM0RK2IDLIOL32,ASI GLOBAL ALLOCATION FUND,ASI GLOBAL ALLOCATION FUND,Luxembourg,LU-LU,LU,Luxembourg,LU,INACTIVE,RETIRED,FUND,no,
3 unlikely (generic name / fund / sole proprietor),fund,owner,ASI GLOBAL,CN|VN,7,both,starts_with,OtherEntityNames.OtherEntityName.1,549300NR5XU4V9M57E06,ASI GLOBAL REAL ESTATE FUND,ABRDN GLOBAL REAL ESTATE FUND,LONDON,GB-LND,GB,LONDON,GB,ACTIVE,ISSUED,FUND,no,
3 unlikely (generic name / fund / sole proprietor),fund,owner,ASI GLOBAL,CN|VN,7,both,starts_with,OtherEntityNames.OtherEntityName.1,549300OWIP4V3XMOUI48,ASI GLOBAL BALANCED GROWTH FUND,ABRDN GLOBAL BALANCED GROWTH FUND,LONDON,GB-LND,GB,LONDON,GB,ACTIVE,ISSUED,FUND,no,
3 unlikely (generic name / fund / sole proprietor),fund,owner,ASI GLOBAL,CN|VN,7,both,starts_with,OtherEntityNames.OtherEntityName.1,549300R08EHVC5JJP961,ASI GLOBAL SMALLER COMPANIES FUND,ABRDN GLOBAL SMALLER COMPANIES FUND,LONDON,GB-LND,GB,LONDON,GB,ACTIVE,ISSUED,FUND,no,
3 unlikely (generic name / fund / sole proprietor),fund,owner,ASI GLOBAL,CN|VN,7,both,starts_with,LegalName,549300VZ7EM1JU4SO103,ASI GLOBAL HIGH YIELD BOND FUND,ASI GLOBAL HIGH YIELD BOND FUND,LONDON,GB-LND,GB,LONDON,GB,ACTIVE,ISSUED,FUND,no,
3 unlikely (generic name / fund / sole proprietor),fund; registration lapsed,owner,ASI GLOBAL,CN|VN,7,both,starts_with,OtherEntityNames.OtherEntityName.1,549300ZJSFSEALGJ0R05,ASI GLOBAL ABSOLUTE RETURN STRATEGIES FUND,ABRDN GLOBAL ABSOLUTE RETURN STRATEGIES FUND,LONDON,GB-LND,GB,LONDON,GB,ACTIVE,LAPSED,FUND,no,
3 unlikely (generic name / fund / sole proprietor),generic name; registration lapsed,owner,DELTA,BG|CN|EG|IL|TR|VN,7,both,exact,LegalName,549300GTDMESQI0SI367,DELTA,DELTA,OSLO,NO-03,NO,Oslo,NO,ACTIVE,LAPSED,GENERAL,no,
3 unlikely (generic name / fund / sole proprietor),generic name; registration lapsed,owner,DELTA,BG|CN|EG|IL|TR|VN,7,both,exact,LegalName,8755006RE1L9ALXU1L48,DELTA +,DELTA +,Tournai,BE-WHT,BE,Tournai,BE,ACTIVE,LAPSED,GENERAL,no,
3 unlikely (generic name / fund / sole proprietor),generic name; registration lapsed,owner,DELTA,BG|CN|EG|IL|TR|VN,7,both,exact,LegalName,894500KRDZ0CME6YKU36,DELTA,DELTA,Plougasnou,,FR,Plougasnou,FR,ACTIVE,LAPSED,GENERAL,no,
3 unlikely (generic name / fund / sole proprietor),generic name,owner,DELTA,BG|CN|EG|IL|TR|VN,7,both,exact,LegalName,969500576DN1IX3OPK73,DELTA,DELTA,ENTZHEIM,FR-67,FR,ENTZHEIM,FR,ACTIVE,ISSUED,GENERAL,no,
3 unlikely (generic name / fund / sole proprietor),generic name,owner,DELTA,BG|CN|EG|IL|TR|VN,7,both,exact,LegalName,96950060KMW1YXIH0636,DELTA,DELTA,LEVALLOIS-PERRET,FR-92,FR,LEVALLOIS-PERRET,FR,ACTIVE,ISSUED,GENERAL,no,
3 unlikely (generic name / fund / sole proprietor),generic name; registration lapsed,owner,DELTA,BG|CN|EG|IL|TR|VN,7,both,exact,LegalName,96950068M8MTSI76FA24,DELTA,DELTA,LYON,FR-69,FR,LYON,FR,ACTIVE,LAPSED,GENERAL,no,
3 unlikely (generic name / fund / sole proprietor),generic name,owner,DELTA,BG|CN|EG|IL|TR|VN,7,both,exact,LegalName,96950085YV5G6VIUFH05,DELTA,DELTA,MUNDOLSHEIM,FR-67,FR,MUNDOLSHEIM,FR,ACTIVE,ISSUED,GENERAL,no,
3 unlikely (generic name / fund / sole proprietor),generic name; registration lapsed,owner,DELTA,BG|CN|EG|IL|TR|VN,7,both,exact,LegalName,9695009M0HNG2M8A0X70,DELTA,DELTA,PARIS,FR-75C,FR,PARIS,FR,ACTIVE,LAPSED,GENERAL,no,
3 unlikely (generic name / fund / sole proprietor),generic name,owner,DELTA,BG|CN|EG|IL|TR|VN,7,both,exact,LegalName,969500HVUQPLZLVM7Y02,DELTA,DELTA,PARIS,FR-75C,FR,PARIS,FR,ACTIVE,ISSUED,GENERAL,no,
3 unlikely (generic name / fund / sole proprietor),generic name,owner,DELTA,BG|CN|EG|IL|TR|VN,7,both,exact,LegalName,969500HXNJATBNW1OE57,DELTA,DELTA,AMIENS,FR-80,FR,AMIENS,FR,ACTIVE,ISSUED,GENERAL,no,
3 unlikely (generic name / fund / sole proprietor),generic name,owner,DELTA,BG|CN|EG|IL|TR|VN,7,both,exact,LegalName,969500TRDHF2ALK44D70,DELTA,DELTA,TOULON,FR-83,FR,TOULON,FR,ACTIVE,ISSUED,GENERAL,no,
3 unlikely (generic name / fund / sole proprietor),generic name,owner,DELTA,BG|CN|EG|IL|TR|VN,7,both,exact,LegalName,969500X4GP0CWVHGHU52,DELTA,DELTA,VOGLANS,FR-73,FR,VOGLANS,FR,ACTIVE,ISSUED,GENERAL,no,
3 unlikely (generic name / fund / sole proprietor),generic name,owner,DELTA,BG|CN|EG|IL|TR|VN,7,both,exact,LegalName,9845006X77B70683B768,DELTA,DELTA,ANCENIS-SAINT-GEREON,FR-44,FR,ANCENIS-SAINT-GEREON,FR,ACTIVE,ISSUED,GENERAL,no,
3 unlikely (generic name / fund / sole proprietor),generic name; registration lapsed,owner,COATS,CN|HN|ID|MX|VN,6,adidas,exact,OtherEntityNames.OtherEntityName.1,213800A55OWZBSKJY226,COATS,CROWTHORNE OLD AGE TO TEEN SOCIETY,CROWTHRONE,GB-BRC,GB,CROWTHRONE,GB,ACTIVE,LAPSED,GENERAL,no,
3 unlikely (generic name / fund / sole proprietor),generic name,owner,MAP,CN|ID,4,Nike,exact,LegalName,8945001FKI3F2DIM4714,MAP,MAP,AJACCIO,,FR,ajaccio,FR,ACTIVE,ISSUED,GENERAL,no,
3 unlikely (generic name / fund / sole proprietor),generic name,owner,MAP,CN|ID,4,Nike,exact,LegalName,894500E5HZN7C5DGNH76,MAP,MAP,PARIS,,FR,PARIS,FR,ACTIVE,ISSUED,GENERAL,no,
3 unlikely (generic name / fund / sole proprietor),generic name; registration lapsed,owner,MAP,CN|ID,4,Nike,exact,OtherEntityNames.OtherEntityName.1,96950039ECJA3YIAIK80,MAP,MA PARTNERS,PARIS,FR-75C,FR,PARIS,FR,ACTIVE,LAPSED,GENERAL,no,
3 unlikely (generic name / fund / sole proprietor),generic name; registration lapsed,owner,MAP,CN|ID,4,Nike,exact,OtherEntityNames.OtherEntityName.1,969500S37HX4TQSAAV17,MAP,MANDATAIRE ASSURANCES PETRELLUZZI,BAIE-MAHAULT,FR-971,FR,BAIE-MAHAULT,FR,ACTIVE,LAPSED,GENERAL,no,
3 unlikely (generic name / fund / sole proprietor),generic name; registration lapsed,owner,MAP,CN|ID,4,Nike,exact,LegalName,969500SQZX1I48G9WR77,MAP,MAP,PARIS,FR-75C,FR,PARIS,FR,ACTIVE,LAPSED,GENERAL,no,
3 unlikely (generic name / fund / sole proprietor),generic name,owner,MAP,CN|ID,4,Nike,exact,LegalName,969500VIU4HH6LSHTH42,MAP,MAP,MASSY,FR-91,FR,MASSY,FR,ACTIVE,ISSUED,GENERAL,no,
3 unlikely (generic name / fund / sole proprietor),generic name,owner,MAP,CN|ID,4,Nike,exact,OtherEntityNames.OtherEntityName.1,984500464B0A95B7A087,MAP,Monaco Aide et Présence,Monaco,MC-MO,MC,Monaco,MC,ACTIVE,ISSUED,GENERAL,no,
3 unlikely (generic name / fund / sole proprietor),generic name,owner,MASTER,CN|KH|VN,4,both,exact,OtherEntityNames.OtherEntityName.1,549300Y4M2IKKE2XEL31,Master,Master ”B” i Uddevalla Aktiebolag,Uddevalla,SE-O,SE,Uddevalla,SE,ACTIVE,ISSUED,GENERAL,no,
3 unlikely (generic name / fund / sole proprietor),generic name; not active; registration retired,owner,MASTER,CN|KH|VN,4,both,exact,LegalName,894500PELPC3W6JV6625,MASTER,MASTER,MARSEILLE,FR-13,FR,MARSEILLE,FR,INACTIVE,RETIRED,GENERAL,no,
3 unlikely (generic name / fund / sole proprietor),generic name,owner,MAXIM,CN|KH|LK|VN,4,Nike,exact,LegalName,9695001SDRH820TZMJ37,MAXIM,MAXIM,SAMOIS-SUR-SEINE,FR-77,FR,SAMOIS-SUR-SEINE,FR,ACTIVE,ISSUED,GENERAL,no,
3 unlikely (generic name / fund / sole proprietor),generic name,owner,ASI,CN|VN,3,both,exact,LegalName,254900B2WH9TV3PSY041,ASI,ASI,Sint-Agatha-Berchem,BE-BRU,BE,Sint-Agatha-Berchem,BE,ACTIVE,ISSUED,GENERAL,no,
3 unlikely (generic name / fund / sole proprietor),generic name; registration lapsed,owner,ASI,CN|VN,3,both,exact,LegalName,8755006T43CP74DF3O97,ASI,ASI,Steenhuffel,BE-VBR,BE,Steenhuffel,BE,ACTIVE,LAPSED,GENERAL,no,
3 unlikely (generic name / fund / sole proprietor),generic name,owner,ASI,CN|VN,3,both,exact,LegalName,894500VB8FBSK0BCS633,ASI,ASI,SAINT HERBLAIN,FR-PDL,FR,SAINT HERBLAIN,FR,ACTIVE,ISSUED,GENERAL,no,
3 unlikely (generic name / fund / sole proprietor),generic name; registration pending_archival,owner,CRYSTAL,CN|VN,3,both,exact,LegalName,894500072KEJKR5I0J72,CRYSTAL,CRYSTAL,MONTPELLIER,,FR,MONTPELLIER,FR,ACTIVE,PENDING_ARCHIVAL,GENERAL,no,
3 unlikely (generic name / fund / sole proprietor),generic name; registration lapsed,owner,CRYSTAL,CN|VN,3,both,exact,LegalName,894500U1T8CB8HYYR622,CRYSTAL,CRYSTAL,LE LAMENTIN,,FR,LE LAMENTIN,FR,ACTIVE,LAPSED,GENERAL,no,
3 unlikely (generic name / fund / sole proprietor),generic name,owner,CRYSTAL,CN|VN,3,both,exact,OtherEntityNames.OtherEntityName.1,969500MW8GRWFNWFOM84,CRYSTAL,LAPLACE,MONTPELLIER,FR-34,FR,MONTPELLIER,FR,ACTIVE,ISSUED,GENERAL,no,
3 unlikely (generic name / fund / sole proprietor),generic name,owner,CRYSTAL,CN|VN,3,both,exact,LegalName,969500PB1HIRUI1H2T23,CRYSTAL,CRYSTAL,FEGERSHEIM,FR-67,FR,FEGERSHEIM,FR,ACTIVE,ISSUED,GENERAL,no,
3 unlikely (generic name / fund / sole proprietor),generic name; fund; not active; registration retired,owner,DIAMANT,BA|IT,3,Nike,exact,LegalName,96950027O24LEEV7VB29,DIAMANT,DIAMANT,PARIS 15,FR-75C,FR,PARIS 15,FR,INACTIVE,RETIRED,FUND,no,
3 unlikely (generic name / fund / sole proprietor),generic name; registration lapsed,owner,DIAMANT,BA|IT,3,Nike,exact,LegalName,96950071T8JKNF87WG45,DIAMANT,DIAMANT,AUBENAS,FR-07,FR,AUBENAS,FR,ACTIVE,LAPSED,GENERAL,no,
3 unlikely (generic name / fund / sole proprietor),generic name,owner,PARAMOUNT,US,3,both,exact,LegalName,335800IQ8KSL54AW8S32,PARAMOUNT,PARAMOUNT,SURAT,IN-GJ,IN,SURAT,IN,ACTIVE,ISSUED,GENERAL,no,
3 unlikely (generic name / fund / sole proprietor),fund,owner,PRIME ASIA,CN|VN,3,both,starts_with,LegalName,213800EWOAW465BNL415,PRIME ASIA ROSETTA ONE FUND,PRIME ASIA ROSETTA ONE FUND,SINGAPORE,SG-01,SG,SINGAPORE,SG,ACTIVE,ISSUED,FUND,no,
3 unlikely (generic name / fund / sole proprietor),fund,owner,PRIME ASIA,CN|VN,3,both,starts_with,LegalName,213800NC97FV8LE4JE36,PRIME ASIA ASSET MANAGEMENT FUNDS VCC,PRIME ASIA ASSET MANAGEMENT FUNDS VCC,SINGAPORE,SG-01,SG,SINGAPORE,SG,ACTIVE,ISSUED,FUND,no,
3 unlikely (generic name / fund / sole proprietor),fund,owner,PRIME ASIA,CN|VN,3,both,starts_with,LegalName,213800YHIXXIBDJ6WJ24,PRIME ASIA GLOBAL BOND FUND,PRIME ASIA GLOBAL BOND FUND,SINGAPORE,SG-01,SG,SINGAPORE,SG,ACTIVE,ISSUED,FUND,no,
3 unlikely (generic name / fund / sole proprietor),generic name,owner,XING YE,CN,3,adidas,starts_with,TransliteratedOtherEntityNames.TransliteratedOtherEntityName.1,3003007Y03W5HH1MXR96,xing ye yin hang gu fen you xian gong si xiang gang fen hang,興業銀行股份有限公司香港分行,香港,,HK,北京市,CN,ACTIVE,ISSUED,GENERAL,yes,
3 unlikely (generic name / fund / sole proprietor),generic name,owner,XING YE,CN,3,adidas,starts_with,TransliteratedOtherEntityNames.TransliteratedOtherEntityName.1,300300C1030935001303,xing ye yin hang gu fen you xian gong si,兴业银行股份有限公司,福州市,CN-FJ,CN,上海市,CN,ACTIVE,ISSUED,GENERAL,yes,
3 unlikely (generic name / fund / sole proprietor),generic name,owner,XING YE,CN,3,adidas,starts_with,TransliteratedOtherEntityNames.TransliteratedOtherEntityName.1,300300C3063545000038,xing ye xian nong cun xin yong ge zuo lian she,兴业县农村信用合作联社,南宁市,CN-GX,CN,南宁市,CN,ACTIVE,ISSUED,GENERAL,yes,
3 unlikely (generic name / fund / sole proprietor),generic name,owner,XING YE,CN,3,adidas,starts_with,TransliteratedOtherEntityNames.TransliteratedOtherEntityName.1,300300E2011135000092,xing ye ji jin guan li you xian gong si,兴业基金管理有限公司,福州市,CN-FJ,CN,上海市,CN,ACTIVE,ISSUED,GENERAL,yes,
3 unlikely (generic name / fund / sole proprietor),generic name,owner,XING YE,CN,3,adidas,starts_with,TransliteratedOtherEntityNames.TransliteratedOtherEntityName.1,300300M7AD1LM3G8N398,xing ye yin hang gu fen you xian gong si shang hai zi mao shi yan qu fen hang,兴业银行股份有限公司上海自贸试验区分行,上海市,CN-SH,CN,上海市,CN,ACTIVE,ISSUED,GENERAL,yes,
3 unlikely (generic name / fund / sole proprietor),generic name,owner,XING YE,CN,3,adidas,starts_with,TransliteratedOtherEntityNames.TransliteratedOtherEntityName.1,836800NRB6VMROUBLZ96,xing ye huang jin xiang gang kuang ye you xian gong si,興業黃金（香港）礦業有限公司,香港,,HK,香港,HK,ACTIVE,ISSUED,GENERAL,no,
3 unlikely (generic name / fund / sole proprietor),sole proprietor; registration lapsed,owner,ARYAN APPARELS,IN,2,adidas,exact,LegalName,2549009EHNGGJSQ6YN23,ARYAN APPARELS,ARYAN APPARELS,Ahmedabad,IN-GJ,IN,Ahmedabad,IN,ACTIVE,LAPSED,SOLE_PROPRIETOR,yes,
3 unlikely (generic name / fund / sole proprietor),generic name,owner,ECI,TW|VN,2,Nike,exact,LegalName,875500EVKCE8SRA7ER34,ECI,ECI,Erpe-Mere,BE-VOV,BE,Erpe-Mere,BE,ACTIVE,ISSUED,GENERAL,no,
3 unlikely (generic name / fund / sole proprietor),generic name; registration lapsed,owner,ISA,CN|VN,2,Nike,exact,LegalName,9695005GZ5HZ340WRX95,ISA,ISA,FOREST-MONTIERS,FR-80,FR,FOREST-MONTIERS,FR,ACTIVE,LAPSED,GENERAL,no,
3 unlikely (generic name / fund / sole proprietor),generic name,owner,ISA,CN|VN,2,Nike,exact,LegalName,969500LP6U38XR4PBI92,ISA,ISA,LEOGNAN,FR-33,FR,LEOGNAN,FR,ACTIVE,ISSUED,GENERAL,no,
3 unlikely (generic name / fund / sole proprietor),generic name,owner,ISA,CN|VN,2,Nike,exact,LegalName,969500SXXK8UWYJA3V17,ISA,ISA,REIMS,FR-51,FR,REIMS,FR,ACTIVE,ISSUED,GENERAL,no,
3 unlikely (generic name / fund / sole proprietor),generic name,owner,ISA,CN|VN,2,Nike,exact,LegalName,969500UCUZIE0YLD8O95,ISA,ISA,PERPIGNAN,FR-66,FR,PERPIGNAN,FR,ACTIVE,ISSUED,GENERAL,no,
3 unlikely (generic name / fund / sole proprietor),generic name,owner,KMK,ID,2,Nike,exact,LegalName,9845005FE883IBCEAD59,KMK,KMK,Monaco,MC-MC,MC,Monaco,MC,ACTIVE,ISSUED,GENERAL,no,
3 unlikely (generic name / fund / sole proprietor),generic name; registration lapsed,owner,TRIMCO,CN,2,Nike,exact,LegalName,9845005566584DCAB866,TRIMCO,TRIMCO,Sint-Genesius-Rode,,BE,Sint-Genesius-Rode,BE,ACTIVE,LAPSED,GENERAL,no,
3 unlikely (generic name / fund / sole proprietor),generic name,owner,A FIRST,VN,1,adidas,starts_with,LegalName,98450094D7FYB8835D83,A FIRST INSURANCE ΜΕΣΙΤΕΣ ΑΣΦΑΛΙΣΕΩΝ Α.Ε.,A FIRST INSURANCE ΜΕΣΙΤΕΣ ΑΣΦΑΛΙΣΕΩΝ Α.Ε.,ΚΑΛΛΙΘΕΑΣ,GR-I,GR,ΚΑΛΛΙΘΕΑΣ,GR,ACTIVE,ISSUED,GENERAL,no,
3 unlikely (generic name / fund / sole proprietor),generic name,owner,A FIRST,VN,1,adidas,starts_with,LegalName,984500U99HB54BD48E88,A FIRST INSURANCE ΜΕΣΙΤΕΣ ΑΣΦΑΛΙΣΕΩΝ Ι.Κ.Ε.,A FIRST INSURANCE ΜΕΣΙΤΕΣ ΑΣΦΑΛΙΣΕΩΝ Ι.Κ.Ε.,ΚΑΛΛΙΘΕΑ,GR-I,GR,ΚΑΛΛΙΘΕΑ,GR,ACTIVE,ISSUED,GENERAL,no,
3 unlikely (generic name / fund / sole proprietor),generic name; registration lapsed,owner,AQUARIUS,CN,1,Nike,exact,LegalName,894500A65FFG0H5UHB17,AQUARIUS,AQUARIUS,Sint-Genesius-Rode,,BE,Sint-Genesius-Rode,BE,ACTIVE,LAPSED,GENERAL,no,
3 unlikely (generic name / fund / sole proprietor),generic name,owner,AQUARIUS,CN,1,Nike,exact,LegalName,969500JCEQTK6FO7UK33,AQUARIUS,AQUARIUS,REIMS,FR-51,FR,REIMS,FR,ACTIVE,ISSUED,GENERAL,no,
3 unlikely (generic name / fund / sole proprietor),generic name; registration lapsed,owner,BBC,CN,1,adidas,exact,OtherEntityNames.OtherEntityName.1,54930008GZ3XQ4XFKT42,BBC,BELGIUM BUILDINGS CONCEPT,Uccle,BE-BRU,BE,Uccle,BE,ACTIVE,LAPSED,GENERAL,no,
3 unlikely (generic name / fund / sole proprietor),generic name; registration lapsed,owner,BBC,CN,1,adidas,exact,LegalName,8945009IVWZYV5U83851,BBC,BBC,RENNES,,FR,RENNES,FR,ACTIVE,LAPSED,GENERAL,no,
3 unlikely (generic name / fund / sole proprietor),generic name,owner,BBC,CN,1,adidas,exact,LegalName,894500S5FTCFZ3WINR54,BBC,BBC,VENOY,,FR,VENOY,FR,ACTIVE,ISSUED,GENERAL,no,
3 unlikely (generic name / fund / sole proprietor),generic name; registration lapsed,owner,BBC,CN,1,adidas,exact,LegalName,969500J6IXOTAIPZOJ76,BBC,BBC,PARIS,FR-75C,FR,PARIS,FR,ACTIVE,LAPSED,GENERAL,no,
3 unlikely (generic name / fund / sole proprietor),generic name,owner,BBC,CN,1,adidas,exact,LegalName,98450070N067P9762351,BBC,BBC,Estaimpuis,BE-WHT,BE,Estaimpuis,BE,ACTIVE,ISSUED,GENERAL,no,
3 unlikely (generic name / fund / sole proprietor),generic name; registration lapsed,owner,BEST,IN,1,adidas,exact,OtherEntityNames.OtherEntityName.1,969500CRC2SQUREKB432,BEST,BEST ENVIRONNEMENT SECURITE ET TECHNOLOGIE,LAMBRES-LEZ-DOUAI,FR-59,FR,LAMBRES-LEZ-DOUAI,FR,ACTIVE,LAPSED,GENERAL,no,
3 unlikely (generic name / fund / sole proprietor),sole proprietor,owner,BLUE STAR,US,1,Nike,starts_with,LegalName,3358001NQFIBII4SIM93,BLUE STAR ENGINEERS,BLUE STAR ENGINEERS,AURANGABAD,IN-MH,IN,AURANGABAD,IN,ACTIVE,ISSUED,SOLE_PROPRIETOR,no,
3 unlikely (generic name / fund / sole proprietor),sole proprietor,owner,BLUE STAR,US,1,Nike,starts_with,LegalName,3358008KYP6MCE3NP698,BLUE STAR SECURITY & FACILITY SERVICES,BLUE STAR SECURITY & FACILITY SERVICES,RAIGAD,IN-MH,IN,RAIGAD,IN,ACTIVE,ISSUED,SOLE_PROPRIETOR,no,
3 unlikely (generic name / fund / sole proprietor),sole proprietor,owner,BLUE STAR,US,1,Nike,starts_with,LegalName,335800BKCAGZEV4NEE46,BLUE STAR TRADING CO,BLUE STAR TRADING CO,MUMBAI,IN-MH,IN,MUMBAI,IN,ACTIVE,ISSUED,SOLE_PROPRIETOR,no,
3 unlikely (generic name / fund / sole proprietor),fund,owner,BLUE STAR,US,1,Nike,starts_with,LegalName,335800C8L9T94ALXPZ71,BLUE STAR EMPLOYEES GRATUITY FUND,BLUE STAR EMPLOYEES GRATUITY FUND,MUMBAI,IN-MH,IN,MUMBAI,IN,ACTIVE,ISSUED,FUND,no,
3 unlikely (generic name / fund / sole proprietor),sole proprietor,owner,BLUE STAR,US,1,Nike,starts_with,LegalName,335800L97A7FSP6FCA04,BLUE STAR COMMUNICATION,BLUE STAR COMMUNICATION,Indore,IN-MP,IN,Indore,IN,ACTIVE,ISSUED,SOLE_PROPRIETOR,no,
3 unlikely (generic name / fund / sole proprietor),fund,owner,BLUE STAR,US,1,Nike,starts_with,LegalName,335800LFAR88XASHIS88,BLUE STAR STAFF SUPERANNUATION SCHEME,BLUE STAR STAFF SUPERANNUATION SCHEME,MUMBAI,IN-MH,IN,MUMBAI,IN,ACTIVE,ISSUED,FUND,no,
3 unlikely (generic name / fund / sole proprietor),fund,owner,BLUE STAR,US,1,Nike,starts_with,LegalName,335800VNCOSIIBX53S35,BLUE STAR EMPLOYEES PROVIDENT FUND,BLUE STAR EMPLOYEES PROVIDENT FUND,MUMBAI,IN-MH,IN,MUMBAI,IN,ACTIVE,ISSUED,FUND,no,
3 unlikely (generic name / fund / sole proprietor),generic name; not active; registration retired,owner,C AND W,US,1,Nike,starts_with,LegalName,254900SRKSHZF63XWK30,C. AND W. BOLT WORKS CO.,C. AND W. BOLT WORKS CO.,Phoenix,US-AZ,US,Phoenix,US,INACTIVE,RETIRED,GENERAL,yes,
3 unlikely (generic name / fund / sole proprietor),generic name,owner,CCH,VN,1,Nike,exact,LegalName,9695007UTXZ41XUPGY11,CCH,CCH,AZAY-LE-RIDEAU,FR-37,FR,AZAY-LE-RIDEAU,FR,ACTIVE,ISSUED,GENERAL,no,
3 unlikely (generic name / fund / sole proprietor),generic name,owner,CCH,VN,1,Nike,exact,LegalName,969500M7EEQZIJ4KZ710,CCH,CCH,SAINT-HILAIRE-SAINT-MESMIN,FR-45,FR,SAINT-HILAIRE-SAINT-MESMIN,FR,ACTIVE,ISSUED,GENERAL,no,
3 unlikely (generic name / fund / sole proprietor),sole proprietor,owner,CENTRAL TRADING,TH,1,adidas,starts_with,LegalName,64883LCI6A2SMA967052,Central Trading Company,Central Trading Company,AHMEDABAD,,IN,AHMEDABAD,IN,ACTIVE,ISSUED,SOLE_PROPRIETOR,no,
3 unlikely (generic name / fund / sole proprietor),sole proprietor,owner,CENTRAL TRADING,TH,1,adidas,starts_with,LegalName,984500FB1DFEF3F8C871,CENTRAL TRADING ACADEMY,CENTRAL TRADING ACADEMY,NAGPUR,IN-MH,IN,NAGPUR,IN,ACTIVE,ISSUED,SOLE_PROPRIETOR,no,
3 unlikely (generic name / fund / sole proprietor),generic name; registration lapsed,owner,CYGNUS,SV,1,both,exact,LegalName,894500JYL44SF7XHN059,CYGNUS,CYGNUS,Londerzeel,,BE,Londerzeel,BE,ACTIVE,LAPSED,GENERAL,no,
3 unlikely (generic name / fund / sole proprietor),generic name; registration lapsed,owner,E ONE,CN,1,Nike,starts_with,LegalName,549300HC4EJF5FG6X484,"E-ONE, INC.","E-ONE, INC.",WILMINGTON,US-DE,US,Ocala,US,ACTIVE,LAPSED,GENERAL,no,
3 unlikely (generic name / fund / sole proprietor),generic name,owner,E ONE,CN,1,Nike,starts_with,LegalName,8156003739DA671DF373,E-ONE S.R.L.,E-ONE S.R.L.,MILANO,IT-MI,IT,MILANO,IT,ACTIVE,ISSUED,GENERAL,no,
3 unlikely (generic name / fund / sole proprietor),generic name; registration lapsed,owner,E ONE,CN,1,Nike,starts_with,LegalName,95980020140005421313,"E-ONE GLOBALINVEST, S.I.C.A.V., S.A.","E-ONE GLOBALINVEST, S.I.C.A.V., S.A.",Madrid,,ES,Madrid,ES,ACTIVE,LAPSED,GENERAL,no,
3 unlikely (generic name / fund / sole proprietor),fund,site,FAR EASTERN,CN,1,both,starts_with,LegalName,5493001HCKHDGBF3Q122,FAR EASTERN FUND,FAR EASTERN FUND,HALIFAX,GB-CLD,GB,HALIFAX,GB,ACTIVE,ISSUED,FUND,no,
3 unlikely (generic name / fund / sole proprietor),generic name,owner,GENESIS,VN,1,Nike,exact,OtherEntityNames.OtherEntityName.1,254900BM4UI3I21FAT22,Genesis,"GENESIS PETROLEUM, INC.",CARLSTADT,US-NJ,US,Carlstadt,US,ACTIVE,ISSUED,GENERAL,no,
3 unlikely (generic name / fund / sole proprietor),generic name; registration lapsed,owner,GENESIS,VN,1,Nike,exact,LegalName,335800DA3SXSG2KUDE29,GENESIS,GENESIS,KOZHIKODE,IN-KL,IN,KOZHIKODE,IN,ACTIVE,LAPSED,GENERAL,no,
3 unlikely (generic name / fund / sole proprietor),generic name,owner,GENESIS,VN,1,Nike,exact,LegalName,9695003QNAAKMR811839,GENESIS,GENESIS,PARIS,FR-75C,FR,PARIS,FR,ACTIVE,ISSUED,GENERAL,no,
3 unlikely (generic name / fund / sole proprietor),generic name; registration lapsed,owner,GENESIS,VN,1,Nike,exact,LegalName,969500K6VRR9A4LHLS17,GENESIS,GENESIS,LE HAVRE,FR-76,FR,LE HAVRE,FR,ACTIVE,LAPSED,GENERAL,no,
3 unlikely (generic name / fund / sole proprietor),generic name; not active; registration retired,owner,GENESIS,VN,1,Nike,exact,LegalName,969500UAXG52YUHAZW52,GENESIS,GENESIS,PARIS 1,FR-75C,FR,PARIS 1,FR,INACTIVE,RETIRED,GENERAL,no,
3 unlikely (generic name / fund / sole proprietor),generic name,owner,GENESIS,VN,1,Nike,exact,LegalName,9845007BOCFF5979A918,GENESIS,GENESIS,ST MORILLON,FR-33,FR,ST MORILLON,FR,ACTIVE,ISSUED,GENERAL,no,
3 unlikely (generic name / fund / sole proprietor),generic name,owner,GENESIS,VN,1,Nike,exact,OtherEntityNames.OtherEntityName.1,984500EF5F87ARDAA843,GENESIS,GOPURAM FACILITY MANAGEMENT SERVICES PRIVATE LIMITED,Kozhikode,IN-KL,IN,Kozhikode,IN,ACTIVE,ISSUED,GENERAL,no,
3 unlikely (generic name / fund / sole proprietor),generic name; registration lapsed,owner,GREENTEX,ID,1,Nike,exact,LegalName,254900HAR1N0BV0ETZ65,GREENTEX,GREENTEX,COURBEVOIE,FR-92,FR,COURBEVOIE,FR,ACTIVE,LAPSED,GENERAL,no,
3 unlikely (generic name / fund / sole proprietor),generic name,owner,H AND L,VN,1,Nike,starts_with,LegalName,335800YATVB64XDUKJ78,H AND L ASSOCIATES INDIA PRIVATE LIMITED,H AND L ASSOCIATES INDIA PRIVATE LIMITED,BEGUSARAI,IN-BR,IN,BEGUSARAI,IN,ACTIVE,ISSUED,GENERAL,no,
3 unlikely (generic name / fund / sole proprietor),generic name; not active; registration retired,owner,INDOCHINE,TR,1,Nike,exact,LegalName,875500NNROLWPBZCXQ20,INDOCHINE,INDOCHINE,BRUGGE,BE-VWV,BE,BRUGGE,BE,INACTIVE,RETIRED,GENERAL,no,
3 unlikely (generic name / fund / sole proprietor),generic name,owner,IVORY,VN,1,adidas,exact,LegalName,9676009EJI5OB9RFK729,IVORY,IVORY,Grez-Doiceau,BE-WBR,BE,Grez-Doiceau,BE,ACTIVE,ISSUED,GENERAL,no,
3 unlikely (generic name / fund / sole proprietor),generic name,owner,KSP,IN,1,adidas,exact,LegalName,969500NNIUUCZKRNPX83,KSP,KSP,PARIS,FR-75C,FR,PARIS,FR,ACTIVE,ISSUED,GENERAL,no,
3 unlikely (generic name / fund / sole proprietor),generic name,owner,LIM,IT,1,Nike,exact,LegalName,254900TJOWX0LZ7Q0W86,LIM,LIM,Hasselt,,BE,Hasselt,BE,ACTIVE,ISSUED,GENERAL,no,
3 unlikely (generic name / fund / sole proprietor),sole proprietor,owner,LUCKY STAR,VN,1,Nike,starts_with,LegalName,3358002375R26UNVFO22,LUCKY STAR WOOD INDUSTRIES,LUCKY STAR WOOD INDUSTRIES,MANGALORE,IN-KA,IN,MANGALORE,IN,ACTIVE,ISSUED,SOLE_PROPRIETOR,no,
3 unlikely (generic name / fund / sole proprietor),sole proprietor; registration lapsed,owner,LUCKY STAR,VN,1,Nike,starts_with,LegalName,894500WE6PDL646KQY32,LUCKY STAR PREMIUM HOLDINGS LTD.,LUCKY STAR PREMIUM HOLDINGS LTD.,Road Town,,VI,Road Town,VI,ACTIVE,LAPSED,SOLE_PROPRIETOR,no,
3 unlikely (generic name / fund / sole proprietor),sole proprietor; registration lapsed,owner,PASCH DESIGN,IN,1,adidas,exact,LegalName,984500EIB91466EDAA65,PASCH DESIGN,PASCH DESIGN,Faridabad,IN-HR,IN,Faridabad,IN,ACTIVE,LAPSED,SOLE_PROPRIETOR,yes,
3 unlikely (generic name / fund / sole proprietor),generic name,owner,PILOT,TH,1,Nike,exact,LegalName,8945004E9TMGGH6YK334,PILOT,PILOT,Antwerpen,,BE,Antwerpen,BE,ACTIVE,ISSUED,GENERAL,no,
3 unlikely (generic name / fund / sole proprietor),generic name,owner,PILOT,TH,1,Nike,exact,LegalName,969500VAGIR4RL9XV129,PILOT,PILOT,PARIS,FR-75C,FR,PARIS,FR,ACTIVE,ISSUED,GENERAL,no,
3 unlikely (generic name / fund / sole proprietor),generic name; registration lapsed,owner,PONY,TW,1,Nike,exact,LegalName,9695007C7PYPWEPL5M39,PONY,PONY,ANGERS,FR-49,FR,ANGERS,FR,ACTIVE,LAPSED,GENERAL,no,
3 unlikely (generic name / fund / sole proprietor),generic name; registration lapsed,owner,PRIMA,ID,1,Nike,exact,OtherEntityNames.OtherEntityName.1,4469000001EGPGUG9C15,PRIMA,"CONTRATO DE FIDEICOMISO IRREVOCABLE DE GARANTÍA, ADMINISTRACIÓN Y FUENTE DE PAGO NÚMERO CIB/4550",Ciudad de México,MX-CMX,MX,Ciudad de México,MX,ACTIVE,LAPSED,GENERAL,no,
3 unlikely (generic name / fund / sole proprietor),generic name,owner,PRIMA,ID,1,Nike,exact,OtherEntityNames.OtherEntityName.1,4469000001EPIT0A0X41,PRIMA,PRIMA OPERACIONES SA DE CV,Ciudad de México,MX-CMX,MX,Ciudad de México,MX,ACTIVE,ISSUED,GENERAL,no,
3 unlikely (generic name / fund / sole proprietor),generic name; fund; registration lapsed,owner,PRIMA,ID,1,Nike,exact,LegalName,529900NI3S36BQT5N664,PRIMA,PRIMA,Luxembourg-Strassen,LU-LU,LU,Luxembourg-Strassen,LU,ACTIVE,LAPSED,FUND,no,
3 unlikely (generic name / fund / sole proprietor),generic name; registration lapsed,owner,PRIMA,ID,1,Nike,exact,LegalName,89450056XC9SY52CUM80,PRIMA,PRIMA,Saint-Raphael,FR-83,FR,Saint-Raphael,FR,ACTIVE,LAPSED,GENERAL,no,
3 unlikely (generic name / fund / sole proprietor),generic name,owner,PRIMA,ID,1,Nike,exact,LegalName,9695000AHM7GQ92ZBO70,PRIMA,PRIMA,PARIS,FR-75C,FR,PARIS,FR,ACTIVE,ISSUED,GENERAL,no,
3 unlikely (generic name / fund / sole proprietor),generic name; registration lapsed,owner,PRIMA,ID,1,Nike,exact,LegalName,969500U8CFDDV6ZSMP18,PRIMA,PRIMA,MONTSOULT,FR-95,FR,MONTSOULT,FR,ACTIVE,LAPSED,GENERAL,no,
3 unlikely (generic name / fund / sole proprietor),generic name; registration lapsed,owner,PTM,ID,1,Nike,exact,OtherEntityNames.OtherEntityName.1,4469000001BUN6OK7179,PTM,PROMOCIONES TURISTICAS MAHAHUAL SA DE CV,Cancún,MX-ROO,MX,Cancún,MX,ACTIVE,LAPSED,GENERAL,no,
3 unlikely (generic name / fund / sole proprietor),generic name,owner,PTM,ID,1,Nike,exact,LegalName,969500R8FZKNACJ5NB77,PTM,PTM,MONTFORT-LE-GESNOIS,FR-72,FR,MONTFORT-LE-GESNOIS,FR,ACTIVE,ISSUED,GENERAL,no,
3 unlikely (generic name / fund / sole proprietor),generic name,owner,PTM,ID,1,Nike,exact,OtherEntityNames.OtherEntityName.1,98450077679D1E37CD96,PTM,PTM GROUP,Gent,BE-VOV,BE,Gent,BE,ACTIVE,ISSUED,GENERAL,no,
3 unlikely (generic name / fund / sole proprietor),generic name,owner,ROBINSON,US,1,Nike,exact,LegalName,894500DBXIW8U92U0N89,ROBINSON,ROBINSON,SANARY-SUR-MER,,FR,SANARY-SUR-MER,FR,ACTIVE,ISSUED,GENERAL,no,
3 unlikely (generic name / fund / sole proprietor),generic name; registration lapsed,owner,ROBINSON,US,1,Nike,exact,LegalName,894500GMN3DQ4PVIX948,ROBINSON,ROBINSON,Paris,FR-75C,FR,Paris,FR,ACTIVE,LAPSED,GENERAL,no,
3 unlikely (generic name / fund / sole proprietor),generic name,owner,S E C,KH,1,Nike,starts_with,LegalName,2138006ZILDRZUCU8G47,S.E.C. DO BRASIL LTDA,S.E.C. DO BRASIL LTDA,LAPA DE BAIXO,BR-SP,BR,LAPA DE BAIXO,BR,ACTIVE,ISSUED,GENERAL,no,
3 unlikely (generic name / fund / sole proprietor),generic name,owner,S E C,KH,1,Nike,starts_with,OtherEntityNames.OtherEntityName.1,2549000S5IWB2SFE4Z84,S.E.C. Hotel Espace Montmorency,SOCIÉTÉ EN COMMANDITE HÔTEL ESPACE MONTMORENCY,Laval,CA-QC,CA,Laval,CA,ACTIVE,ISSUED,GENERAL,no,
3 unlikely (generic name / fund / sole proprietor),generic name,owner,S E C,KH,1,Nike,starts_with,LegalName,254900S8UCLJUTBA0163,S.E.C. Complexes Nord-Sud,S.E.C. Complexes Nord-Sud,Quebec,CA-QC,CA,Quebec,CA,ACTIVE,ISSUED,GENERAL,no,
3 unlikely (generic name / fund / sole proprietor),generic name,owner,S E C,KH,1,Nike,starts_with,LegalName,335800CCSNHKEEHOWX96,S.E.C. BUILDTECH PRIVATE LIMITED,S.E.C. BUILDTECH PRIVATE LIMITED,NEW DELHI,IN-DL,IN,NEW DELHI,IN,ACTIVE,ISSUED,GENERAL,no,
3 unlikely (generic name / fund / sole proprietor),generic name,owner,S E C,KH,1,Nike,starts_with,LegalName,549300FIRTOX0QSATG12,S.E.C. HOLDING ApS,S.E.C. HOLDING ApS,Skive,DK-82,DK,Skive,DK,ACTIVE,ISSUED,GENERAL,no,
3 unlikely (generic name / fund / sole proprietor),generic name; registration lapsed,owner,S E C,KH,1,Nike,starts_with,LegalName,549300M73E4WC0257D77,"S.E.C., LE MADRID","S.E.C., LE MADRID",QUEBEC,CA-QC,CA,Quebec,CA,ACTIVE,LAPSED,GENERAL,no,
3 unlikely (generic name / fund / sole proprietor),generic name; fund,owner,S E C,KH,1,Nike,starts_with,OtherEntityNames.OtherEntityName.2,549300MIDHF1WCZJG514,S.E.C. FNB à perspective mondiale GA 1832,1832 AM Global Completion ETF LP,Toronto,CA-ON,CA,Toronto,CA,ACTIVE,ISSUED,FUND,no,
3 unlikely (generic name / fund / sole proprietor),generic name; registration lapsed,owner,S E C,KH,1,Nike,starts_with,LegalName,549300QMP98DLHITNE48,"S.E.C. 8600, 8e Avenue","S.E.C. 8600, 8e Avenue",Montreal,CA-QC,CA,Montreal,CA,ACTIVE,LAPSED,GENERAL,no,
3 unlikely (generic name / fund / sole proprietor),generic name,owner,S E C,KH,1,Nike,starts_with,OtherEntityNames.OtherEntityName.1,8156004DDDFC29723D90,S.E.C. S.P.A.,SEV 2023 S.P.A.,BOLOGNA,IT-BO,IT,BOLOGNA,IT,ACTIVE,ISSUED,GENERAL,no,
3 unlikely (generic name / fund / sole proprietor),generic name; not active; registration retired,owner,S E C,KH,1,Nike,starts_with,LegalName,81560092D447B68E2396,S.E.C.I. SOCIETA' ESERCIZI COMMERCIALI INDUSTRIALI S.P.A.,S.E.C.I. SOCIETA' ESERCIZI COMMERCIALI INDUSTRIALI S.P.A.,BOLOGNA,IT-BO,IT,BOLOGNA,IT,INACTIVE,RETIRED,GENERAL,no,
3 unlikely (generic name / fund / sole proprietor),generic name; registration lapsed,owner,S E C,KH,1,Nike,starts_with,LegalName,815600D0917784302C66,"S.E.C.A.M. SOCIETA' ELETTRICITA' CONDIZIONAMENTO, TRATTAMENTO ACQUE, MANUTENZIONI S.P.A.","S.E.C.A.M. SOCIETA' ELETTRICITA' CONDIZIONAMENTO, TRATTAMENTO ACQUE, MANUTENZIONI S.P.A.",ROMA,IT-RM,IT,ROMA,IT,ACTIVE,LAPSED,GENERAL,no,
3 unlikely (generic name / fund / sole proprietor),generic name; registration lapsed,owner,S E C,KH,1,Nike,starts_with,LegalName,815600DE7A8C8561BD69,S.E.C.I.M. S.A.S. DI SPAGNOL LUCA & C.,S.E.C.I.M. S.A.S. DI SPAGNOL LUCA & C.,FIUME VENETO,IT-PN,IT,FIUME VENETO,IT,ACTIVE,LAPSED,GENERAL,no,
3 unlikely (generic name / fund / sole proprietor),generic name,owner,S E C,KH,1,Nike,starts_with,LegalName,815600F5D2E9E71DB817,S.E.C.I. SOCIETA' EDILIZIA COSTRUZIONI INDUSTRIALI S.P.A.,S.E.C.I. SOCIETA' EDILIZIA COSTRUZIONI INDUSTRIALI S.P.A.,CALENZANO,IT-FI,IT,CALENZANO,IT,ACTIVE,ISSUED,GENERAL,no,
3 unlikely (generic name / fund / sole proprietor),generic name; registration lapsed,owner,S E C,KH,1,Nike,starts_with,LegalName,815600FF5101383CB562,S.E.C.A. - SOCIETA' ELETTRICA PER LA CONSERVAZIONE AMBIENTALE SOCIETA' PER AZIONI,S.E.C.A. - SOCIETA' ELETTRICA PER LA CONSERVAZIONE AMBIENTALE SOCIETA' PER AZIONI,PIOMBINO,IT-LI,IT,PIOMBINO,IT,ACTIVE,LAPSED,GENERAL,no,
3 unlikely (generic name / fund / sole proprietor),generic name,owner,S E C,KH,1,Nike,starts_with,LegalName,89450018YGOEFTVUK815,S.E.C. SOCIETA' ESERCIZIO CINEMATOGRAFI DI VENCHI AUGUSTO & C. S.A.S.,S.E.C. SOCIETA' ESERCIZIO CINEMATOGRAFI DI VENCHI AUGUSTO & C. S.A.S.,BORDIGHERA,,IT,BORDIGHERA,IT,ACTIVE,ISSUED,GENERAL,no,
3 unlikely (generic name / fund / sole proprietor),generic name,owner,S E C,KH,1,Nike,exact,LegalName,8945009CFF4PVLJC6R82,S.E.C.,S.E.C.,Leuven,,BE,Leuven,BE,ACTIVE,ISSUED,GENERAL,no,
3 unlikely (generic name / fund / sole proprietor),generic name; fund,owner,S E C,KH,1,Nike,starts_with,LegalName,959800AHMM2UTNT2RH54,S.E.C.I. SELECCION FONDO DE PENSIONES,S.E.C.I. SELECCION FONDO DE PENSIONES,Madrid,,ES,Madrid,ES,ACTIVE,ISSUED,FUND,no,
3 unlikely (generic name / fund / sole proprietor),generic name,owner,S E C,KH,1,Nike,starts_with,LegalName,9695003RUNA52386MH94,S.E.C.L,S.E.C.L,COUZON-AU-MONT-D'OR,,FR,COUZON-AU-MONT-D'OR,FR,ACTIVE,ISSUED,GENERAL,no,
3 unlikely (generic name / fund / sole proprietor),generic name; registration lapsed,owner,S E C,KH,1,Nike,starts_with,LegalName,9695005F2APQ5FGH3N50,S.E.C.A.M,S.E.C.A.M,FLEVILLE,FR-08,FR,FLEVILLE,FR,ACTIVE,LAPSED,GENERAL,no,
3 unlikely (generic name / fund / sole proprietor),generic name; registration lapsed,owner,S E C,KH,1,Nike,exact,OtherEntityNames.OtherEntityName.1,969500H34CL2DOPQ0L96,S-E-C,ELECTRIQUE DES COUSCOUILLETS,SAINT-LOUIS,FR-68,FR,SAINT-LOUIS,FR,ACTIVE,LAPSED,GENERAL,no,
3 unlikely (generic name / fund / sole proprietor),generic name,owner,S E C,KH,1,Nike,starts_with,LegalName,969500OOPL6923QJXW10,S.E.C LIONEL MOURLIN,S.E.C LIONEL MOURLIN,BRIONNE,FR-27,FR,BRIONNE,FR,ACTIVE,ISSUED,GENERAL,no,
3 unlikely (generic name / fund / sole proprietor),generic name; registration lapsed,owner,S E C,KH,1,Nike,starts_with,LegalName,969500WT9F6JOFFT5443,S E C CABINET J F GOUX,S E C CABINET J F GOUX,MANTES-LA-JOLIE,FR-78,FR,MANTES-LA-JOLIE,FR,ACTIVE,LAPSED,GENERAL,no,
3 unlikely (generic name / fund / sole proprietor),generic name,owner,S E C,KH,1,Nike,starts_with,LegalName,9845000D8EEE4BE90451,S.E.C.I. SERVIZI PER L'EDILIZIA CIVILE ED INDUSTRIALE - S.R.L.,S.E.C.I. SERVIZI PER L'EDILIZIA CIVILE ED INDUSTRIALE - S.R.L.,SALERNO,IT-SA,IT,SALERNO,IT,ACTIVE,ISSUED,GENERAL,no,
3 unlikely (generic name / fund / sole proprietor),generic name; registration lapsed,owner,S E C,KH,1,Nike,starts_with,LegalName,984500ACFH4386E3CA65,S.E.C. - STUDIO DI ELABORAZIONE CONTABILE S.R.L.,S.E.C. - STUDIO DI ELABORAZIONE CONTABILE S.R.L.,LUCERA,IT-FG,IT,LUCERA,IT,ACTIVE,LAPSED,GENERAL,no,
3 unlikely (generic name / fund / sole proprietor),generic name; registration lapsed,owner,S E C,KH,1,Nike,starts_with,LegalName,984500C37A044NF54076,S.E.C.I.P.S.-S.R.L.,S.E.C.I.P.S.-S.R.L.,Napoli,IT-NA,IT,Napoli,IT,ACTIVE,LAPSED,GENERAL,no,
3 unlikely (generic name / fund / sole proprietor),generic name,owner,S E C,KH,1,Nike,starts_with,OtherEntityNames.OtherEntityName.1,984500ZC57A35AD57812,S E C JEWELLERY L.L.C,اس اي سي للمجوهرات ش.ذ.م.م,دبي,AE-DU,AE,دبي,AE,ACTIVE,ISSUED,GENERAL,no,
3 unlikely (generic name / fund / sole proprietor),generic name; registration lapsed,owner,SG,VN,1,Nike,exact,LegalName,87550029CLS7GQ3SBT86,SG,SG,Ixelles,BE-BRU,BE,Ixelles,BE,ACTIVE,LAPSED,GENERAL,no,
3 unlikely (generic name / fund / sole proprietor),generic name; fund,owner,SIGMA,VN,1,Nike,exact,LegalName,52990018MVHD0IZJ5J87,Sigma,Sigma,Strassen,LU-LU,LU,Strassen,LU,ACTIVE,ISSUED,FUND,no,
3 unlikely (generic name / fund / sole proprietor),generic name,owner,SIGMA,VN,1,Nike,exact,LegalName,969500019BQKW6JC3D92,SIGMA,SIGMA,MARSEILLE,FR-13,FR,MARSEILLE,FR,ACTIVE,ISSUED,GENERAL,no,
3 unlikely (generic name / fund / sole proprietor),generic name; not active; registration retired,owner,SIGMA,VN,1,Nike,exact,LegalName,9695000BR7DTIO8LF322,SIGMA,SIGMA,SAINT-MARTIN,FR-971,FR,SAINT-MARTIN,FR,INACTIVE,RETIRED,GENERAL,no,
3 unlikely (generic name / fund / sole proprietor),generic name,owner,SIGMA,VN,1,Nike,exact,LegalName,969500B47RVNUEUTUY73,SIGMA,SIGMA,ROQUEBRUNE-SUR-ARGENS,FR-83,FR,ROQUEBRUNE-SUR-ARGENS,FR,ACTIVE,ISSUED,GENERAL,no,
3 unlikely (generic name / fund / sole proprietor),generic name; registration lapsed,owner,SIGMA,VN,1,Nike,exact,LegalName,969500CTB0PSNKT7P607,SIGMA,SIGMA,MORANGIS,FR-91,FR,MORANGIS,FR,ACTIVE,LAPSED,GENERAL,no,
3 unlikely (generic name / fund / sole proprietor),generic name,owner,SIGMA,VN,1,Nike,exact,LegalName,969500KAVZ0ZWJEE4L40,SIGMA,SIGMA,LYON 6EME,FR-69,FR,LYON 6EME,FR,ACTIVE,ISSUED,GENERAL,no,
3 unlikely (generic name / fund / sole proprietor),generic name; registration lapsed,owner,SIGMA,VN,1,Nike,exact,LegalName,969500TYN5U4G6R9NB79,SIGMA,SIGMA,BEZIERS,,FR,BEZIERS,FR,ACTIVE,LAPSED,GENERAL,no,
3 unlikely (generic name / fund / sole proprietor),generic name; not active; registration retired,owner,SPORT,ID,1,Nike,exact,LegalName,549300UYN06UKH2TOU30,SPORT +,SPORT +,ISSY-LES-MOULINEAUX,FR-92,FR,ISSY-LES-MOULINEAUX,FR,INACTIVE,RETIRED,GENERAL,no,
3 unlikely (generic name / fund / sole proprietor),generic name,site,Selene,BR,1,adidas,exact,LegalName,9695007KP8UB8DYE3Y77,SELENE,SELENE,PARIS,FR-75C,FR,PARIS,FR,ACTIVE,ISSUED,GENERAL,no,
3 unlikely (generic name / fund / sole proprietor),generic name; registration lapsed,site,Selene,BR,1,adidas,exact,LegalName,969500P2PEIMRWC4IN96,SELENE,SELENE,NICE,FR-06,FR,NICE,FR,ACTIVE,LAPSED,GENERAL,no,
3 unlikely (generic name / fund / sole proprietor),generic name; registration lapsed,site,Selene,BR,1,adidas,exact,LegalName,969500XR53LRDSSNOG61,SELENE,SELENE,ROISSY-EN-FRANCE,FR-95,FR,ROISSY-EN-FRANCE,FR,ACTIVE,LAPSED,GENERAL,no,
3 unlikely (generic name / fund / sole proprietor),sole proprietor,site,Sri Raam Dyeing,IN,1,adidas,starts_with,OtherEntityNames.OtherEntityName.1,9845009648ACAEAE6926,SRI RAAM DYEING FACTORY,CHINNAIYAN,Erode,,IN,Erode,IN,ACTIVE,ISSUED,SOLE_PROPRIETOR,yes,
3 unlikely (generic name / fund / sole proprietor),sole proprietor; registration lapsed,site,Super Creation,IN,1,adidas,exact,OtherEntityNames.OtherEntityName.1,984500D7BBDE1F70E718,SUPER CREATION,MORADIYA MIRABEN ANKITKUMAR,Surat,IN-GJ,IN,Surat,IN,ACTIVE,LAPSED,SOLE_PROPRIETOR,yes,
3 unlikely (generic name / fund / sole proprietor),generic name; registration lapsed,owner,T2,VN,1,Nike,exact,LegalName,969500RWHD7BGSPUIM05,T2,T2,DIJON,FR-21,FR,DIJON,FR,ACTIVE,LAPSED,GENERAL,no,
3 unlikely (generic name / fund / sole proprietor),generic name; registration lapsed,owner,TCS,IT,1,Nike,exact,LegalName,969500LBFCTVO4HHZJ47,TCS,TCS,GOLBEY,FR-88,FR,GOLBEY,FR,ACTIVE,LAPSED,GENERAL,no,
3 unlikely (generic name / fund / sole proprietor),generic name; registration lapsed,owner,TMC,VN,1,both,exact,LegalName,549300F4U4F8X72P7G38,TMC,TMC,Central Saanich,CA-BC,CA,Central Saanich,CA,ACTIVE,LAPSED,GENERAL,no,
3 unlikely (generic name / fund / sole proprietor),generic name; registration lapsed,owner,TMC,VN,1,both,exact,LegalName,969500Z4EQSE3AG6FD60,TMC,TMC,MARSEILLE,FR-13,FR,MARSEILLE,FR,ACTIVE,LAPSED,GENERAL,no,
3 unlikely (generic name / fund / sole proprietor),generic name,owner,TMC,VN,1,both,exact,OtherEntityNames.OtherEntityName.1,9845004F43BA3DE6A385,TMC,THIRDEXPERT MANAGEMENT & CONSULTING,Gent,BE-VOV,BE,Gent,BE,ACTIVE,ISSUED,GENERAL,no,
3 unlikely (generic name / fund / sole proprietor),generic name,owner,TMI,VN,1,Nike,exact,LegalName,969500W1Q1TSL8VITR50,TMI,TMI,ANTONY,FR-92,FR,ANTONY,FR,ACTIVE,ISSUED,GENERAL,no,
3 unlikely (generic name / fund / sole proprietor),sole proprietor,owner,UNITED CREATION,CN,1,Nike,exact,OtherEntityNames.OtherEntityName.1,6488WJ46M1U636TA0Y96,UNITED CREATION,ANUJ JAIN,DELHI,,IN,DELHI,IN,ACTIVE,ISSUED,SOLE_PROPRIETOR,no,
3 unlikely (generic name / fund / sole proprietor),generic name,owner,UNIVERSAL,TH,1,both,exact,LegalName,54930007EJ1IS7U47Q27,UNIVERSAL,UNIVERSAL,Huntington,US-WV,US,Huntington,US,ACTIVE,ISSUED,GENERAL,no,
3 unlikely (generic name / fund / sole proprietor),generic name; fund; not active; registration retired,owner,UNIVERSAL,TH,1,both,exact,LegalName,5493003HCC1R7LTZL208,UNIVERSAL,UNIVERSAL,Luxembourg,LU-LU,LU,Luxembourg,LU,INACTIVE,RETIRED,FUND,no,
3 unlikely (generic name / fund / sole proprietor),generic name,owner,UNIVERSAL,TH,1,both,exact,LegalName,6488H796SGJ6065BIP53,UNIVERSAL,UNIVERSAL,Bilaspur,,IN,Bilaspur,IN,ACTIVE,ISSUED,GENERAL,no,
3 unlikely (generic name / fund / sole proprietor),generic name; registration lapsed,owner,VTL,TN,1,adidas,exact,LegalName,9695003LPX2IPFLED130,VTL,VTL,CHAUNAY,FR-86,FR,CHAUNAY,FR,ACTIVE,LAPSED,GENERAL,no,
3 unlikely (generic name / fund / sole proprietor),sole proprietor,site,Wintex Exports,IN,1,adidas,exact,LegalName,254900R308714ZOY9A37,WINTEX EXPORTS,WINTEX EXPORTS,JALANDHAR,IN-PB,IN,JALANDHAR,IN,ACTIVE,ISSUED,SOLE_PROPRIETOR,yes,
3 unlikely (generic name / fund / sole proprietor),generic name; registration lapsed,owner,ZENTRIX,MX,1,Nike,exact,OtherEntityNames.OtherEntityName.1,4469000001BSGJ2HZO26,ZENTRIX,ZENTRIX S DE RL DE CV,Ciudad Adolfo López Mateos,MX-MEX,MX,Ciudad Adolfo López Mateos,MX,ACTIVE,LAPSED,GENERAL,yes,
"3 unlikely (partial name, other country)",,owner,AVERY DENNISON,BD|BR|CN|HN|ID|IN|IT|NL|PK|TR|TW|VN,17,both,starts_with,LegalName,2138001NYW5XSHOUA612,AVERY DENNISON COLOMBIA S. A.S.,AVERY DENNISON COLOMBIA S. A.S.,ENVIGADO,,CO,ENVIGADO,CO,ACTIVE,ISSUED,GENERAL,no,
"3 unlikely (partial name, other country)",registration lapsed,owner,AVERY DENNISON,BD|BR|CN|HN|ID|IN|IT|NL|PK|TR|TW|VN,17,both,starts_with,LegalName,2549005OQ31EBXBA4S29,Avery Dennison Lanka (Private) Limited,Avery Dennison Lanka (Private) Limited,Biyagama,LK-12,LK,Ohio,US,ACTIVE,LAPSED,GENERAL,no,
"3 unlikely (partial name, other country)",,owner,AVERY DENNISON,BD|BR|CN|HN|ID|IN|IT|NL|PK|TR|TW|VN,17,both,starts_with,LegalName,5493004YY39CW05YCL77,AVERY DENNISON RETAIL INFORMATION SERVICES LLC,AVERY DENNISON RETAIL INFORMATION SERVICES LLC,CARSON CITY,,US,MENTOR,US,ACTIVE,ISSUED,GENERAL,no,
"3 unlikely (partial name, other country)",,owner,AVERY DENNISON,BD|BR|CN|HN|ID|IN|IT|NL|PK|TR|TW|VN,17,both,starts_with,LegalName,5493005LT49ULV8I9B34,"AVERY DENNISON CONVERTED PRODUCTS DE MEXICO, S.A. DE C.V.","AVERY DENNISON CONVERTED PRODUCTS DE MEXICO, S.A. DE C.V.",QUERETARO,,MX,MONTERREY,MX,ACTIVE,ISSUED,GENERAL,no,
"3 unlikely (partial name, other country)",registration lapsed,owner,AVERY DENNISON,BD|BR|CN|HN|ID|IN|IT|NL|PK|TR|TW|VN,17,both,starts_with,LegalName,5493006IW4M81OZZP275,AVERY DENNISON HOLDING LIMITED,AVERY DENNISON HOLDING LIMITED,LONDON,GB-EAL,GB,LONDON,GB,ACTIVE,LAPSED,GENERAL,no,
"3 unlikely (partial name, other country)",,owner,AVERY DENNISON,BD|BR|CN|HN|ID|IN|IT|NL|PK|TR|TW|VN,17,both,starts_with,TransliteratedOtherEntityNames.TransliteratedOtherEntityName.1,549300CS30WLHTNQZ416,AVERY DENNISON KOREA LIMITED,한국에이버리데니슨 유한회사,CHUNGJU,KR-43,KR,CHUNGJU,KR,ACTIVE,ISSUED,GENERAL,no,
"3 unlikely (partial name, other country)",registration lapsed,owner,AVERY DENNISON,BD|BR|CN|HN|ID|IN|IT|NL|PK|TR|TW|VN,17,both,starts_with,LegalName,549300DWT5EWG153BN10,"Avery Dennison, S.A. De C.V.","Avery Dennison, S.A. De C.V.",Tlalnepantla de Baz,MX-MEX,MX,Tlalnepantla de Baz,MX,ACTIVE,LAPSED,GENERAL,no,
"3 unlikely (partial name, other country)",,owner,AVERY DENNISON,BD|BR|CN|HN|ID|IN|IT|NL|PK|TR|TW|VN,17,both,starts_with,TransliteratedOtherEntityNames.TransliteratedOtherEntityName.1,549300FWMVYBFQAQOK62,AVERY DENNISON (THAILAND) LTD,บริษัท เอเวอรี่ เดนนิสสัน (ประเทศไทย) จำกัด,BANG SAO THONG,TH-11,TH,BANG SAO THONG,TH,ACTIVE,ISSUED,GENERAL,no,
"3 unlikely (partial name, other country)",,owner,AVERY DENNISON,BD|BR|CN|HN|ID|IN|IT|NL|PK|TR|TW|VN,17,both,starts_with,LegalName,549300JMIQC905NVC849,AVERY DENNISON SINGAPORE (PTE) LTD,AVERY DENNISON SINGAPORE (PTE) LTD,SINGAPORE,,SG,SINGAPORE,SG,ACTIVE,ISSUED,GENERAL,no,
"3 unlikely (partial name, other country)",registration lapsed,owner,AVERY DENNISON,BD|BR|CN|HN|ID|IN|IT|NL|PK|TR|TW|VN,17,both,starts_with,LegalName,549300NVR2MVEPYI3K95,AVERY DENNISON MATERIALS NEW ZEALAND LIMITED,AVERY DENNISON MATERIALS NEW ZEALAND LIMITED,AUCKLAND,NZ-AUK,NZ,AUCKLAND,NZ,ACTIVE,LAPSED,GENERAL,no,
"3 unlikely (partial name, other country)",,owner,AVERY DENNISON,BD|BR|CN|HN|ID|IN|IT|NL|PK|TR|TW|VN,17,both,starts_with,LegalName,549300PW7VPFCYKLIV37,AVERY DENNISON CORPORATION,AVERY DENNISON CORPORATION,WILMINGTON,US-DE,US,MENTOR,US,ACTIVE,ISSUED,GENERAL,no,
"3 unlikely (partial name, other country)",,owner,AVERY DENNISON,BD|BR|CN|HN|ID|IN|IT|NL|PK|TR|TW|VN,17,both,starts_with,LegalName,549300WEB3DZ43MIRT20,AVERY DENNISON MATERIALS PTY LTD,AVERY DENNISON MATERIALS PTY LTD,SYDNEY,AU-NSW,AU,MELBOURNE,AU,ACTIVE,ISSUED,GENERAL,no,
"3 unlikely (partial name, other country)",,owner,AVERY DENNISON,BD|BR|CN|HN|ID|IN|IT|NL|PK|TR|TW|VN,17,both,starts_with,LegalName,549300Y34YIF23A1CJ30,AVERY DENNISON CANADA CORPORATION,AVERY DENNISON CANADA CORPORATION,HALIFAX,,CA,GLENDALE,US,ACTIVE,ISSUED,GENERAL,no,
"3 unlikely (partial name, other country)",,owner,POU CHEN,CN|ID|MM|VN,13,both,starts_with,TransliteratedOtherEntityNames.TransliteratedOtherEntityName.1,25490027LIXQ7W4PBH18,"Pou Chen Industrial Co., Ltd.",寶成工業股份有限公司,Changhua,TW-CHA,TW,Taichung,TW,ACTIVE,ISSUED,GENERAL,no,
"3 unlikely (partial name, other country)",registration lapsed,owner,SOUTH ISLAND,MY|VN,12,Nike,starts_with,OtherEntityNames.OtherEntityName.1,549300IN1POF8RWM1D26,SOUTH ISLAND TRADING LIMITED,WILMAR TRADING (MAURITIUS) LTD,EBENE,MU-PW,MU,GRAND BAIE,MU,ACTIVE,LAPSED,GENERAL,no,
"3 unlikely (partial name, other country)",registration lapsed,owner,SOUTH ISLAND,MY|VN,12,Nike,starts_with,LegalName,549300Q53WUM44TCM851,SOUTH ISLAND FARMS LTD.,SOUTH ISLAND FARMS LTD.,Bow Island,CA-AB,CA,Bow Island,CA,ACTIVE,LAPSED,GENERAL,no,
"3 unlikely (partial name, other country)",registration lapsed,owner,SOUTH ISLAND,MY|VN,12,Nike,starts_with,LegalName,549300YI2CFT23S71T08,"SOUTH ISLAND APARTMENTS, LLC","SOUTH ISLAND APARTMENTS, LLC",Watervliet,US-NY,US,Watervliet,US,ACTIVE,LAPSED,GENERAL,no,
"3 unlikely (partial name, other country)",,owner,COATS THREAD,CN|CO|HN|ID|IN|KR|MX|PK|VN,10,adidas,starts_with,TransliteratedOtherEntityNames.TransliteratedOtherEntityName.1,2138008EHBSZ7WGHHV64,"COATS THREAD (THAILAND) CO., LTD.",บริษัท โคทส เทรด (ประเทศไทย) จำกัด,SAMUT SAKHON,TH-74,TH,SAMUT SAKHON,TH,ACTIVE,ISSUED,GENERAL,no,
"3 unlikely (partial name, other country)",,owner,COATS THREAD,CN|CO|HN|ID|IN|KR|MX|PK|VN,10,adidas,starts_with,LegalName,2138009IK4VSAH1DUU92,COATS THREAD EXPORTS (PRIVATE) LIMITED,COATS THREAD EXPORTS (PRIVATE) LIMITED,COLOMBO,LK-11,LK,COLOMBO,LK,ACTIVE,ISSUED,GENERAL,no,
"3 unlikely (partial name, other country)",,owner,COATS THREAD,CN|CO|HN|ID|IN|KR|MX|PK|VN,10,adidas,starts_with,LegalName,213800WGR27NK3MC5W30,COATS THREAD GERMANY GMBH,COATS THREAD GERMANY GMBH,LUDWIGSHAFEN,DE-RP,DE,LUDWIGSHAFEN,DE,ACTIVE,ISSUED,GENERAL,no,
"3 unlikely (partial name, other country)",registration lapsed,owner,FAR EASTERN,CN|TW|VN,8,both,starts_with,LegalName,213800PI7DIH35HZ7L77,FAR EASTERN INVESTMENTS LIMITED,FAR EASTERN INVESTMENTS LIMITED,PROVIDENCIALES,,TC,LA COSTA,MC,ACTIVE,LAPSED,GENERAL,no,
"3 unlikely (partial name, other country)",not active; registration retired,owner,FAR EASTERN,CN|TW|VN,8,both,starts_with,OtherEntityNames.OtherEntityName.1,253400YGH90JM0RMLU50,Far Eastern Bank,"Акционерное общество ""Дальневосточный банк""",Владивосток,RU-PRI,RU,Владивосток,RU,INACTIVE,RETIRED,GENERAL,no,
"3 unlikely (partial name, other country)",,owner,FAR EASTERN,CN|TW|VN,8,both,starts_with,TransliteratedOtherEntityNames.TransliteratedOtherEntityName.1,25490051NUU24RRHW523,"Far Eastern New Century Japan Co., Ltd.",遠東新世紀日本株式会社,東京都,JP-13,JP,東京都,JP,ACTIVE,ISSUED,GENERAL,no,
"3 unlikely (partial name, other country)",,owner,FAR EASTERN,CN|TW|VN,8,both,starts_with,LegalName,254900DKVBOGP49VQS67,FAR EASTERN STRATEGY SDN. BHD.,FAR EASTERN STRATEGY SDN. BHD.,Shah Alam,MY-10,MY,Shah Alam,MY,ACTIVE,ISSUED,GENERAL,no,
"3 unlikely (partial name, other country)",not active; registration retired,owner,FAR EASTERN,CN|TW|VN,8,both,starts_with,LegalName,549300DCXTO9LOJRY084,FAR EASTERN BANK LIMITED,FAR EASTERN BANK LIMITED,SINGAPORE,,SG,Singapore,SG,INACTIVE,RETIRED,GENERAL,no,
"3 unlikely (partial name, other country)",,owner,FAR EASTERN,CN|TW|VN,8,both,starts_with,LegalName,984500CAD3DCN4C6D391,FAR EASTERN BUNKERING COMPANY PTE. LTD.,FAR EASTERN BUNKERING COMPANY PTE. LTD.,SINGAPORE,SG-04,SG,SINGAPORE,SG,ACTIVE,ISSUED,GENERAL,no,
"3 unlikely (partial name, other country)",not active; registration retired,owner,ASI GLOBAL,CN|VN,7,both,starts_with,LegalName,95980058M3J46UA6F485,ASI GLOBAL GRUP S.L.,ASI GLOBAL GRUP S.L.,Cornellà de Llobregat,,ES,Cornellà de Llobregat,ES,INACTIVE,RETIRED,GENERAL,no,
"3 unlikely (partial name, other country)",registration lapsed,owner,ASI GLOBAL,CN|VN,7,both,starts_with,LegalName,959800W9M60LA1PGTF98,ASI GLOBAL GRUP S.L.,ASI GLOBAL GRUP S.L.,Cornellà de Llobregat,,ES,Cornellà de Llobregat,ES,ACTIVE,LAPSED,GENERAL,no,
"3 unlikely (partial name, other country)",,owner,DELTA GALIL INDUSTRIES,BG|CN|EG|TH|VN,5,both,starts_with,TransliteratedOtherEntityNames.TransliteratedOtherEntityName.1,213800THWVY4MIDWYH93,DELTA GALIL INDUSTRIES LTD,"דלתא גליל תעשיות בע""מ",CAESAREA,IL-TA,IL,CAESAREA,IL,ACTIVE,ISSUED,GENERAL,no,
"3 unlikely (partial name, other country)",,owner,MAS AMITY PTE,ID|LK,5,Nike,starts_with,LegalName,2549002ZRAEFBEDO0O67,MAS AMITY PTE. LTD.,MAS AMITY PTE. LTD.,Singapore,SG-01,SG,Singapore,SG,ACTIVE,ISSUED,GENERAL,no,
"3 unlikely (partial name, other country)",,owner,FAR EASTERN NEW CENTURY,CN|TW|VN,4,both,starts_with,TransliteratedOtherEntityNames.TransliteratedOtherEntityName.1,25490051NUU24RRHW523,"Far Eastern New Century Japan Co., Ltd.",遠東新世紀日本株式会社,東京都,JP-13,JP,東京都,JP,ACTIVE,ISSUED,GENERAL,no,
"3 unlikely (partial name, other country)",registration lapsed,owner,INDIANA KNITWEAR,GT,4,Nike,starts_with,LegalName,549300GBFEMDGZS3C008,"INDIANA KNITWEAR, LLC","INDIANA KNITWEAR, LLC",Carmel,US-IN,US,Carmel,US,ACTIVE,LAPSED,GENERAL,no,
"3 unlikely (partial name, other country)",,owner,KORRUN INTERNATIONAL PTE,CN|ID,4,adidas,starts_with,LegalName,9845009DH0A694VC7288,KORRUN INTERNATIONAL PTE. LTD.,KORRUN INTERNATIONAL PTE. LTD.,Singapore,SG-02,SG,Singapore,SG,ACTIVE,ISSUED,GENERAL,no,
"3 unlikely (partial name, other country)",,owner,BRANDIX ASIA,IN|LK,3,Nike,starts_with,LegalName,9845009F7501EBAE7963,BRANDIX ASIA HOLDINGS PTE. LIMITED,BRANDIX ASIA HOLDINGS PTE. LIMITED,Singapore,SG-01,SG,Singapore,SG,ACTIVE,ISSUED,GENERAL,no,
"3 unlikely (partial name, other country)",registration lapsed,owner,CRYSTAL INTERNATIONAL,CN,3,both,starts_with,LegalName,815600337A4AC8C06263,CRYSTAL INTERNATIONAL S.R.L.,CRYSTAL INTERNATIONAL S.R.L.,CODROIPO,IT-UD,IT,CODROIPO,IT,ACTIVE,LAPSED,GENERAL,no,
"3 unlikely (partial name, other country)",,owner,DELTA GALIL,EG|TH|VN,3,both,starts_with,TransliteratedOtherEntityNames.TransliteratedOtherEntityName.1,213800THWVY4MIDWYH93,DELTA GALIL INDUSTRIES LTD,"דלתא גליל תעשיות בע""מ",CAESAREA,IL-TA,IL,CAESAREA,IL,ACTIVE,ISSUED,GENERAL,no,
"3 unlikely (partial name, other country)",registration lapsed,owner,DELTA GALIL,EG|TH|VN,3,both,starts_with,LegalName,254900GPGMM61WTUP963,Delta Galil Tifton LLC,Delta Galil Tifton LLC,Peachtree Corners,US-GA,US,Secaucus,US,ACTIVE,LAPSED,GENERAL,no,
"3 unlikely (partial name, other country)",registration lapsed,owner,FE NEW CENTURY INDUSTRY SINGAPORE PTE,CN|VN,3,both,starts_with,LegalName,254900UN72IO0G60U640,FE NEW CENTURY INDUSTRY (SINGAPORE) PTE. LTD.,FE NEW CENTURY INDUSTRY (SINGAPORE) PTE. LTD.,Singapore,SG-01,SG,Singapore,SG,ACTIVE,LAPSED,GENERAL,no,
"3 unlikely (partial name, other country)",,owner,PRIME ASIA,CN|VN,3,both,starts_with,LegalName,213800CZXESLRWEHUY47,PRIME ASIA ASSET MANAGEMENT PTE. LTD.,PRIME ASIA ASSET MANAGEMENT PTE. LTD.,SINGAPORE,SG-01,SG,SINGAPORE,SG,ACTIVE,ISSUED,GENERAL,no,
"3 unlikely (partial name, other country)",registration lapsed,owner,REGINA MIRACLE INTERNATIONAL,CN|VN,3,both,starts_with,LegalName,529900VP8D9D3OQYUC82,Regina Miracle International (Holdings) Limited,Regina Miracle International (Holdings) Limited,George Town,,KY,George Town,KY,ACTIVE,LAPSED,GENERAL,no,
"3 unlikely (partial name, other country)",registration lapsed,owner,SAFILO USA,CN,3,both,starts_with,LegalName,B7UG16CMW06I0707L765,"Safilo USA, Inc.","Safilo USA, Inc.",Secaucus,US-NJ,US,Secaucus,US,ACTIVE,LAPSED,GENERAL,no,
"3 unlikely (partial name, other country)",registration lapsed,owner,SHENZHOU INTERNATIONAL,CN|VN,3,both,starts_with,LegalName,529900B4W41TCUKJFM73,Shenzhou International Group Holdings Limited,Shenzhou International Group Holdings Limited,Grand Cayman,,KY,Grand Cayman,KY,ACTIVE,LAPSED,GENERAL,no,
"3 unlikely (partial name, other country)",,owner,TEIJIN FRONTIER,CN|JP|TH,3,adidas,starts_with,LegalName,529900QI4AR2PC19IB39,TEIJIN FRONTIER EUROPE GMBH,TEIJIN FRONTIER EUROPE GMBH,Hamburg,DE-HH,DE,Hamburg,DE,ACTIVE,ISSUED,GENERAL,no,
"3 unlikely (partial name, other country)",registration lapsed,owner,TEIJIN FRONTIER,CN|JP|TH,3,adidas,starts_with,LegalName,549300ZSVTAOE3O7I632,"TEIJIN FRONTIER (U.S.A.), INC.","TEIJIN FRONTIER (U.S.A.), INC.",NEW YORK,US-NY,US,NEW YORK,US,ACTIVE,LAPSED,GENERAL,no,
"3 unlikely (partial name, other country)",,owner,TOP STAR,CN|KH|VN,3,adidas,starts_with,LegalName,213800YHBO4Y3TJEDV49,TOP STAR HOLDING LIMITED,TOP STAR HOLDING LIMITED,NICOSIA,CY-01,CY,NICOSIA,CY,ACTIVE,ISSUED,GENERAL,no,
"3 unlikely (partial name, other country)",registration lapsed,owner,TOP STAR,CN|KH|VN,3,adidas,starts_with,LegalName,5493002RU4WLF6MQ7N04,"Top-Star, Inc.","Top-Star, Inc.",Emmaus,US-PA,US,Emmaus,US,ACTIVE,LAPSED,GENERAL,no,
"3 unlikely (partial name, other country)",,owner,TOP STAR,CN|KH|VN,3,adidas,starts_with,LegalName,815600C5C2C6B72AAA44,TOP STAR S.R.L.,TOP STAR S.R.L.,AREZZO,IT-AR,IT,AREZZO,IT,ACTIVE,ISSUED,GENERAL,no,
"3 unlikely (partial name, other country)",registration lapsed,owner,TOP STAR,CN|KH|VN,3,adidas,starts_with,LegalName,984500D5978DB046D842,TOP STAR svéd-finn-magyar Kereskedelmi Szálláshely Értékesitő és Vendéglátó Korlátolt Felelősségü Társaság,TOP STAR svéd-finn-magyar Kereskedelmi Szálláshely Értékesitő és Vendéglátó Korlátolt Felelősségü Társaság,Eger,HU-HE,HU,Eger,HU,ACTIVE,LAPSED,GENERAL,no,
"3 unlikely (partial name, other country)",,owner,TORAY INTERNATIONAL,CN|VN,3,both,starts_with,LegalName,213800T295JOV99C5421,TORAY INTERNATIONAL U.K. LIMITED,TORAY INTERNATIONAL U.K. LIMITED,LONDON,GB-LND,GB,LONDON,GB,ACTIVE,ISSUED,GENERAL,no,
"3 unlikely (partial name, other country)",,owner,TORAY INTERNATIONAL,CN|VN,3,both,starts_with,LegalName,3358007SXF1VJ8EOU553,TORAY INTERNATIONAL INDIA PRIVATE LIMITED,TORAY INTERNATIONAL INDIA PRIVATE LIMITED,MUMBAI,IN-MH,IN,MUMBAI,IN,ACTIVE,ISSUED,GENERAL,no,
"3 unlikely (partial name, other country)",,owner,TORAY INTERNATIONAL,CN|VN,3,both,starts_with,LegalName,529900GXMEN5RRPH8C73,Toray International Europe GmbH,Toray International Europe GmbH,Neu-Isenburg,DE-HE,DE,Neu-Isenburg,DE,ACTIVE,ISSUED,GENERAL,no,
"3 unlikely (partial name, other country)",registration lapsed,owner,TORAY INTERNATIONAL,CN|VN,3,both,starts_with,LegalName,549300253H616PT14U73,Toray International America Inc.,Toray International America Inc.,New York,US-NY,US,New York,US,ACTIVE,LAPSED,GENERAL,no,
"3 unlikely (partial name, other country)",,owner,TORAY INTERNATIONAL,CN|VN,3,both,starts_with,LegalName,8156009285F0825F7E60,TORAY INTERNATIONAL ITALY S.R.L.,TORAY INTERNATIONAL ITALY S.R.L.,MILANO,IT-MI,IT,MILANO,IT,ACTIVE,ISSUED,GENERAL,no,
"3 unlikely (partial name, other country)",registration lapsed,owner,BEST PACIFIC,CN|VN,2,adidas,starts_with,LegalName,529900NJSWRANNDZ2L52,Best Pacific International Holdings Limited,Best Pacific International Holdings Limited,George Town,,KY,George Town,KY,ACTIVE,LAPSED,GENERAL,no,
"3 unlikely (partial name, other country)",,owner,BEST PACIFIC,CN|VN,2,adidas,starts_with,LegalName,984500040E77109D7B17,BEST PACIFIC TEXTILE LIMITED,BEST PACIFIC TEXTILE LIMITED,HONG KONG,,HK,HONG KONG,HK,ACTIVE,ISSUED,GENERAL,no,
"3 unlikely (partial name, other country)",,owner,EVEREST TEXTILE,CN|TH,2,Nike,starts_with,OtherEntityNames.OtherEntityName.1,984500C37BCB8D3E0C55,"EVEREST TEXTILE CO., LTD.",宏遠興業股份有限公司,臺南市,TW-TNN,TW,臺南市,TW,ACTIVE,ISSUED,GENERAL,no,
"3 unlikely (partial name, other country)",registration lapsed,owner,FGX INTERNATIONAL,CN,2,adidas,starts_with,LegalName,549300R4FNKEIE8UY208,FGX INTERNATIONAL INC.,FGX INTERNATIONAL INC.,WILMINGTON,US-DE,US,Smithfield,US,ACTIVE,LAPSED,GENERAL,no,
"3 unlikely (partial name, other country)",,owner,HONG SENG,TH,2,both,starts_with,OtherEntityNames.OtherEntityName.1,3003004NHLFB2C4KD964,HONG SENG LIMITED,弘昇有限公司,Road Town,,VG,Hong Kong,HK,ACTIVE,ISSUED,GENERAL,no,
"3 unlikely (partial name, other country)",,owner,LONG JOHN,VN,2,both,starts_with,LegalName,549300T8EMZ4FD50BB72,LONG JOHN SILVER AS,LONG JOHN SILVER AS,Oslo,NO-03,NO,Oslo,NO,ACTIVE,ISSUED,GENERAL,no,
"3 unlikely (partial name, other country)",registration lapsed,owner,REGINA MIRACLE,CN|VN,2,both,starts_with,LegalName,529900VP8D9D3OQYUC82,Regina Miracle International (Holdings) Limited,Regina Miracle International (Holdings) Limited,George Town,,KY,George Town,KY,ACTIVE,LAPSED,GENERAL,no,
"3 unlikely (partial name, other country)",registration lapsed,owner,SUN HING OPTICAL MANUFACTORY,CN,2,both,starts_with,LegalName,2549004B8UU76KW6VO33,Sun Hing Optical Manufactory Limited,Sun Hing Optical Manufactory Limited,Hong Kong,,HK,Hong Kong,HK,ACTIVE,LAPSED,GENERAL,no,
"3 unlikely (partial name, other country)",,owner,BEST PACIFIC TEXTILE,CN,1,adidas,starts_with,LegalName,984500040E77109D7B17,BEST PACIFIC TEXTILE LIMITED,BEST PACIFIC TEXTILE LIMITED,HONG KONG,,HK,HONG KONG,HK,ACTIVE,ISSUED,GENERAL,no,
"3 unlikely (partial name, other country)",registration lapsed,owner,BIG TIME PRODUCTS,VN,1,adidas,starts_with,LegalName,549300GGMEVG6X4P7B49,"Big Time Products, LLC","Big Time Products, LLC",PEACHTREE CORNERS,US-GA,US,Rome,US,ACTIVE,LAPSED,GENERAL,no,
"3 unlikely (partial name, other country)",not active; registration retired,owner,BLUE STAR,US,1,Nike,starts_with,LegalName,2138009CDH2VA7FL5J23,BLUE STAR VISION IC SICAV PLC,BLUE STAR VISION IC SICAV PLC,VALLETTA,MT-60,MT,VALLETTA,MT,INACTIVE,RETIRED,GENERAL,no,
"3 unlikely (partial name, other country)",registration lapsed,owner,BLUE STAR,US,1,Nike,starts_with,LegalName,213800NTNR77BK5K7G95,BLUE STAR SYNDICATE MANAGEMENT LIMITED,BLUE STAR SYNDICATE MANAGEMENT LIMITED,LONDON,GB-LND,GB,LONDON,GB,ACTIVE,LAPSED,GENERAL,no,
"3 unlikely (partial name, other country)",,owner,BLUE STAR,US,1,Nike,starts_with,LegalName,213800PEM6TDRSXOQG22,BLUE STAR FERRIES ΜΟΝΟΠΡΟΣΩΠΗ ΝΑΥΤΙΛΙΑΚΗ ΑΝΩΝΥΜΗ ΕΤΑΙΡΕΙΑ,BLUE STAR FERRIES ΜΟΝΟΠΡΟΣΩΠΗ ΝΑΥΤΙΛΙΑΚΗ ΑΝΩΝΥΜΗ ΕΤΑΙΡΕΙΑ,KALLITHEA,GR-I,GR,KALLITHEA,GR,ACTIVE,ISSUED,GENERAL,no,
"3 unlikely (partial name, other country)",registration lapsed,owner,BLUE STAR,US,1,Nike,starts_with,LegalName,213800Q3XFUZLM32LU09,BLUE STAR COMMODITIES SA,BLUE STAR COMMODITIES SA,GENEVA,CH-GE,CH,GENEVA,CH,ACTIVE,LAPSED,GENERAL,no,
"3 unlikely (partial name, other country)",,owner,BLUE STAR,US,1,Nike,starts_with,LegalName,213800Y6XGR31P2LKT12,BLUE STAR CAPITAL PLC,BLUE STAR CAPITAL PLC,Brighton,,GB,Brighton,GB,ACTIVE,ISSUED,GENERAL,no,
"3 unlikely (partial name, other country)",,owner,BLUE STAR,US,1,Nike,starts_with,LegalName,2549003KFAYOJ0KHY850,BLUE STAR ESTATES LIMITED,BLUE STAR ESTATES LIMITED,Famagusta,CY-04,CY,Famagusta,CY,ACTIVE,ISSUED,GENERAL,no,
"3 unlikely (partial name, other country)",registration lapsed,owner,BLUE STAR,US,1,Nike,starts_with,LegalName,2549005OF4BOJJZXZ509,BLUE STAR MARINE CO. LTD.,BLUE STAR MARINE CO. LTD.,Belize City,BZ-BZ,BZ,Odessa,UA,ACTIVE,LAPSED,GENERAL,no,
"3 unlikely (partial name, other country)",registration lapsed,owner,BLUE STAR,US,1,Nike,starts_with,LegalName,25490084BUDEF8M0CF13,Blue Star Family Foundation,Blue Star Family Foundation,George Town,,KY,George Town,KY,ACTIVE,LAPSED,GENERAL,no,
"3 unlikely (partial name, other country)",registration lapsed,owner,BLUE STAR,US,1,Nike,starts_with,LegalName,315700HG5V9DU3UH6F09,"Blue Star Capital, a.s.","Blue Star Capital, a.s.",Praha,CZ-10,CZ,Praha 1,CZ,ACTIVE,LAPSED,GENERAL,no,
"3 unlikely (partial name, other country)",registration lapsed,owner,BLUE STAR,US,1,Nike,starts_with,LegalName,315700IIT6UZR6ILVF93,"BLUE STAR, s.r.o.","BLUE STAR, s.r.o.",Nový Jičín,CZ-80,CZ,Nový Jičín,CZ,ACTIVE,LAPSED,GENERAL,no,
"3 unlikely (partial name, other country)",,owner,BLUE STAR,US,1,Nike,starts_with,LegalName,3358001VJNO7SI9GD110,BLUE STAR CLIMATECH LIMITED,BLUE STAR CLIMATECH LIMITED,MUMBAI,IN-MH,IN,MUMBAI,IN,ACTIVE,ISSUED,GENERAL,no,
"3 unlikely (partial name, other country)",,owner,BLUE STAR,US,1,Nike,starts_with,LegalName,335800CWJUVEKQ1TE879,BLUE STAR LIMITED,BLUE STAR LIMITED,MUMBAI,IN-MH,IN,MUMBAI,IN,ACTIVE,ISSUED,GENERAL,no,
"3 unlikely (partial name, other country)",,owner,BLUE STAR,US,1,Nike,starts_with,LegalName,335800E1FXAFKRJME103,BLUE STAR DIAMONDS PRIVATE LIMITED,BLUE STAR DIAMONDS PRIVATE LIMITED,MUMBAI,IN-MH,IN,MUMBAI,IN,ACTIVE,ISSUED,GENERAL,no,
"3 unlikely (partial name, other country)",registration lapsed,owner,BLUE STAR,US,1,Nike,starts_with,LegalName,335800JTR94F1G6VUS40,BLUE STAR INTERNATIONAL PRIVATE LIMITED,BLUE STAR INTERNATIONAL PRIVATE LIMITED,NEW DELHI,IN-DL,IN,NEW DELHI,IN,ACTIVE,LAPSED,GENERAL,no,
"3 unlikely (partial name, other country)",,owner,BLUE STAR,US,1,Nike,starts_with,LegalName,335800OQVR1J7JIFQF67,BLUE STAR EXTRUSION PRIVATE LIMITED,BLUE STAR EXTRUSION PRIVATE LIMITED,SANGLI,IN-MH,IN,SANGLI,IN,ACTIVE,ISSUED,GENERAL,no,
"3 unlikely (partial name, other country)",,owner,BLUE STAR,US,1,Nike,starts_with,LegalName,335800T683KKK1P5XN28,BLUE STAR REALTORS LIMITED,BLUE STAR REALTORS LIMITED,MUMBAI,IN-MH,IN,MUMBAI,IN,ACTIVE,ISSUED,GENERAL,no,
"3 unlikely (partial name, other country)",,owner,BLUE STAR,US,1,Nike,starts_with,LegalName,335800XMY4CEQ181GN72,BLUE STAR ENGINEERING & ELECTRONICS LIMITED,BLUE STAR ENGINEERING & ELECTRONICS LIMITED,MUMBAI,IN-MH,IN,MUMBAI,IN,ACTIVE,ISSUED,GENERAL,no,
"3 unlikely (partial name, other country)",registration lapsed,owner,BLUE STAR,US,1,Nike,starts_with,LegalName,5299001OJGR7UJ2A6Y96,BLUE STAR ASSOCIATED COMPANY S.A.,BLUE STAR ASSOCIATED COMPANY S.A.,Panama City,PA-8,PA,Panama City,PA,ACTIVE,LAPSED,GENERAL,no,
"3 unlikely (partial name, other country)",,owner,BRAND MACHINE INTERNATIONAL,PK,1,adidas,starts_with,LegalName,8945003S452GAA66X855,BRAND MACHINE INTERNATIONAL LIMITED,BRAND MACHINE INTERNATIONAL LIMITED,London,GB-LND,GB,London,GB,ACTIVE,ISSUED,GENERAL,no,
"3 unlikely (partial name, other country)",registration lapsed,owner,CHAMPION SPORTS,CN,1,both,starts_with,LegalName,984500ABV0010EB38924,CHAMPION SPORTS PTY LTD,CHAMPION SPORTS PTY LTD,BEVERLEY,AU-SA,AU,BEVERLEY,AU,ACTIVE,LAPSED,GENERAL,no,
"3 unlikely (partial name, other country)",registration lapsed,owner,DELTA APPAREL,SV,1,Nike,starts_with,LegalName,549300YCES15WEDS8Z04,"Delta Apparel, Inc.","Delta Apparel, Inc.",Duluth,US-GA,US,Duluth,US,ACTIVE,LAPSED,GENERAL,no,
"3 unlikely (partial name, other country)",,owner,EVER TECH,VN,1,Nike,starts_with,LegalName,815600499D8957D8B898,EVER TECH S.R.L.,EVER TECH S.R.L.,SAN QUIRINO,IT-PN,IT,SAN QUIRINO,IT,ACTIVE,ISSUED,GENERAL,no,
"3 unlikely (partial name, other country)",registration lapsed,site,FAR EASTERN,CN,1,both,starts_with,LegalName,213800PI7DIH35HZ7L77,FAR EASTERN INVESTMENTS LIMITED,FAR EASTERN INVESTMENTS LIMITED,PROVIDENCIALES,,TC,LA COSTA,MC,ACTIVE,LAPSED,GENERAL,no,
"3 unlikely (partial name, other country)",not active; registration retired,site,FAR EASTERN,CN,1,both,starts_with,OtherEntityNames.OtherEntityName.1,253400YGH90JM0RMLU50,Far Eastern Bank,"Акционерное общество ""Дальневосточный банк""",Владивосток,RU-PRI,RU,Владивосток,RU,INACTIVE,RETIRED,GENERAL,no,
"3 unlikely (partial name, other country)",,site,FAR EASTERN,CN,1,both,starts_with,TransliteratedOtherEntityNames.TransliteratedOtherEntityName.1,25490051NUU24RRHW523,"Far Eastern New Century Japan Co., Ltd.",遠東新世紀日本株式会社,東京都,JP-13,JP,東京都,JP,ACTIVE,ISSUED,GENERAL,no,
"3 unlikely (partial name, other country)",,site,FAR EASTERN,CN,1,both,starts_with,TransliteratedOtherEntityNames.TransliteratedOtherEntityName.1,254900CDLU5OS06M6K24,Far Eastern New Century Corporation,遠東新世紀股份有限公司,Taipei,TW-TPE,TW,Taipei,TW,ACTIVE,ISSUED,GENERAL,no,
"3 unlikely (partial name, other country)",,site,FAR EASTERN,CN,1,both,starts_with,LegalName,254900DKVBOGP49VQS67,FAR EASTERN STRATEGY SDN. BHD.,FAR EASTERN STRATEGY SDN. BHD.,Shah Alam,MY-10,MY,Shah Alam,MY,ACTIVE,ISSUED,GENERAL,no,
"3 unlikely (partial name, other country)",,site,FAR EASTERN,CN,1,both,starts_with,TransliteratedOtherEntityNames.TransliteratedOtherEntityName.1,254900RGBBZIYQFCJR41,Far Eastern International Securities Company Limited,遠智證券股份有限公司,Taipei,TW-TPE,TW,Taipei,TW,ACTIVE,ISSUED,GENERAL,no,
"3 unlikely (partial name, other country)",not active; registration retired,site,FAR EASTERN,CN,1,both,starts_with,LegalName,549300DCXTO9LOJRY084,FAR EASTERN BANK LIMITED,FAR EASTERN BANK LIMITED,SINGAPORE,,SG,Singapore,SG,INACTIVE,RETIRED,GENERAL,no,
"3 unlikely (partial name, other country)",,site,FAR EASTERN,CN,1,both,starts_with,TransliteratedOtherEntityNames.TransliteratedOtherEntityName.1,549300MGVLXK8G4X5Y29,"FAR EASTERN INTERNATIONAL BANK, LTD.",遠東國際商業銀行股份有限公司,TAIPEI,TW-TPE,TW,TAIPEI,TW,ACTIVE,ISSUED,GENERAL,no,
"3 unlikely (partial name, other country)",,site,FAR EASTERN,CN,1,both,starts_with,LegalName,984500CAD3DCN4C6D391,FAR EASTERN BUNKERING COMPANY PTE. LTD.,FAR EASTERN BUNKERING COMPANY PTE. LTD.,SINGAPORE,SG-04,SG,SINGAPORE,SG,ACTIVE,ISSUED,GENERAL,no,
"3 unlikely (partial name, other country)",,owner,GILDAN ACTIVEWEAR,NI,1,both,starts_with,LegalName,549300SB3IBI34M00Z45,GILDAN ACTIVEWEAR INC.,GILDAN ACTIVEWEAR INC.,Montreal,CA-QC,CA,Montreal,CA,ACTIVE,ISSUED,GENERAL,no,
"3 unlikely (partial name, other country)",,owner,GILDAN ACTIVEWEAR,NI,1,both,starts_with,LegalName,549300TUHGAQZ3YYDW26,GILDAN ACTIVEWEAR SRL,GILDAN ACTIVEWEAR SRL,Christ Church,BB-01,BB,Christ Church,BB,ACTIVE,ISSUED,GENERAL,no,
"3 unlikely (partial name, other country)",registration lapsed,owner,GRUPO MEXICO,CN,1,Nike,starts_with,LegalName,529900JWLZAYET2ZGW20,Grupo Mexico Servicios,Grupo Mexico Servicios,Mexico-City,,MX,Mexico-City,MX,ACTIVE,LAPSED,GENERAL,no,
"3 unlikely (partial name, other country)",registration lapsed,owner,INTRADECO APPAREL,JO,1,adidas,starts_with,LegalName,549300O173YXONR6H073,"INTRADECO APPAREL, INC.","INTRADECO APPAREL, INC.",MIAMI,US-FL,US,MIAMI,US,ACTIVE,LAPSED,GENERAL,no,
"3 unlikely (partial name, other country)",not active; registration retired,site,Jade Textiles,EG,1,adidas,starts_with,LegalName,969500NCIVH5703NF178,JADE TEXTILES SARL,JADE TEXTILES SARL,PARIS,FR-75C,FR,PARIS,FR,INACTIVE,RETIRED,GENERAL,no,
"3 unlikely (partial name, other country)",registration lapsed,owner,KAM HING,CN,1,Nike,starts_with,LegalName,254900RAKQP1V0ODRI77,"KAM HING REALTY-NYC, LLC","KAM HING REALTY-NYC, LLC",New Providence,US-NJ,US,New Providence,US,ACTIVE,LAPSED,GENERAL,no,
"3 unlikely (partial name, other country)",registration lapsed,owner,KAYSER ROTH,CN,1,adidas,starts_with,LegalName,549300Y3Y30ZMX78AU66,KAYSER-ROTH CORPORATION,KAYSER-ROTH CORPORATION,WILMINGTON,US-DE,US,Greensboro,US,ACTIVE,LAPSED,GENERAL,no,
"3 unlikely (partial name, other country)",,owner,LUCKY STAR,VN,1,Nike,starts_with,LegalName,213800HJGAGTP91KV265,LUCKY STAR SHIPPING S.A.,LUCKY STAR SHIPPING S.A.,MONROVIA,LR-MO,LR,MONROVIA,LR,ACTIVE,ISSUED,GENERAL,no,
"3 unlikely (partial name, other country)",,owner,LUCKY STAR,VN,1,Nike,starts_with,OtherEntityNames.OtherEntityName.1,25490076D1FNLPYYCZ42,LUCKY STAR INTERNATIONAL LIMITED,PORTS INTERNATIONAL ENTERPRISES LIMITED,ROAD TOWN,,VG,HONG KONG,HK,ACTIVE,ISSUED,GENERAL,no,
"3 unlikely (partial name, other country)",,owner,LUCKY STAR,VN,1,Nike,starts_with,LegalName,254900FBYC9XQCKU7C02,LUCKY STAR ALLOYS WLL,LUCKY STAR ALLOYS WLL,Doha,QA-RA,QA,Doha,QA,ACTIVE,ISSUED,GENERAL,no,
"3 unlikely (partial name, other country)",registration lapsed,owner,LUCKY STAR,VN,1,Nike,starts_with,LegalName,254900NX32LQY3IASA08,Lucky Star AG,Lucky Star AG,Pfaffikon,CH-SZ,CH,Pfaffikon,CH,ACTIVE,LAPSED,GENERAL,no,
"3 unlikely (partial name, other country)",,owner,LUCKY STAR,VN,1,Nike,starts_with,OtherEntityNames.OtherEntityName.1,254900Q1PBKF5ECIV518,Lucky Star W.L.L.,شركة لاكي ستار,DOHA,QA-RA,QA,Doha,QA,ACTIVE,ISSUED,GENERAL,no,
"3 unlikely (partial name, other country)",registration lapsed,owner,LUCKY STAR,VN,1,Nike,starts_with,TransliteratedOtherEntityNames.TransliteratedOtherEntityName.1,254900SRCRMMRNYGUL79,Lucky Star Corporation Limited,祥星行有限公司,Hong Kong,,HK,Hong Kong,HK,ACTIVE,LAPSED,GENERAL,no,
"3 unlikely (partial name, other country)",,owner,LUCKY STAR,VN,1,Nike,starts_with,LegalName,254900TNY9YNWE1C8078,Lucky Star Group Limited,Lucky Star Group Limited,Road Town,,VG,Road Town,VG,ACTIVE,ISSUED,GENERAL,no,
"3 unlikely (partial name, other country)",registration lapsed,owner,LUCKY STAR,VN,1,Nike,starts_with,LegalName,3358005G6HFJCP4QZ757,LUCKY STAR PAPER MILL,LUCKY STAR PAPER MILL,KOLHAPUR,IN-MH,IN,KOLHAPUR,IN,ACTIVE,LAPSED,GENERAL,no,
"3 unlikely (partial name, other country)",,owner,LUCKY STAR,VN,1,Nike,starts_with,LegalName,335800AJINRQPNUES415,LUCKY STAR PROTIENS,LUCKY STAR PROTIENS,MANGALURU,IN-KA,IN,MANGALURU,IN,ACTIVE,ISSUED,GENERAL,no,
"3 unlikely (partial name, other country)",registration lapsed,owner,LUCKY STAR,VN,1,Nike,starts_with,LegalName,54930070J07YY78T4N82,LUCKY STAR PARTNERS LP,LUCKY STAR PARTNERS LP,East York,CA-ON,CA,East York,CA,ACTIVE,LAPSED,GENERAL,no,
"3 unlikely (partial name, other country)",not active; registration duplicate,owner,LUCKY STAR,VN,1,Nike,starts_with,LegalName,549300CKE5XFK55D6J98,Lucky Star II Ltd,Lucky Star II Ltd,Road Town,,VG,Road Town,VG,NULL,DUPLICATE,GENERAL,no,
"3 unlikely (partial name, other country)",,owner,LUCKY STAR,VN,1,Nike,starts_with,LegalName,549300EXDJB0Q8DR3D73,Lucky Star II Ltd.,Lucky Star II Ltd.,Road Town,,VG,Road Town,VG,ACTIVE,ISSUED,GENERAL,no,
"3 unlikely (partial name, other country)",registration lapsed,owner,LUCKY STAR,VN,1,Nike,starts_with,LegalName,549300KQJ0WCMB8L7K83,Lucky Star-Deer Park LLC,Lucky Star-Deer Park LLC,NEW YORK,US-NY,US,New York,US,ACTIVE,LAPSED,GENERAL,no,
"3 unlikely (partial name, other country)",registration lapsed,owner,LUCKY STAR,VN,1,Nike,starts_with,LegalName,549300QUKEFIT6OCT369,Lucky Star III LLC,Lucky Star III LLC,Des Moines,US-IA,US,Des Moines,US,ACTIVE,LAPSED,GENERAL,no,
"3 unlikely (partial name, other country)",not active; registration retired,owner,LUCKY STAR,VN,1,Nike,starts_with,LegalName,549300Z38E36Q5D3CB31,"Lucky Star Investment Group, LLC","Lucky Star Investment Group, LLC",San Francisco,US-CA,US,HALF MOON BAY,US,INACTIVE,RETIRED,GENERAL,no,
"3 unlikely (partial name, other country)",not active; registration retired,owner,LUCKY STAR,VN,1,Nike,starts_with,LegalName,87550005O27I5FWX4X98,LUCKY STAR TRADING INVESTMENT PTE. LTD.,LUCKY STAR TRADING INVESTMENT PTE. LTD.,SINGAPORE,SG-01,SG,SINGAPORE,SG,INACTIVE,RETIRED,GENERAL,no,
"3 unlikely (partial name, other country)",registration lapsed,owner,LUCKY STAR,VN,1,Nike,starts_with,LegalName,8945002W2VNROHZ98Q02,LUCKY STAR ESTATE (INDIA) PVT LTD,LUCKY STAR ESTATE (INDIA) PVT LTD,NEW DELHI,,IN,NEW DELHI,IN,ACTIVE,LAPSED,GENERAL,no,
"3 unlikely (partial name, other country)",,owner,LUCKY STAR,VN,1,Nike,starts_with,LegalName,894500JZ1UNJ8CJD6F46,Lucky star srls,Lucky star srls,roma,,IT,roma,IT,ACTIVE,ISSUED,GENERAL,no,
"3 unlikely (partial name, other country)",registration lapsed,owner,LUCKY STAR,VN,1,Nike,starts_with,LegalName,95980020140005396675,LUCKY STAR INVESTMENT SICAV SA,LUCKY STAR INVESTMENT SICAV SA,MADRID,ES-MD,ES,MADRID,ES,ACTIVE,LAPSED,GENERAL,no,
"3 unlikely (partial name, other country)",,owner,LUCKY STAR,VN,1,Nike,starts_with,LegalName,984500J3AP5E4F368F11,LUCKY STAR INVESTMENTS LIMITED,LUCKY STAR INVESTMENTS LIMITED,Road Town,,VG,Road Town,VG,ACTIVE,ISSUED,GENERAL,no,
"3 unlikely (partial name, other country)",,owner,MAS INTIMATES,LK,1,Nike,starts_with,LegalName,984500C7686DA3D6F098,MAS INTIMATES KENYA (EPZ) LIMITED,MAS INTIMATES KENYA (EPZ) LIMITED,ATHI RIVER,KE-22,KE,ATHI RIVER,KE,ACTIVE,ISSUED,GENERAL,no,
"3 unlikely (partial name, other country)",registration lapsed,owner,MIA INTERNATIONAL,ID,1,adidas,starts_with,LegalName,894500DPH7CD4FHZ0U82,MIA INTERNATIONAL LIMITED,MIA INTERNATIONAL LIMITED,Apia,WS-TU,WS,Apia,WS,ACTIVE,LAPSED,GENERAL,no,
"3 unlikely (partial name, other country)",registration lapsed,owner,O2 PARTNERS,CN,1,adidas,starts_with,LegalName,549300B3M9OZLPY3NM90,"O2 PARTNERS, LLC","O2 PARTNERS, LLC",PORTLAND,US-ME,US,Amherst,US,ACTIVE,LAPSED,GENERAL,no,
"3 unlikely (partial name, other country)",registration lapsed,owner,PAN PACIFIC,VN,1,Nike,starts_with,LegalName,213800G4XWJ5KW5LX820,"PAN PACIFIC INVESTMENT CO., LTD.","PAN PACIFIC INVESTMENT CO., LTD.",EBENE,MU-PW,MU,ST DENIS STREET,MU,ACTIVE,LAPSED,GENERAL,no,
"3 unlikely (partial name, other country)",registration lapsed,owner,PAN PACIFIC,VN,1,Nike,starts_with,LegalName,2549002UJXLSA9YB1B23,PAN PACIFIC FOODS(RMI) INC.,PAN PACIFIC FOODS(RMI) INC.,APIA,WS-TU,WS,APIA,WS,ACTIVE,LAPSED,GENERAL,no,
"3 unlikely (partial name, other country)",registration lapsed,owner,PAN PACIFIC,VN,1,Nike,starts_with,LegalName,2549009M3NGO8L2B5351,Pan Pacific Enterprises Ltd.,Pan Pacific Enterprises Ltd.,Nassau,,BS,Nassau,BS,ACTIVE,LAPSED,GENERAL,no,
"3 unlikely (partial name, other country)",registration lapsed,owner,PAN PACIFIC,VN,1,Nike,starts_with,LegalName,254900S2HOK8BK4V5Q27,Pan Pacific Asia Limited,Pan Pacific Asia Limited,Eden Island,SC-25,SC,Eden Island,SC,ACTIVE,LAPSED,GENERAL,no,
"3 unlikely (partial name, other country)",registration lapsed,owner,PAN PACIFIC,VN,1,Nike,starts_with,LegalName,254900UCIN8ZHO56S102,PAN PACIFIC INTERNATIONAL TRADING PTY LTD,PAN PACIFIC INTERNATIONAL TRADING PTY LTD,Adelaide,AU-SA,AU,Adelaide,AU,ACTIVE,LAPSED,GENERAL,no,
"3 unlikely (partial name, other country)",,owner,PAN PACIFIC,VN,1,Nike,starts_with,OtherEntityNames.OtherEntityName.1,35380026PKEOD3ZZG259,"PAN PACIFIC COPPER CO., LTD.",パンパシフィック・カッパー株式会社,東京都 港区,,JP,東京都 港区,JP,ACTIVE,ISSUED,GENERAL,no,
"3 unlikely (partial name, other country)",registration lapsed,owner,PAN PACIFIC,VN,1,Nike,starts_with,OtherEntityNames.OtherEntityName.1,529900QLHJM2E18A5763,Pan Pacific International Holdings Corporation,株式会社パン・パシフィック・インターナショナルホールディングス,東京都,JP-13,JP,東京都,JP,ACTIVE,LAPSED,GENERAL,no,
"3 unlikely (partial name, other country)",registration lapsed,owner,PAN PACIFIC,VN,1,Nike,starts_with,LegalName,5493005NY5Q17Q22CC57,"PAN PACIFIC PETROLEUM COMPANY, INC.","PAN PACIFIC PETROLEUM COMPANY, INC.",GLENDALE,US-CA,US,SOUTH GATE,US,ACTIVE,LAPSED,GENERAL,no,
"3 unlikely (partial name, other country)",registration lapsed,owner,PAN PACIFIC,VN,1,Nike,starts_with,LegalName,549300EZG1QFC3R6J489,"PAN PACIFIC REAL ESTATE INVESTMENTS, L.L.C.","PAN PACIFIC REAL ESTATE INVESTMENTS, L.L.C.",LOS ANGELES,US-CA,US,LOS ANGELES,US,ACTIVE,LAPSED,GENERAL,no,
"3 unlikely (partial name, other country)",registration lapsed,owner,PAN PACIFIC,VN,1,Nike,starts_with,LegalName,549300QECJLSQPXMOJ10,"Pan Pacific (Jefferson Square), LLC","Pan Pacific (Jefferson Square), LLC",Wilmington,US-DE,US,New Hyde Park,US,ACTIVE,LAPSED,GENERAL,no,
"3 unlikely (partial name, other country)",,owner,PAN PACIFIC,VN,1,Nike,starts_with,LegalName,549300TD5A75OGU10365,Pan Pacific Pet Limited,Pan Pacific Pet Limited,Abbotsford,CA-BC,CA,Abbotsford,CA,ACTIVE,ISSUED,GENERAL,no,
"3 unlikely (partial name, other country)",,owner,PAXAR FAR EAST,VN,1,both,starts_with,LegalName,5493000TSGUQBY03SS56,PAXAR FAR EAST LIMITED,PAXAR FAR EAST LIMITED,KOWLOON CITY,,HK,WAN CHAI,HK,ACTIVE,ISSUED,GENERAL,no,
"3 unlikely (partial name, other country)",,owner,POWERPLAY BRANDS,PK,1,both,starts_with,LegalName,2549005MV2V6PYJL9Q14,Powerplay Brands Limited,Powerplay Brands Limited,Oldham,,GB,Oldham,GB,ACTIVE,ISSUED,GENERAL,no,
"3 unlikely (partial name, other country)",registration lapsed,owner,S CHEER HK,VN,1,Nike,starts_with,OtherEntityNames.OtherEntityName.1,30030045SBXH1IRXRH73,"S CHEER HK CO., LIMITED",香港创奇贸易有限公司,香港,,HK,香港,HK,ACTIVE,LAPSED,GENERAL,no,
"3 unlikely (partial name, other country)",registration lapsed,owner,SHINSUNG TONGSANG,NI,1,adidas,starts_with,OtherEntityNames.OtherEntityName.1,988400YS47PQL633Z787,"SHINSUNG TONGSANG CO.,LTD.",신성통상 주식회사,Seoul,KR-11,KR,Seoul,KR,ACTIVE,LAPSED,GENERAL,no,
"3 unlikely (partial name, other country)",registration lapsed,owner,STELLA INTERNATIONAL,VN,1,Nike,starts_with,LegalName,549300LWOWMAC512M251,STELLA INTERNATIONAL S.A. S.P.F.,STELLA INTERNATIONAL S.A. S.P.F.,Luxembourg,LU-LU,LU,Luxembourg,LU,ACTIVE,LAPSED,GENERAL,no,
"3 unlikely (partial name, other country)",,owner,STELLA INTERNATIONAL,VN,1,Nike,starts_with,LegalName,549300P4OAC5PKDIP053,STELLA INTERNATIONAL LIMITED,STELLA INTERNATIONAL LIMITED,Port Vila,VU-SEE,VU,Port Vila,VU,ACTIVE,ISSUED,GENERAL,no,
"3 unlikely (partial name, other country)",registration lapsed,owner,SUN HING OPTICAL,CN,1,both,starts_with,LegalName,2549004B8UU76KW6VO33,Sun Hing Optical Manufactory Limited,Sun Hing Optical Manufactory Limited,Hong Kong,,HK,Hong Kong,HK,ACTIVE,LAPSED,GENERAL,no,
"3 unlikely (partial name, other country)",,owner,TORAY INDUSTRIES,CN,1,Nike,starts_with,LegalName,3358006KA9H3R3JHSB09,TORAY INDUSTRIES (INDIA) PRIVATE LIMITED,TORAY INDUSTRIES (INDIA) PRIVATE LIMITED,CHITTOOR,IN-AP,IN,CHITTOOR,IN,ACTIVE,ISSUED,GENERAL,no,
"3 unlikely (partial name, other country)",,owner,TORAY INDUSTRIES,CN,1,Nike,starts_with,OtherEntityNames.OtherEntityName.1,35380099TCYR5FHT0A11,"Toray Industries, Inc.",東レ株式会社,東京都 中央区,,JP,東京都 中央区,JP,ACTIVE,ISSUED,GENERAL,no,
"3 unlikely (partial name, other country)",registration lapsed,owner,TORAY INDUSTRIES,CN,1,Nike,starts_with,OtherEntityNames.OtherEntityName.3,9845000805PN598FE655,Toray Industries Hungary Korlátolt Felelősségű Társaság,LG Toray Hungary Battery Separator Korlátolt Felelősségű Társaság,Nyergesújfalu,HU-KE,HU,Nyergesújfalu,HU,ACTIVE,LAPSED,GENERAL,no,
"3 unlikely (partial name, other country)",registration lapsed,owner,TTI GLOBAL RESOURCES,CN,1,adidas,starts_with,LegalName,549300LSCRI3AAB42O73,TTI Global Resources Hong Kong Limited,TTI Global Resources Hong Kong Limited,Central and Western District,,HK,Central and Western District,HK,ACTIVE,LAPSED,GENERAL,no,
"3 unlikely (partial name, other country)",registration lapsed,owner,UNITED CREATION,CN,1,Nike,starts_with,LegalName,98450004C762I0CE4515,UNITED CREATION PACKAGING SOLUTIONS (JH) SDN. BHD.,UNITED CREATION PACKAGING SOLUTIONS (JH) SDN. BHD.,PETALING JAYA,MY-10,MY,PETALING JAYA,MY,ACTIVE,LAPSED,GENERAL,no,
"3 unlikely (partial name, other country)",registration lapsed,owner,UNIVERSAL APPAREL,TH,1,adidas,starts_with,OtherEntityNames.OtherEntityName.1,254900S8OKQWR6WPZT64,"UNIVERSAL APPAREL PTY LTD, UNIVERSAL LEISURE WEAR PTY LTD",Universal Store Pty Ltd,Brisbane,AU-QLD,AU,Brisbane,AU,ACTIVE,LAPSED,GENERAL,no,
"3 unlikely (partial name, other country)",registration lapsed,owner,UNIVERSAL APPAREL,TH,1,adidas,starts_with,LegalName,549300UJ5GGEZLY6CV20,Universal Apparel & Textile Company,Universal Apparel & Textile Company,Reno,US-NV,US,Portland,US,ACTIVE,LAPSED,GENERAL,no,
"3 unlikely (partial name, other country)",registration lapsed,site,Universal Athletics,DO,1,adidas,starts_with,LegalName,529900OWAE5R4C84N987,Universal Athletics GmbH,Universal Athletics GmbH,Bergheim,DE-NW,DE,Bergheim,DE,ACTIVE,LAPSED,GENERAL,no,
