os_id,name,address_as_recorded,country_code,country,lat,lng,region_key,region_unverified,state_code_boundary,adidas,adidas_list_type,nike_any_list,nike_feb_2024,nike_old_lists_only,current,closed,tier,tier_source,product_junk_values,product_words_as_reported_any_contributor,parent_groups,parent_placeholder,parent_conflict,workers_est_median,shared_point_any_site,wrap_expired_on_record,bsci_expired_on_record,slcp_older_than_2y,vn_region_source
AR201908553Z0N8,TOCCALINO CARLOS JAVIER Y TOCCALINO DANIEL ANTONIO S.H.,"IRIBARNE 960 - LUJAN, BUENOS AIRES, ARGENTINA LUJAN BUENOS AIRES",AR,Argentina,-34.5856541,-59.10838939999999,AR-B,False,AR-B,False,,True,False,True,False,False,Tier 1 (finished goods),Nike labels,0,APPAREL|CONVERSE,,True,False,24.0,False,False,False,False,
AR20190858G1BP6,DER WILL S.A.,ESTEBAN ECHEVERRIA 3250-DON TORCUATO BUENOS AIRES BUENOS AIRES 1611,AR,Argentina,-34.4938049,-58.62727150000001,AR-B,False,AR-B,False,,True,False,True,False,False,unknown,none,0,,,False,False,93.0,False,False,False,False,
AR20190858MZTRS,R. A. INTERTRADING S. A.,JOSE IGNACIO RUCCI 3951 CAPITAL FEDERAL BUENOS AIRES C1439FVQ,AR,Argentina,-34.6764005,-58.4808136,AR-C,False,AR-C,False,,True,True,False,True,False,Tier 1 (finished goods),Nike labels,0,NIKE|APPAREL,RA INTERTRADING,False,False,810.0,True,False,False,False,
AR2019085FYVC55,COOPERATIVA TEXTIL SEUCA LTDA.,LAS HERAS 513 GUAYMALLEN MENDOZA,AR,Argentina,-32.8930597,-68.8184642,AR-M,False,AR-M,False,,True,True,False,True,False,Tier 1 (finished goods),Nike labels,0,APPAREL|CONVERSE,COOPERATIVA TEXTIL SEUCA,True,False,21.0,False,False,False,False,
AR2019085WVET2D,DASS ELDORADO SRL,"ALBERTO BEJAR BARRIOS, 407 ELDORADO MISIONES 30-71008366-1",AR,Argentina,-26.4105281,-54.62153679999999,AR-N,False,AR-N,True,primary,True,True,False,True,False,Tier 1 (finished goods),adidas list,0,NIKE|FOOTWEAR,GRUPO DASS|DASS,False,True,229.5,False,False,False,False,
AR2019098B0G3Q5,TEXTIL SPORT TECH S.A. - 2,"Iturraspe 920,entre Rodriguez Peña y Progreso,Villa Lynch, San Martin,Buenos Aires,Buenos Aires,Argentina",AR,Argentina,-34.5891346,-58.53180219999999,AR-C,False,AR-C,False,,True,False,True,False,False,Tier 1 (finished goods),Nike labels,0,NIKE|APPAREL,SPORT TECH,False,False,125.0,False,False,False,False,
AR2020115FDPYCT,ANDBRAVA SRL,"1650 GENERAL SAN MARTÍN, SAN MARTÍN, BUENOS AIRES, B1650, ARGENTINA",AR,Argentina,-34.5762115,-58.5346738,AR-C,False,AR-C,False,,True,False,True,False,False,unknown,none,0,,,False,False,,False,False,False,False,
AR20220651H1NN1,Loocks Empresarial sa,"SARGENTO CABRAL 1071 VILLA MAIPU, San Martin, Buenos Aires, B1650",AR,Argentina,-34.5562317,-58.52119680000001,AR-C,False,AR-C,False,,True,False,True,False,False,Tier 1 (finished goods),Nike labels,0,CONVERSE|EQUIPMENT,,True,False,7.0,False,False,False,False,
AR2022083NQFR7Y,Der Will S.A.,"Monsenor de Andrea 3333 Villa de Mayo, Buenos Aires, Buenos Aires, 1614",AR,Argentina,-34.4833944,-58.6770977,AR-B,False,AR-B,True,primary,True,True,False,True,False,Tier 1 (finished goods),adidas list,0,NIKE|APPAREL,DER WILL,False,False,222.0,False,False,False,False,
AR2022292BYZWNZ,JD Tex Indumentaria SA,"Iribarne 960, 0, 0, Lujan, Buenos Aires B6702KYB",AR,Argentina,-34.5633312,-59.1208805,AR-B,False,AR-B,False,,True,True,False,True,False,Tier 1 (finished goods),Nike labels,0,,JDTEX INDUMENTARIA,False,False,33.0,False,False,False,False,
AR2023061HPY1V2,RA INTERTRADING SA,"Av. Belgrano 644,Catamarca,Catamarca",AR,Argentina,-28.4602758,-65.77787119999999,AR-K,False,AR-K,True,primary,False,False,False,True,False,Tier 1 (finished goods),adidas list,0,,,False,False,175.0,False,False,False,False,
AR2024132K2BK1N,WILL DER,Suipacha 924 Capital Federal Buenos Aires 1008,AR,Argentina,-34.5974278,-58.3799399,AR-C,False,AR-C,False,,True,True,False,True,False,Tier 1 (finished goods),Nike labels,0,,DER WILL,False,False,135.0,False,False,False,False,
AR20242256VKPP4,RA INTERTRADING SA,"José Ignacio Rucci 3951-55, BUENOS AIRES, Ciudad Autonoma de Buenoas Aires",AR,Argentina,-34.6764005,-58.4808136,AR-C,False,AR-C,True,primary,False,False,False,True,False,Tier 1 (finished goods),adidas list,0,,R A INTERTRADING,False,False,676.0,True,False,False,False,
AR2024225M78HVK,Rocotex SRL,"AREA INDUSTRIAL EL PANTANILLO, RUTA NACIONAL Nº 38 KM 1345, Buenos Aires, Catamarca",AR,Argentina,-27.0763912,-66.9988011,AR-K,False,AR-K,True,primary,False,False,False,True,False,Tier 1 (finished goods),adidas list,0,,,False,False,41.0,False,False,False,False,
AR2025121GE7V66,COOPERSHOES COOPERSTIVA DE TRABALHO E INDÚSTRIA DE CALÇADOS JOANETENSE LTDA- LAS FLORES,"Calle El Molino 134, Sector Industrial Las Flores 7200",AR,Argentina,-36.0141576,-59.0992986,AR-B,False,AR-B,False,,True,True,False,True,False,Tier 1 (finished goods),Nike labels,0,FOOTWEAR|CONVERSE,COOPERSHOES,False,False,280.0,False,False,False,False,
AR2026042N58DH3,Barna Bordados Carlos Vega,"Bernardino Rivadavia 3236, Munro, Buenos Aires",AR,Argentina,-34.523266,-58.52606219999999,AR-B,False,AR-B,True,primary,False,False,False,True,False,Tier 1 (finished goods),adidas list,0,,BARNA ORG,False,False,19.0,False,False,False,False,
BA2019085PD3EFZ,SPORTEK,MILOSA OBLICA KOTOR VAROS BANJA LUKA 78220,BA,Bosnia and Herzegovina,44.6183993,17.3712258,BA-X02~,False,BA-X02~,False,,True,True,False,True,False,Tier 1 (finished goods),Nike labels,0,NIKE|FOOTWEAR,DIAMANT,False,False,1998.0,False,False,False,False,
BD2021333Z34QEZ,Kith Fashion Ltd.,"Plot 8(P) (1st Floor), BFIDC Road, Kalurghat Heavy Industrial Area, Chattogram-4208",BD,Bangladesh,22.3873906,91.86821789999999,BD-B,False,BD-B,True,licensee,False,False,False,True,False,Tier 1 (finished goods),adidas list,0,Pajama Sets|Tank Tops|T-Shirts|Briefs|Boxer Shorts|Under Garments|Children/ Infants Wears|Swimsuits,,False,False,1124.5,False,False,False,True,
BD2026233KH2VHA,Paxar Bangladesh Limited (Main Factory)DBA: Paxar Bangladesh Limited,"Plot # 17-20 & 29-32, DEPZ Old Zone, Savar, Dhaka",BD,Bangladesh,23.9505727,90.2738502,BD-C,False,BD-C,True,wet process,False,False,False,True,False,Tier 2 (materials and processing),adidas list,0,,AVERY DENNISON,False,False,,False,False,False,False,
BG2019085SR2DBD,DELTA TEXTILE BULGARIA LTD.,"44 TUTRAKAN BLVD, Russe, Bulgaria",BG,Bulgaria,44.0386035,26.61951,BG-19,False,BG-19,False,,True,True,False,True,False,Tier 1 (finished goods),Nike labels,0,NIKE|EQUIPMENT|Socks/Hosiery,DELTA|DELTA GALIL INDUSTRIES,False,True,451.0,False,False,False,True,
BR20190831P8Q23,Calcados Ramarim Ltda. (Nova Hartz),Rua Angra Dos Reis 171  B. Das Rosas Nova Hartz – RS Rio Grande do Sul,BR,Brazil,-29.5801516,-50.9011897,BR-RS,False,BR-RS,True,primary,False,False,False,True,False,Tier 1 (finished goods),adidas list,0,,,False,False,2074.0,False,False,False,False,
BR2019083A7QN5D,Calcados Ramarim Ltda. (Sapiranga),Rua General Nascimento Vargas 154  B. São Luiz Sapiranga  Rio Grande do Sul,BR,Brazil,-29.6499658,-51.001269,BR-RS,False,BR-RS,True,primary,False,False,False,True,False,Tier 1 (finished goods),adidas list,0,,CALCADOS RAMARIM LTDA NOVA HARTZ,False,False,174.0,False,False,False,False,
BR2019083FCH0NC,Coopershoes Ltda. (Picada Cafe),Rua Vicente Prieto 3581  Joaneta Picada Café  Rio Grande do Sul,BR,Brazil,-29.45128,-51.103005,BR-RS,False,BR-RS,False,,True,True,False,True,False,Tier 1 (finished goods),Nike labels,2,Handbags)|=IF(ISNUMBER( FIND(Calçados|Bags|#REF!))|Shoes|Shoes|NIKE|FOOTWEAR|Shoes|Footwear|Shoes,AZZAS 2154|COOPERSHOES,False,True,1043.5,False,False,False,False,
BR2019083TCS5GZ,Textil H J Hering Ltda. (Filial  Estamparia),Rua Dr Blumenau 2484 Encano Indaial  Santa Catarina,BR,Brazil,-26.889868,-49.2134602,BR-SC,False,BR-SC,True,primary,False,False,False,True,False,Tier 1 (finished goods),adidas list,0,,TEXTIL H J HERING LTDA MATRIZ|TEXTIL H J HERING LTDA,False,True,401.25,False,False,False,False,
BR2019083W61QMS,WS Calcados Ltda.,Rua Vicente Prieto 8321  Pinhal Alto Nova Petrópolis  Rio Grande do Sul,BR,Brazil,-29.451748,-51.118333,BR-RS,False,BR-RS,False,,True,True,False,True,False,Tier 1 (finished goods),Nike labels,0,FOOTWEAR|CONVERSE,W S CALCADOS,True,False,87.0,False,False,False,False,
BR20190856S16WF,COOPERSHOES - COOPERATIVA DE TRABALHO E INDUSTRIA DE CALÇADOS JOANETENSE LTDA (MORADA NOVA),"AV DO CONTORNO, S/Nº - CE265 MORADA NOVA CEARA 62940000",BR,Brazil,-5.039842999999999,-38.4720709,BR-CE,False,BR-CE,False,,True,False,True,False,False,unknown,none (keyword guess removed),0,,,False,False,1830.5,False,False,False,False,
BR2019085BV6QBV,PETTENATI,"ROD. RSC 453, KM 2,4 CAXIAS DO SUL RIO GRANDE DO SUL 95010.55",BR,Brazil,-29.4920281,-49.86412079999999,BR-RS,False,BR-RS,False,,True,True,False,True,False,Tier 1 (finished goods),Nike labels,0,NIKE|APPAREL,,False,False,605.5,False,False,False,False,
BR2019085CCWCS6,COCALQUI COOPERATIVA DE TRABALHO DA INDÚSTRIA DE CALÇADOS DE QUIXERAMOBIM,"RUA GERALDO BIZARRIA DE CARVALHO, 35 QUIXERAMOBIM CEARÁ 63800-000",BR,Brazil,-5.1831571,-39.2889942,BR-CE,False,BR-CE,True,primary,True,False,True,True,False,Tier 1 (finished goods),adidas list,0,NIKE|FOOTWEAR,ANIGER CALCADOS SUPRIMENTOS E EMPREENDIMENTOS LTDA|ANIGER,False,True,4789.0,False,False,False,False,
BR2019085DVH3KW,ANIGER CALÇADOS SUPRIMENTOS E EMPREENDIMENTOS LTDA,"RUA ARMINDO ELTZ, 51  - QUATRO COLÔNIAS CAMPO BOM – RS RS 93700-000",BR,Brazil,-29.6621907,-51.0358504,BR-RS,False,BR-RS,True,primary,True,True,False,True,False,Tier 1 (finished goods),adidas list,0,NIKE|FOOTWEAR,ANIGER,False,False,430.0,False,False,False,False,
BR2019085E3B2AN,DASS NORDESTE CALÇADOS E ARTIGOS ESPORTIVOS LTDA,"RUA JULIO HAUSER, 1640 - BAIRRO 7 DE SETEMBRO IVOTI RS 93900-000",BR,Brazil,-29.6094259,-51.15975479999999,BR-RS,False,BR-RS,False,,True,True,False,True,False,Tier 1 (finished goods),Nike labels,0,NIKE|FOOTWEAR,DASS,False,False,40.0,False,False,False,False,
BR2019085KJAGET,DASS SUL CALÇADOS E ARTIGOS ESPORTIVOS LTDA,"MARCILIO DIAS, 10 SAUDADES SC 89868-000",BR,Brazil,-26.9284953,-53.00040449999999,BR-SC,False,BR-SC,True,primary,True,True,False,True,False,Tier 1 (finished goods),adidas list,0,NIKE|APPAREL,GRUPO DASS|CLASSICO,False,True,830.5,False,False,False,False,
BR2019085Q71GZV,DASS NORDESTE CALÇADOS E ARTIGOS ESPORTIVOS LTDA.,"RUA PROFESSORA MARIA LIA CELIA VELLAME, S/N SANTO ESTEVÃO BAHIA 44190-000",BR,Brazil,-12.4316382,-39.2461822,BR-BA,False,BR-BA,False,,True,True,False,True,False,Tier 1 (finished goods),Nike labels,0,NIKE|FOOTWEAR,DASS,False,False,3778.0,False,False,False,False,
BR2019085TMZ8CE,DASS NORDESTE  CALÇADOS E ARTIGOS ESPORTIVOS LTDA.,"AV. JURACY MAGALHÃES, 5200 VITÓRIA DA CONQUISTA BAHIA - BA 45023 -490",BR,Brazil,-14.913187,-40.844938,BR-BA,False,BR-BA,True,primary,True,True,False,True,False,Tier 1 (finished goods),adidas list,0,NIKE|FOOTWEAR|NIKE|APPAREL|Footwear,GRUPO DASS|CLASSICO|DASS,False,True,2357.0,False,False,False,False,
BR20190866S308R,P A  MIGUEL E CIA LTDA,"ESTRADA MONJOLO,60, SANTO ANTONIO DA PATRULHA, Rio Grande do Sul",BR,Brazil,-29.7720108,-50.5187496,BR-RS,False,BR-RS,True,primary,False,False,False,True,False,Tier 1 (finished goods),adidas list,0,Shoes|Footwear,,False,False,35.0,False,False,False,False,
BR201914304GBRZ,Ranee Industria e Comercio Ltda. 3 (Campo Erê),"Rua 31 de março, S/N   Campo Ere 89980000 Rio Grande do Sul Brazil",BR,Brazil,-26.3942685,-53.0791648,BR-SC,False,BR-SC,True,primary,False,False,False,True,False,Tier 1 (finished goods),adidas list,0,,GRUPO DASS,False,False,556.0,False,False,False,False,
BR2020053R2ZZ0R,Multicolor Textil Ltda,"Avenue Eduardo Will, 500  Santa Catarina ",BR,Brazil,-27.2423392,-50.2188556,BR-SC,False,BR-SC,True,primary,False,False,False,True,False,Tier 1 (finished goods),adidas list,0,,,False,False,,False,False,False,False,
BR20201200QF4DJ,COOPERSHOES - COOPERATIVA DE TRABALHO E INDUSTRIA DE CALÇADOS JOANETENSE LTDA (GARIBALDI),"RUA JOÃO MISSIAGGIA, 193, CENTRO., GARIBALDI, RIO GRANDE DO SUL, 95720-000, BRAZIL",BR,Brazil,-29.2585127,-51.5175025,BR-RS,False,BR-RS,False,,True,False,True,False,False,Tier 1 (finished goods),Nike labels,0,FOOTWEAR|CONVERSE,COOPERSHOES,False,False,99.0,False,False,False,True,
BR2021139XH69PS,RS/TUPA IND. DE PLASTICO LTDA,"RUA IVO JOHANN, 10, NOVO HAMBURGO, RIO GRANDE DO SUL",BR,Brazil,-29.7049192,-51.10853729999999,BR-RS,False,BR-RS,False,,True,True,False,True,False,Tier 1 (finished goods),Nike labels,0,NIKE|FOOTWEAR,RS TUPA INDUSTRIA DE PLASTICOS,False,False,175.0,False,False,False,False,
BR2021253JPQ54B,Selene Indústria Têxtil S.A.,"Dos Ipés, 1750, Povo Feliz, Tiete",BR,Brazil,-23.0999011,-47.72515480000001,BR-SP,False,BR-SP,True,primary,False,False,False,True,False,Tier 1 (finished goods),adidas list,0,Apparel|Garments,SELENE ORG,False,False,147.0,False,False,False,False,
BR2021260KSF3FE,"ANIGER - CALCADOS, SUPRIMENTOS E EMPREENDIMENTOS LTDA.","R GERALDO BIZARRIA DE CARVALHO, 22, A - Quixeramobim, CE",BR,Brazil,-5.1832742,-39.2887385,BR-CE,False,BR-CE,True,primary,False,False,False,True,False,Tier 1 (finished goods),adidas list,0,,,False,False,727.0,False,False,False,False,
BR20212948W3VAM,PAXAR DO BRASIL LTDA,"Rua Business Park, 97, galpões 6 e 8, Itoupava Central, Blumenau/SC, Brasil, CEP 89065-140",BR,Brazil,-26.7974446,-49.1010843,BR-SC,False,BR-SC,True,wet process,False,False,False,True,False,Tier 2 (materials and processing),adidas list,0,Component|PACKAGE,AVERY DENNISON,False,False,,False,False,False,False,
BR20220650XDXYA,Coopershoes (Aruaru),"Rodovia CE 138 sn, Morada Nova, Ceará, 62940-000",BR,Brazil,-5.1067893,-38.3751091,BR-CE,False,BR-CE,False,,True,False,True,False,False,Tier 1 (finished goods),Nike labels,0,FOOTWEAR|CONVERSE,COOPERSHOES,False,False,0.0,False,False,False,False,
BR2022084AB52CE,D MIGUEL & CIA LTDA,"TV SEM DENOMINACAO DA ESTRADA SERGIO LUCKMANN, 100 - LOCALIDADE DE EVARISTO, Santo Antonio da Patrulha, Rio Grande do Sul, 95500-000",BR,Brazil,-29.83101559999999,-50.5236775,BR-RS,False,BR-RS,True,primary,False,False,False,True,False,Tier 1 (finished goods),adidas list,0,Shoes|Footwear|Shoes|Footwear,,False,False,39.0,False,False,False,False,
BR20221871KD8G3,COCALQUI,"Avenida José Gonçalves Pinheiro, 155, Edmilson Correira de Vasconcelos,Quixeramobim, Ceará, 63800-000",BR,Brazil,-5.1950144,-39.2825614,BR-CE,False,BR-CE,False,,True,True,False,True,False,Tier 1 (finished goods),Nike labels,0,Footwear,ANIGER CALCADOS SUPRIMENTOS E EMPREENDIMENTOS LTDA|ANIGER,False,True,4905.0,False,False,False,False,
BR202230072YTA8,Ranee Industria e Comércio LTDA (São Carlos),"AVENIDA PRESIDENTE KENNEDY,  Nº 1161, SÃO CARLOS, Santa Catarina",BR,Brazil,-27.083542,-52.9975439,BR-SC,False,BR-SC,True,primary,False,False,False,True,False,Tier 1 (finished goods),adidas list,0,,DASS SUL CALCADOS E ARTIGOS ESPORTIVOS LTDA SAUDADES,False,False,237.0,False,False,False,False,
BR2022300B2857Y,Savoy Indústria de Cosméticos S.A.,"Rua Contorno Oeste, SN, Quadra 01 / Lote 01/16 / Módulo 01, Polo Coureiro, Senador Canedo, Goias",BR,Brazil,-16.7277651,-49.1444601,BR-GO,False,BR-GO,True,licensee,False,False,False,True,False,Tier 1 (finished goods),adidas list,0,,COTY BV,False,False,1156.0,False,False,False,False,
BR2023011SZ8T6X,Selene,"R. do Velho Ramal, 490- po box 18, Cerquilho",BR,Brazil,-23.1480563,-47.7386007,BR-SP,False,BR-SP,True,primary,False,False,False,True,False,Tier 1 (finished goods),adidas list,0,Cut Make Trim (CMT)|swimwear|underwear|socks|Apparel|Garments|Clothes| Clothes|swimwear|underwear|socks,SELENE ORG|SELENE INDUSTRIA TEXTIL S A|AZZAS 2154,False,True,1865.5,False,False,False,False,
BR2023073Y8FSQA,TECNOTEXTIL CONFECCOES LTDA,"RUA ESTRADA MUNICIPAL, KM01,TRES PONTAS,Minas Gerais",BR,Brazil,-21.367353,-45.5127072,BR-MG,False,BR-MG,True,primary,False,False,False,True,False,Tier 1 (finished goods),adidas list,0,,,False,False,705.0,False,False,False,False,
BR2023090HQYN76,Coopershoes Morada Nova,"Street Vereador Paulo Rabelo de Brito, 2065, Distrito Industrial, CE, ZP: 62940-000",BR,Brazil,-5.0662102,-38.3587174,BR-CE,False,BR-CE,False,,True,True,False,True,False,Tier 1 (finished goods),Nike labels,0,,COOPERSHOES,False,False,4128.0,False,False,False,False,
BR2023198KG5RV8,ATELIER DE CALCADOS RESIL LTDA,"RUA CRISTOVAO COLOMBO,888,CENTRO,ROLANTE,Rio Grande do Sul",BR,Brazil,-29.6490435,-50.56818209999999,BR-RS,False,BR-RS,True,primary,False,False,False,True,False,Tier 1 (finished goods),adidas list,0,,,False,False,41.0,False,False,False,False,
BR2023198WAEX53,LABELLA ATELIER DE CALÇADOS LTDA,"RUA ADRIANO DE QUADROS BITTENCOURT,1388,BAIRRO RINCÃO DOS ILHEUS,ESTANCIA VELHA,Rio Grande do Sul",BR,Brazil,-29.6567541,-51.1495068,BR-RS,False,BR-RS,True,primary,False,False,False,True,False,Tier 1 (finished goods),adidas list,0,,,False,False,33.0,False,False,False,False,
BR202326526Q5DS,Dass Nordeste Calçados e Artigos Esportivos S.A - Itapipoca,"Rua da Universidade, 406, Itapipoca, Ceara",BR,Brazil,-3.490179,-39.5677182,BR-CE,False,BR-CE,True,primary,False,False,False,True,False,Tier 1 (finished goods),adidas list,0,,GRUPO DASS,False,False,3346.5,False,False,False,False,
BR2023325C6PBWM,DASS PRINT,"R. Marcílio Dias - Centro, Saudades - SC, 89868-000, Brazil",BR,Brazil,-26.9270214,-52.9998985,BR-SC,False,BR-SC,True,primary,False,False,False,True,False,Tier 1 (finished goods),adidas list,0,,GRUPO DASS,False,False,166.0,False,False,False,False,
BR20240663VZG2Q,Cooperativa de Trabalho da Indústria de Calçados de Quixeramobim Ltda - São Miguel,"Vila dos Amancios 01,Quixeramobim,Ceara",BR,Brazil,-5.1982962,-39.2955312,BR-CE,False,BR-CE,True,primary,False,False,False,True,False,Tier 1 (finished goods),adidas list,0,,ANIGER CALCADOS SUPRIMENTOS E EMPREENDIMENTOS LTDA,False,False,335.0,False,False,False,False,
BR2024132TGK9HS,TOPSHOES IND CALCADOS SA,RODOVIA CE 377 SN QUIXERE Ceará 62920000,BR,Brazil,-5.1652751,-37.9446971,BR-CE,False,BR-CE,False,,True,True,False,True,False,Tier 1 (finished goods),Nike labels,0,,COOPERSHOES,False,False,988.5,False,False,False,False,
BR20242254ZA8E8,Dass Nordeste Calçados e Artigos Esportivos S/A - Assunção,"Comunidade Matinhas, S/N - Assunção, Itapipoca",BR,Brazil,-3.5698927,-39.6500577,BR-CE,False,BR-CE,True,primary,False,False,False,True,False,Tier 1 (finished goods),adidas list,0,,GRUPO DASS,False,False,301.0,False,False,False,False,
BR2024227YX2EK5,TÊXTIL H.J. HERING LTDA,"Rua Rio de Janeiro, 965, Estados 89086-723 - Indaial/SC",BR,Brazil,-26.901503,-49.223052,BR-SC,False,BR-SC,True,primary,True,True,False,True,False,Tier 1 (finished goods),adidas list,0,NIKE|APPAREL,TEXTIL H J HERING,False,False,301.0,False,False,False,False,
BR2025071QC4HTQ,CPS Sustainable Production Company,"10520 Av. Dr Mendel Steinbruch 61939-210, Ceara, Brazil, maracanau",BR,Brazil,-3.8528477,-38.5880111,BR-CE,False,BR-CE,True,licensee,False,False,False,True,False,Tier 1 (finished goods),adidas list,0,,,False,False,1069.0,False,False,False,False,
BR2025071XWE7D0,"OLIMPYC INDUSTRIA, COMERCIO E BENEFICIAMENTO DE CALÇADOS EIRELI","RUA MARIO QUINTANA, 100, Bela Vista, ESTANCIA VELHA, Rio Grande do Sul",BR,Brazil,-29.6612059,-51.1861501,BR-RS,False,BR-RS,True,primary,False,False,False,True,False,Tier 1 (finished goods),adidas list,0,,,False,False,57.0,False,False,False,False,
BR20250728DHXZ8,Pettenati S.A. Ind. Textil - Matriz Confeccoes,"Rsc 453 - Km 2400'Distrito Industrial, Caxias Do Sul, Rio Grande Do Sul",BR,Brazil,-29.1762526,-51.221037,BR-RS,False,BR-RS,True,primary,False,False,False,True,False,Tier 1 (finished goods),adidas list,0,,PETTENATI S A IND TEXTIL,False,False,646.0,False,False,False,False,
BR2025304WCTJZQ,Dass Nordeste Calcados e Artigos Esportivos - Iguai,"Rua Eudes Batista, 01 - Ba-262 Bairro Genesio Mota, Iguai, Brazil",BR,Brazil,-14.7609672,-40.0924503,BR-BA,False,BR-BA,True,primary,False,False,False,True,False,Tier 1 (finished goods),adidas list,0,,DASS NORDESTE CALCADOS E ARTIGOS ESPORTIVOS S A,False,False,604.5,False,False,False,False,
BR20260425NCTGM,Sewtech Industria e Comercion Ltda - Monsenhor Paulo,"R. Otto Santiago Pereira, 150, Monsenhor Paulo, Minas Gerais",BR,Brazil,-21.7657717,-45.54916009999999,BR-MG,False,BR-MG,True,primary,False,False,False,True,False,Tier 1 (finished goods),adidas list,0,,TECNOTEXTIL CONFECCOES LTDA,False,False,58.0,False,False,False,False,
CA2019085E5WF1W,IMPRESSIONS CASEE INC.,"9500 RUE MEILLEUR, SUTE 130 MONTREAL QUEBEC H2N 2B7",CA,Canada,45.53797580000001,-73.6580767,CA-QC,False,CA-QC,False,,True,False,True,False,False,unknown,none,0,,,False,False,4.0,False,False,False,False,
CA2019098GF4ZQT,S&P Apparel Inc,"1237 Industrial Boulevard,Granby,Quebec,Canada",CA,Canada,45.3743882,-72.77598019999999,CA-QC,False,CA-QC,False,,True,False,True,False,False,Tier 1 (finished goods),Nike labels,0,NIKE|APPAREL,SP APPAREL,False,False,155.0,False,False,False,False,
CA2019143XXGZAB,Rair T & Co Inc.,3570 Griffith    Ville St Laurent  H4T 1A7 Quebec Canada,CA,Canada,45.4862349,-73.696426,CA-QC,False,CA-QC,True,primary,False,False,False,True,False,Tier 1 (finished goods),adidas list,0,,,False,False,28.75,False,False,False,False,
CA20240660PJ73A,SP Apparel Inc,"6935 Picard St,St Hyacinthe,St Hyacinthe,Quebec",CA,Canada,45.632742,-72.994375,CA-QC,False,CA-QC,False,,True,True,False,True,False,Tier 1 (finished goods),Nike labels,0,,,False,False,255.0,False,False,False,False,
CN20190831Q9JJD,"Jiangsu Xuezhongfei Garment Co., Ltd.",Kangbo Avenue  Kangbo Village Guli Town Changshu Jiangsu,CN,China,31.632746,120.842203,CN-JS,False,CN-JS,True,primary,False,False,False,True,False,Tier 1 (finished goods),adidas list,0,,ATG BRANDS AND DATA|CHANGSHU BOSIDENG IMPORT AND EXPORT,False,True,750.5,False,False,False,False,
CN20190835QZMTH,Ye Ji Industrial Co Ltd Of Dongguan,"Lang Bei Guan Li Qu, Chang Ping Zhen Dongguan Guangdong",CN,China,23.064813,113.87443,CN-GD,False,CN-GD,False,,True,False,True,False,False,unknown,none,0,,,False,False,,False,False,False,False,
CN2019083741E79,"Spider King Group Shoes Co., Ltd.",No. A-888 Sunao Road Feiyun New Park RUIAN Zhejiang,CN,China,27.7677121,120.617318,CN-ZJ,False,CN-ZJ,True,licensee,False,False,False,True,False,Tier 1 (finished goods),adidas list,0,,,False,False,372.0,False,False,False,False,
CN201908380QE9Y,Eagle Nice(YiFeng) Garments Co. Ltd.,"No.76 Gongzhang Road,Yifeng",CN,China,28.3762793,114.8444713,CN-JX,False,CN-JX,False,,True,True,False,True,False,Tier 1 (finished goods),Nike labels,0,NIKE|APPAREL,EAGLE NICE,False,False,1963.0,False,False,False,False,
CN201908391VKKK,ZHEJIANG MIZUDA TEXTILE PRINTING&DYEING,No.288 Tianziwei Road  Huzhou City Zhejiang  China  Huzhou   313000 Huzhou,CN,China,30.889938,120.127813,CN-ZJ,False,CN-ZJ,False,,True,False,True,False,False,Tier 2 (materials and processing),Nike labels,0,Fibre - Viscose|Fabric - Non-Woven|Fabric - Woven|Woven Fabrics|Fabric|Weaving|Fabric Mill,MIZUDA,False,False,250.5,False,False,False,False,
CN20190839CTGX4,Shanghai Weijie Garment Co. Ltd,"1228 Huiping Road,Nanxiang Jiading",CN,China,31.30715799999999,121.2795467,CN-SH,False,CN-SH,True,primary,False,False,False,True,False,Tier 1 (finished goods),adidas list,0,Accessories|Accessories|Caps | Hats|Accessories|Accessories,SHANGHAI PACIFIC HEADWEAR MFG|ASIAN SOURCING INTERNATIONAL|ASI GLOBAL,False,True,438.0,False,True,False,False,
CN2019083B1PMDB,Zhejiang Huizhong Garment (SC China),"No.123,Cheng Gong Road,Huiming Street,Jiashan",CN,China,30.87003,120.973589,CN-ZJ,False,CN-ZJ,True,primary,False,False,False,True,False,Tier 1 (finished goods),adidas list,0,,SPORTS CITY INTERNATIONAL|SINTEX INTERNATIONAL,False,True,438.5,False,False,False,False,
CN2019083BMFS6N,Taian Jinhui Apparels Co Ltd,Zhuyang Town Daiyue District  Taian Shandong,CN,China,35.326806,118.464286,CN-SD,False,CN-SD,True,primary,False,False,False,True,False,Tier 1 (finished goods),adidas list,0, Non-fur apparel,B CAVE|SHANDONG DAIYIN TEXTILE SHARE|POETIC GEM|POETIC GEM PDS,False,True,239.0,False,False,False,False,
CN2019083CS0EQJ,FAR EASTERN APPARAL (SUZHOU) LTD. CO,"#88 TIANLING ROAD WUZHONG DEVELOPMENT DISTRICT, SUZHOU, JIANGSU, 215128, CHINA",CN,China,31.244928,120.641156,CN-JS,False,CN-JS,False,,True,True,False,True,False,Tier 1 (finished goods),Nike labels,0,NIKE|APPAREL|Accessories,FE NEW CENTURY INDUSTRY SINGAPORE PTE|FAR EASTERN|FAR EASTERN APPAREL SUZHOU|FAR EASTERN NEW CENTURY,False,True,300.5,False,False,False,False,
CN2019083ECJE35,Jilin Province Northeast Socks Industry Park Hosiery Knitting Co Ltd,Building E4-2 Northeast Socks Textile Industry Park Economic Development Zone Liaoyuan City Jilin 136200,CN,China,42.8879245,125.1435053,CN-JL,False,CN-JL,True,licensee,False,False,False,True,False,Tier 1 (finished goods),adidas list,0,,JILIN NORTHEAST SOCKS TEXTILE INDUSTRIAL PARK DEVELOPMENT,False,False,458.5,False,True,False,False,
CN2019083EKPDGW,"Toray Sakai Weaving & Dyeing (Nantong)Co., Ltd","NO.301 RUIXING ROAD, ECONOMIC & TECHNOLOGICAL DEVELOPMENT ZONE, NANTONG, JIANGSU, CHINA",CN,China,31.91005,120.93428,CN-JS,False,CN-JS,False,,True,True,False,True,False,Tier 2 (materials and processing),Nike labels,0,APPAREL TEXTILES|AIRBAG FABRICS AND ULTRASUEDE FABRICS|NIKE|APPAREL|MATERIALS|Materials Manufacturing|Fabric,TORAY INDUSTRIES|JIAXING DEYONG TEXTILES TORAY INTERNATIONAL CHINA|TORAY|TORAY INTERNATIONAL,False,True,1500.5,False,False,False,False,
CN2019083JFKHT7,"Ningbo Shenzhou Knitting Co., Ltd.","No.18 Yongjiang Road, Economic Technical Development Zone, Ningbo, China",CN,China,29.892693,121.841916,CN-ZJ,False,CN-ZJ,True,primary,True,True,False,True,False,Tier 1 (finished goods),adidas list,0,NIKE|APPAREL|MATERIALS|knit apparel|Knits,BUDDIES MACAO COMMERCIAL OFFSHORE|SHENZHOU INTERNATIONAL|MASTER|SHENZHOU,False,True,3000.5,False,False,False,False,
CN2019083JNMWTS,Jiangsu Asian Sourcing Headwear Mfg. Co. Ltd.,"No. 2, South Guangzhou Road Economic & Technology Development Zone, Huai An City, Jiangsu Province, 223005",CN,China,33.58598,119.1135,CN-JS,False,CN-JS,True,primary,True,True,False,True,False,Tier 1 (finished goods),adidas list,3,Accessories|Accessories|Accessories|Tabelle1[name]|=_xlfn.XLOOKUP(B34|Tabelle1[sector_product_type])|Accessories|Headwear|Accessories|NIKE|APPAREL|Hats|Wovens|Hats|Hats|Wovens,ASIAN SOURCING INTERNATIONAL|ASI GLOBAL|JIANG SU ASIAN SOURCING HEADWEAR MFG|ASIAN SOURCING HEADWEAR|NC ACCESSORIES,False,True,1170.0,False,True,False,False,
CN2019083PKWG85,"Guangzhou Evervan Footwear Co., Ltd.",No. 300 Shisha Road Shijing Town  Baiyun District GuangZhou Guangdong,CN,China,23.2121107,113.2301337,CN-GD,False,CN-GD,True,primary,False,False,False,True,False,Tier 1 (finished goods),adidas list,0,,,False,False,981.5,False,False,False,False,
CN2019083Q81WSX,Dong Guan Best Pacific Textile Ltd.,"Jingang Road, Xinsha Port Instustrial Zone, Machong Town, Dongguan City, Gunagdong, China",CN,China,27.910625,113.692921,CN-HN,False,CN-HN,True,wet process,False,False,False,True,False,Tier 2 (materials and processing),adidas list,0,Raw Material|Raw Material|Textile manufacturing,BEST PACIFIC TEXTILE|BEST PACIFIC|HOP YICK BANGLADESH 1,False,True,750.5,False,False,False,False,
CN2019083TGYQ07,"Hubei Sunsmile Footwear Co., Ltd.",No. 6 Shenzhen Avenue  Shenzhen Industrial Zone Xiangyang Economy Technology Development Zone XiangYang Hubei,CN,China,32.1320946,112.2610126,CN-HB,False,CN-HB,False,,True,False,True,False,False,Tier 1 (finished goods),Nike labels,0,FOOTWEAR|CONVERSE,FULGENTSUN|FJ,False,True,964.0,False,False,False,False,
CN2019083TM0MKX,"LECROWN SHOES INDUSTRY CO.,LTD","690 LIHUAXI AVENUE, HUATING TOWN CHENGXIANG DISTRICT, PUTIAN, Fujian",CN,China,25.382107,118.893707,CN-FJ,False,CN-FJ,True,primary,False,False,False,True,False,Tier 1 (finished goods),adidas list,0,,,False,False,1075.5,True,False,False,True,
CN201908503T5ZB,Regina Miracle Intimate Apparel (Shenzhen) Ltd.,"No. 5 Cengyao Industrial Estate, Yulu, Gongming, Guangming New District, Shenzhen Shenzhen",CN,China,22.763872,113.940897,CN-GD,False,CN-GD,False,,True,True,False,True,False,Tier 1 (finished goods),Nike labels,0,NIKE|APPAREL|Apparel|Apparel|FABRIC,REGINA MIRACLE|REGINA MIRACLE INTERNATIONAL,False,True,1613.0,False,False,False,False,
CN20190850AVKCE,NINGBO SHENZHOU KNITTING CO. LTD. (PRINTING MILL & MC),NO.636 FUCHUNJIANG ROAD NINGBO ZHEJIANG 315800,CN,China,29.932036,121.802281,CN-ZJ,False,CN-ZJ,False,,True,True,False,True,False,Tier 1 (finished goods),Nike labels,0,NIKE|APPAREL,SHENZHOU|NINGBO SHENZHOU KNITTING,False,True,619.5,False,False,False,False,
CN201908516F1VW,"ZHANGJIAJIE EXCELLENCE SPORT PRODUCTS CO., LTD.","BUILDING NO1.2.3 QILONGGANG INDUSTRIAL ZONE, CILI COUNTRY INDUSTRIAL PARK ZHANGJIAJIE HUNAN 427200",CN,China,29.4226487,111.1263146,CN-HN,False,CN-HN,False,,True,True,False,True,False,Tier 1 (finished goods),Nike labels,0,NIKE|EQUIPMENT,ALPUS,False,False,253.0,False,False,False,False,
CN201908527SHA7,"HAIYAN GOLDEN GATE SOCKS INDUSTRY CO., LTD","TONG YUAN TOWN, ZHANG QIAO VILLAGE HAIYAN ZHEJIANG ",CN,China,30.500652,120.793788,CN-ZJ,False,CN-ZJ,False,,True,True,False,True,False,Tier 1 (finished goods),Nike labels,0,NIKE|EQUIPMENT,HAIYAN,True,False,65.0,False,False,False,False,
CN20190852HGH1Z,"BOU JIN (YANGZHOU) GARMENTS CO., LTD","NO. 1, BAO YUEN RD., YUEYUEN INDUSTRIAL PARK, YANGZHOU YANGZHOU JIANGSU 225000",CN,China,32.3937202,119.4125005,CN-JS,False,CN-JS,False,,True,False,True,False,False,unknown,none,0,,,False,False,838.0,False,False,False,False,
CN20190852Z42M5,"JIANGSU JINHUBAO GARMENT CO., LTD","LIDIAN TOWN, HANJIANG DISTRICT YANGZHOU JIANGSU 225106",CN,China,32.3177884,119.5764627,CN-JS,False,CN-JS,False,,True,True,False,True,False,Tier 1 (finished goods),Nike labels,0,Woven Garments|APPAREL|CONVERSE,DECOR,False,False,141.0,False,False,False,False,
CN201908536BE0C,HONWAYS APPAREL (SHUYANG) LIMITED,"NO. 6, JIAXING ROAD EAST, SHUYANG ECONOMIC DEV ZONE JIANGSU PROVINCE JIANGSU 223600",CN,China,34.1304774,118.8258705,CN-JS,False,CN-JS,False,,True,True,False,True,False,Tier 1 (finished goods),Nike labels,0,Apparel|NIKE|APPAREL|Apparel|Apparel ,HONSIN|HONWAYS INTERNATIONAL|PROLEXUS BERHAD,False,True,479.0,False,True,False,False,
CN20190853C7WJE,SUZHOU TAIWAY APPAREL PTE LTD,"1280 JINFENG ROAD MUDU TOWN, WUZHONG SECTION JIANGSU 215101",CN,China,31.29530979999999,120.528511,CN-JS,False,CN-JS,False,,True,False,True,False,False,Tier 1 (finished goods),Nike labels,0,NIKE|APPAREL,TAI WAH,False,False,517.0,False,False,False,True,
CN20190853KEAXN,PINGXIANG CITY GUANGXUAN FOOTWEAR CO. LTD.,"ZHUTING INDUSTRIAL ZONE, XUANFENG TOWN, LUXI COUNTY PINGXIANG CITY, PINGXIANG JIANGXI 337000",CN,China,27.691424,114.133024,CN-JX,False,CN-JX,False,,True,True,False,True,False,Tier 1 (finished goods),Nike labels,0,NIKE|FOOTWEAR,SHOETOWN,False,False,842.0,False,False,False,False,
CN20190853SSMK6,"ZHUJI HENGTAI KNITTING & TEXTILE CO., LTD.","NO. 10, TIANYUAN WEST ROAD, CAOTA ZHUJI ZHEJIANG 311812",CN,China,29.688248,120.119979,CN-ZJ,False,CN-ZJ,False,,True,True,False,True,False,Tier 1 (finished goods),Nike labels,0,NIKE|EQUIPMENT,DELTA,False,False,149.0,False,True,False,False,
CN20190854BXEJP,"DONG GUAN GOLDENPRENE SPORTING GOODS CO., LTD.","(GUANG DER CORPORATION LTD /SUMMITOP INDUSTRIAL) LIAOBU TOWN, DONGGUAN GUANGDONG 523405",CN,China,22.99732,113.87497,CN-GD,False,CN-GD,False,,True,True,False,True,False,Tier 1 (finished goods),Nike labels,0,NIKE|EQUIPMENT|Accessories|Hardgoods,GUANG DER|SUMMITOP HK IDUSTRIAL|SUMMITOP HK INDUSTRIAL,False,True,921.0,False,False,False,False,
CN20190854SAW9P,"LONGCHUAN SOMONA FOOTWEAR CO.,LTD WUHUA BRANCH",SHUIZHAI INDUSTRY GARDEN MEIZHOU GUANGDONG 514400,CN,China,23.9397461,115.7627355,CN-GD,False,CN-GD,False,,True,True,False,True,False,Tier 1 (finished goods),Nike labels,0,NIKE|FOOTWEAR,STELLA,False,False,882.0,False,False,False,False,
CN20190854TEM0A,NINGBO BELL GARMENT INDUSTRIAL CO. LTD,"NO 422, JIANGHU ROAD, JIANGBEI INVESTMENT ZONE C NINGBO ZHEJIANG 315033",CN,China,29.944835,121.477396,CN-ZJ,False,CN-ZJ,False,,True,True,False,True,False,Tier 1 (finished goods),Nike labels,0,NIKE|APPAREL,NINGBO BELL,True,False,126.0,False,False,False,False,
CN20190854XNCP2,GOLD LONG JOHN CHINA,"NO. 95, GAOPING AVE.  ZHONGSHAN GUANGDONG 528400",CN,China,22.692668,113.464936,CN-GD,False,CN-GD,True,wet process,True,True,False,True,False,Tier 2 (materials and processing),adidas list,0,FOOTWEAR|NIKE|MATERIALS,JADE LONG JOHN|GOLD LONG JOHN,False,True,241.0,False,False,False,False,
CN201908550ZCWP,SHAOYANG LIANTAI (SQ) HANSHOU UPPER FACILITY,"HANSHOU INDUSTRIAL PARK, TAIZIMIAO TOWN, HANSHOU COUNTY CHANDE CITY HUNAN 415907",CN,China,28.7662307,111.9558564,CN-HN,False,CN-HN,False,,True,True,False,True,False,Tier 1 (finished goods),Nike labels,0,NIKE|FOOTWEAR,STELLA,False,False,954.0,False,False,False,False,
CN201908566S4N8,Prime Asia China Leather Corporation,"No.3, Yueyuen 2Nd Rd., Yueyuen Industrial Park, Huangjiang Town, Dongguan, Guangdong, 523750",CN,China,22.915278,114.003561,CN-GD,False,CN-GD,True,wet process,True,True,False,True,False,Tier 2 (materials and processing),adidas list,0,Raw Material|FOOTWEAR|NIKE|MATERIALS,PRIME ASIA LEATHER|PRIME ASIA,False,True,750.5,True,False,False,False,
CN20190856G05MS,"JIANGXI GUANGYOU SHOETOWN FOOTWEAR CO., LTD.","ZHANQIAN ROAD, XIANGTANG TOWN NANCHANG COUNTY NANCHANG CITY JIANGXI PROVINCE 330201",CN,China,28.4411358,115.9553592,CN-JX,False,CN-JX,False,,True,True,False,True,False,Tier 1 (finished goods),Nike labels,0,NIKE|FOOTWEAR,SHOETOWN,False,False,1722.0,False,False,False,False,
CN20190856K66XC,"JIAXING KANAAN BAG R&D CO.,LTD","QIXING INDUSTRIAL ZONE, XIUCHENG JIAXIANG ZHEJIANG 314002",CN,China,30.8021748,120.8250787,CN-ZJ,False,CN-ZJ,False,,True,True,False,True,False,Tier 1 (finished goods),Nike labels,0,NIKE|EQUIPMENT,KANAAN,False,False,128.0,False,False,False,False,
CN20190856PB8JB,"THE HADDAD APPAREL WUXI, CO., LTD","FLOOR 4, NO. 28-19, NANHU CENTER ROAD WUXI JIANGSU N/A",CN,China,31.43622,120.273057,CN-JS,False,CN-JS,False,,True,True,False,True,False,Tier 1 (finished goods),Nike labels,0,NIKE|APPAREL,HADDAD,True,False,60.0,False,False,False,False,
CN201908579W8KH,"JIANGSU HONGBAO SPORTING GOODS CO., LTD","Street address：No.3 Building Shangshui Industrial Park, Yanhuang Road, City：Lianshui District, Huai'an ，Province：Jiangsu Zip/Postal Code：223400 Country：China",CN,China,33.78839,119.25958,CN-JS,False,CN-JS,False,,True,True,False,True,False,Tier 1 (finished goods),Nike labels,0,NIKE|EQUIPMENT| Laminated balls| Machine stitching balls ,YEGIN,False,False,366.0,False,False,False,False,
CN20190857EC9N9,Ramatex Industrial (Suzhou) Ltd.,"88 SU HONG XI LU, SUZHOU INDUSTRIAL PARK SUZHOU JIANGSU 215021 - China",CN,China,31.3278653,120.6724915,CN-JS,False,CN-JS,False,,True,True,False,True,False,Tier 1 (finished goods),Nike labels,0,NIKE|APPAREL|NIKE|APPAREL|MATERIALS,TAI WAH|RAMATEX,False,True,704.0,False,False,False,False,
CN20190857GWSG6,SHAOYANG STELLA FOOTWEAR COMPANY LIMITED,JIXIAN ROAD SHAOYANG CITY HUNAN 422000,CN,China,27.2280656,111.4589472,CN-HN,False,CN-HN,False,,True,True,False,True,False,Tier 1 (finished goods),Nike labels,0,NIKE|FOOTWEAR|NIKE|FOOTWEAR,STELLA,False,False,4583.0,False,False,False,False,
CN20190857M6A6V,HUA FENG TEXTILE GROUP,"HUANGSHI INDUSTRIAL ZONE, PUTIAN CITY, FUJIAN CHINA PUTIAN FUJIAN 351144",CN,China,25.367633,119.078764,CN-FJ,False,CN-FJ,False,,True,False,True,False,False,unknown,none,0,,,False,False,106.0,False,False,False,False,
CN20190858DG2VC,"SUNNY JET HOSIERY CO., LIMITED","NO. 9 LONGQUAN ROAD,GUANGLING INDUSTRY ZONE YANGZHOU JIANGSU 225003",CN,China,32.3671853,119.4998793,CN-JS,False,CN-JS,False,,True,True,False,True,False,Tier 1 (finished goods),Nike labels,0,Textile|Textile|Textile|NIKE|APPAREL|ACCESSORIES,SUNNY JET TEXTILES|SUNNY JET|BELLVIEW PTY|SUNNY JET TEXTILES PTE,True,True,269.5,False,False,False,False,
CN20190859TJVME,NINGBO EASTEX,"NO. 218, SHUN TAI ROAD, ZHENHAI DISTRICT NINGBO ZHEJIANG 32151",CN,China,29.967534,121.648828,CN-ZJ,False,CN-ZJ,False,,True,True,False,True,False,Tier 1 (finished goods),Nike labels,0,NIKE|APPAREL,,True,False,180.0,False,False,False,False,
CN2019085ABQBQR,"XINCHANG SHOES CO.,LTD",HUAFENG INDUSTRY GARDEN XINNING GUANGDONG 510000,CN,China,23.2159405,113.2931741,CN-GD,False,CN-GD,False,,True,True,False,True,False,Tier 1 (finished goods),Nike labels,0,NIKE|FOOTWEAR,DEAN SHOES,False,False,4571.0,False,False,False,False,
CN2019085AH4M0X,"YANGZHOU BAOYI  SHOES MANUFACTURING CO.,LTD.","NO,168 YUYUAN ROAD,YUYUAN INDUSTRIAL PARK,YANGZHOU ECONOMIC AND TECHNICAL DEVELOPMENT ZONE,JIANGSU P YANG ZHOU JIANGSU 225009",CN,China,32.394209,119.412939,CN-JS,False,CN-JS,False,,True,False,True,False,False,Tier 1 (finished goods),Nike labels,0,CONVERSE|FOOTWEAR,LAI YIH,False,False,2062.0,False,False,False,False,
CN2019085ASBD27,TIONG LIONG (CHINA),HONG KUAN INDUSTRY VILLAGE FUQING CITY FUJIAN 350300,CN,China,25.7202946,119.3840655,CN-FJ,False,CN-FJ,False,,True,False,True,False,False,unknown,none,0,NIKE|FOOTWEAR|MATERIALS,NAM LIONG,False,False,58.0,False,False,False,False,
CN2019085B1YC00,"SHENZHEN PENGYIFA INDUSTRIAL CO, LTD","2ND FLOOR, BUILDING A, B5, 1ST INDUSTRIAL RD, BAHUADONG, SHENZHEN GUANGMING DISTRICT GUANGDONG 518107",CN,China,22.7630783,113.9456757,CN-GD,False,CN-GD,True,primary,True,True,False,True,False,Tier 1 (finished goods),adidas list,0,NIKE|APPAREL,CHAMPION SPORTS|SHENZHEN PENGYIFA,True,True,44.0,False,False,False,False,
CN2019085BA6X35,"NINGBO HUAYAO TEXTILE CO.,LTD","NO.888 TINGHAI ROAD, CHUNXIAO INDUSTRIAL PARK, BEILUN DISTRICT NINGBO ZHEJIANG 315830",CN,China,29.7431375,121.8837109,CN-ZJ,False,CN-ZJ,False,,True,True,False,True,False,Tier 1 (finished goods),Nike labels,0,NIKE|APPAREL,SHENZHOU,True,False,620.0,False,False,False,False,
CN2019085BGR805,EVEREST TEXTILE CHINA,"NO.197 BAISHA ROAD, XINGHUO DEVELOPMENT ZONE, FENGXIAN SHANGHAI SHANGHAI 201419",CN,China,30.852457,121.53578,CN-SH,False,CN-SH,False,,True,True,False,True,False,Tier 2 (materials and processing),Nike labels,0,NIKE|APPAREL|MATERIALS,EVEREST TEXTILE,False,False,533.0,False,False,False,False,
CN2019085C9D1Q4,"QINGDAO TAEHWA SHOES CO., LTD",SHUIYUAN ROAD LAIXI CITY SHANDONG 250011,CN,China,36.889084,120.51769,CN-SD,False,CN-SD,False,,True,False,True,False,False,Tier 1 (finished goods),Nike labels,0,NIKE|FOOTWEAR,TAEKWANG,False,False,462.0,False,False,False,True,
CN2019085CT65QJ,DONG GUAN STELLA,HOU DA ROAD. DA LING MANAGEMENT DISTRICT DONGGUAN GUANGDONG 523835,CN,China,22.951434,113.976312,CN-GD,False,CN-GD,False,,True,True,False,True,False,Tier 1 (finished goods),Nike labels,0,NIKE|FOOTWEAR,STELLA,False,False,421.0,False,False,False,False,
CN2019085ER5V3K,"ZAO ZHUANG RUIXING SHOES CO., LTD",N0.3 FUXING ROAD ZAOZHUANG CITY SHANDONG 250011,CN,China,34.755597,117.57566,CN-SD,False,CN-SD,False,,True,True,False,True,False,Tier 1 (finished goods),Nike labels,0,NIKE|FOOTWEAR,CHANGSHIN,False,False,1218.0,False,False,False,False,
CN2019085EVQ0V5,"ZHEJIANG CLIS FASHION CO., LTD.",Nº 10 BLDG Nº 39 XIANGYUAN ROAD. HANGZHOU ZHEJIANG 310012,CN,China,30.336457,120.112455,CN-ZJ,False,CN-ZJ,False,,True,True,False,True,False,Tier 1 (finished goods),Nike labels,0,NIKE|APPAREL,ZHEJIANG XIANCHEN IMPORT AND EXPORT,True,False,41.0,False,False,False,False,
CN2019085F0GNB9,"QINGDAO CHANGSHIN SHOES CO., LTD.",NO.6 QUANZHOU ROAD QINGDAO SHANDONG 266300,CN,China,36.2955541,120.0384092,CN-SD,False,CN-SD,False,,True,True,False,True,False,Tier 1 (finished goods),Nike labels,0,NIKE|FOOTWEAR,CHANGSHIN,False,False,2782.0,False,False,False,False,
CN2019085F36V41,"LONG YUE SHOES INDUSTRIAL  (HUI  ZHOU)CO.,LTD.","LONGTING INDUS.PARK, LONGQIAO AVENUE,LONGXI TOWN, BOLUO COUNTY HUIZHOU GUANGDONG 516000",CN,China,23.1012587,114.1114798,CN-GD,False,CN-GD,False,,True,True,False,True,False,Tier 1 (finished goods),Nike labels,0,NIKE|FOOTWEAR,DEAN SHOES,False,False,510.5,False,False,False,False,
CN2019085FDDCKJ,SAN FANG CHINA,"YU YUEN INDUSTRIAL PARK, HE ROAD, INDUSTRIAL DISTRICT, HUANG, DONGGUAN, GUANGDONG DONGGUAN GUANGDONG 523758",CN,China,22.9019211,114.0032636,CN-GD,False,CN-GD,False,,True,True,False,True,False,Tier 2 (materials and processing),Nike labels,0,NIKE|FOOTWEAR|MATERIALS,SAN FANG,False,False,307.0,False,False,False,False,
CN2019085FM8C89,"QINGDAO TAEKWANG SHOES CO., LTD","LIQUANGZHUANG TOWN INDUSTRIAL ZONE, LAIXI CITY QINGDAO SHANDONG 266604",CN,China,36.6655349,120.5965411,CN-SD,False,CN-SD,False,,True,False,True,False,False,Tier 1 (finished goods),Nike labels,0,NIKE|FOOTWEAR,TAEKWANG,False,False,1410.0,False,False,False,False,
CN2019085GD6W8H,"FLEXTRONICS MANUFACTURING (ZHUHAI) CO, LTD",XIN QING SCIENCE & TECHNOLOGY INDUSTRIAL PARK ZHUHAI GUANGDONG 519180,CN,China,22.17521,113.276724,CN-GD,False,CN-GD,False,,True,False,True,False,False,unknown,none,0,,,False,False,4990.0,False,False,False,False,
CN2019085GV6J7M,"QINGDAO YANTAI NE APPAREL CO.,LTD",NO. 26 HAIYANG YANTAI ECONOMIC DEVELOPMENT ZONE. YANTAI SHANDONG 265100,CN,China,36.7789177,121.1571902,CN-SD,False,CN-SD,False,,True,True,False,True,False,Tier 1 (finished goods),Nike labels,0,NIKE|APPAREL,NICE APPAREL,False,False,803.0,False,False,False,False,
CN2019085HBK3EA,"SHOETOWN HUNAN FOOTWEAR CO.,LTD","DENG TA ROAD, QIYANG DEVELOPMENT ZONE QIYANG COUNTY YONGZHOU CITY HUNAN PROVINCE 426100",CN,China,26.5801044,111.8405425,CN-HN,False,CN-HN,False,,True,True,False,True,False,Tier 1 (finished goods),Nike labels,0,NIKE|FOOTWEAR,SHOETOWN|SHOETOWN INTERNATIONAL,False,True,2923.5,False,False,False,False,
CN2019085HX15XV,S.E.C. (DONGGUAN) ACCESSORIES LIMITED,"DA LONG XIN WEI ZAI VILLAGE GROUP DONGGUAN CITY GUANGDONG PROVINCE, CHINA ",CN,China,22.956261,114.184675,CN-GD,False,CN-GD,False,,True,False,True,False,False,unknown,none,0,,,False,False,43.0,False,False,False,False,
CN2019085J18QC8,"Bosideng Co., Ltd.Changshu Garment Factory","Bosideng Industrial Zone, Jiangsu,China, Changshu",CN,China,31.654375,120.752481,CN-JS,False,CN-JS,True,primary,False,False,False,True,False,Tier 1 (finished goods),adidas list,0,Apparel,CHANGSHU BOSIDENG IMPORT AND EXPORT|HARVEST FANCY,False,True,1001.0,False,False,False,False,
CN2019085KB14EV,ZHEJIANG QIAOER TINTING GARMENT CO LTD,NO 147 WEST RENMIN ROAD SHANGYU CITY ZHEJIANG 312300,CN,China,30.012602,120.857845,CN-ZJ,False,CN-ZJ,False,,True,False,True,False,False,unknown,none (keyword guess removed),0,Apparel|Accessories,DELTA GALIL INDUSTRIES|ZHEJIANG JASAN|DELTA GALIL,False,True,625.5,False,False,False,False,
CN2019085KGPZ57,"QINGDAO TAEJIN SHOES CO., LTD",LANCUN TOWN JIMO CITY SHANDONG 250011,CN,China,36.389401,120.44716,CN-SD,False,CN-SD,False,,True,False,True,False,False,Tier 1 (finished goods),Nike labels,0,NIKE|FOOTWEAR,TAEKWANG,False,False,283.5,False,False,False,False,
CN2019085KR7MXD,"FUJIAN SAN FENG FOOTWEAR CO.,LTD","NO. 399, CHENGMEN STREET, CHENGMEN TOWN, CANGSHAN DISTRICTS FUZHOU FUJIAN 350018",CN,China,26.001889,119.359635,CN-FJ,False,CN-FJ,False,,True,True,False,True,False,Tier 1 (finished goods),Nike labels,0,NIKE|FOOTWEAR,FENG TAY,False,False,3416.5,False,False,False,False,
CN2019085KWAN91,"Yumei (Shantou) Garments Co., Ltd.","No.48 HengShan Road ,Shantou ,Guang Dong Province,China Shantou",CN,China,23.380671,116.727444,CN-GD,False,CN-GD,False,,True,True,False,True,False,Tier 1 (finished goods),Nike labels,0,NIKE|APPAREL,EAGLE NICE,False,False,2448.5,False,False,False,False,
CN2019085M05FDZ,"QING YUAN CITY SHOETOWN FOOTWEAR CO.,LTD","TAIHE INDUSTRIAL ZONE, QINGXIN COUNTY QINGYUAN CITY GUANGDONG PROVINCE 5118000",CN,China,23.7381255,112.9945893,CN-GD,False,CN-GD,False,,True,False,True,False,False,Tier 1 (finished goods),Nike labels,0,NIKE|FOOTWEAR,SHOETOWN,False,False,12320.0,False,False,False,False,
CN2019085MKD1TS,YANCHENG XINBO APPAREL CO. LTD,NO 11 CHANGJIANG ROAD YANCHENG JIANGSU 0,CN,China,33.370605,120.230842,CN-JS,False,CN-JS,False,,True,True,False,True,False,Tier 1 (finished goods),Nike labels,0,CONVERSE|APPAREL,DECOR MINNEAPOLIS|DECOR,False,True,183.0,False,False,False,False,
CN2019085PS0MXA,"FUJIAN XIEFENG FOOTWEAR CO.,LTD.","XI TIAN WEI TOWN,LICHENG DISTRIC PUTIAN FUJIAN 351131",CN,China,25.4850752,119.0429816,CN-FJ,False,CN-FJ,False,,True,True,False,True,False,Tier 1 (finished goods),Nike labels,0,NIKE|FOOTWEAR,FENG TAY,False,False,4948.0,False,False,False,False,
CN2019085PWVFX3,POWER WIN PLASTIC PRODUCTS (S.Z.) COMPANY LIMITED,"BLOCK C FLOOR 1-3, NO.4 GONGLIU ROAD, SHENZEN SHENZHEN 0",CN,China,22.753109999999985,114.03749999999998,CN-GD,False,CN-GD,False,,True,False,True,False,False,unknown,none,0,,,False,False,131.5,False,False,False,False,
CN2019085QFQFH7,DONGGUAN LIEN HONG BAGS & SPORTS ACCESSORIES LTD.,"NIU SHAN INDUSTRIAL AREA, NIU SHAN DONGCHENG DISTRICT, DONG GUAN CITY, GUANGDONG PROVINCE, CHINA DONG GUAN GUANGDONG ",CN,China,22.961654,113.76102,CN-GD,False,CN-GD,False,,True,False,True,False,False,Tier 1 (finished goods),Nike labels,0,NIKE|EQUIPMENT,,True,False,138.5,False,False,False,False,
CN2019085RCHQ4T,Lion Brothers (Shenzhen) Co. Ltd.,"Building A&B, No.62, Upper North Lane4, ShangNan Industrial Zone, XinQiao Street, BaoAn District",CN,China,22.5532899,113.88308,CN-GD,False,CN-GD,False,,True,False,True,False,False,unknown,none (keyword guess removed),0,NIKE|APPAREL|MATERIALS|Embellishment,LION BROTHERS|AVERY DENNISON,False,True,429.0,True,False,False,False,
CN2019085SD6HMV,"WALT TECHNOLOGY GROUP CO., LTD.",48 SHIJING ROAD HAINING ZHEJIANG 314400,CN,China,30.5391531,120.728355,CN-ZJ,False,CN-ZJ,False,,True,True,False,True,False,Tier 1 (finished goods),Nike labels,0,Apparel|NIKE|EQUIPMENT,ZHEJIANG WALT,False,False,379.0,False,False,False,False,
CN2019085SG2DWY,UNITED CREATION OPTICAL,"TIESONG DISTRICT, QINGXI TOWN, DONGGUAN GUANGDONG ",CN,China,22.833597,114.1909657,CN-GD,False,CN-GD,False,,True,False,True,False,False,unknown,none,0,,,False,False,198.0,False,False,False,False,
CN2019085T675H7,ITW SPORTS BRANDING ENPING,PUQIAO ECONOMIC INDUSTRY DEVELOP DISTRICT ENPING GUANGDONG 0,CN,China,22.337826,112.478871,CN-GD,False,CN-GD,False,,True,False,True,False,False,unknown,none,0,,,False,False,164.0,False,False,False,False,
CN2019085T7E3D9,NINGBO SHENZHOU KNITTING CO. LTD,50 TIANMUSHAN ROAD NINGBO ZHEJIANG 315800,CN,China,29.916673,121.793022,CN-ZJ,False,CN-ZJ,False,,True,True,False,True,False,Tier 1 (finished goods),Nike labels,0,NIKE|APPAREL|NIKE|APPAREL|NIKE|APPAREL,MASTER|SHENZHOU,False,True,2557.5,False,False,False,False,
CN2019085T9B6ZX,LONG CHUAN SIMONA FOOTWEAR CO. LTD,XIN CHENG LONG CHUAN HEYUAN GUANGDONG 517300,CN,China,24.1044154,115.2407022,CN-GD,False,CN-GD,False,,True,True,False,True,False,Tier 1 (finished goods),Nike labels,0,NIKE|FOOTWEAR,STELLA,False,False,4546.0,False,False,False,False,
CN2019085T9CRN6,PREMIER OPTICAL (SHENZHEN) LIMITED COMPNAY,"4/F, BLOCK A, NO.1 BAO LONG 5TH ROAD, LONGGANG STREET, LONGGANG DISTRICT SHENZHEN CITY PRC",CN,China,22.720974,114.246899,CN-GD,False,CN-GD,False,,True,False,True,False,False,unknown,none,0,,,False,False,146.0,False,False,False,False,
CN2019085TFDES7,ANHUI COSMO SPORTING GOODS COMPANY LIMITED,"ECONOMIC DEVELOPMENT ZONE, JINZHAI COUNTY LU'AN CITY ANHUI ",CN,China,31.72717,115.934366,CN-AH,False,CN-AH,False,,True,True,False,True,False,Tier 1 (finished goods),Nike labels,0,NIKE|EQUIPMENT|Accessories,PHILLA|ANHUI COSMO,False,True,354.5,False,False,False,False,
CN2019085THXJTY,"GUANG YANG SPORTING CO., LTD","SHAN TANG INDUSTRIAL ZONE, DI DI VILLAGE, SHAN TANG TOWN, QING XIN COUNTY QING YUAN GUANGDONG 511800",CN,China,23.6873,112.944495,CN-GD,False,CN-GD,False,,True,False,True,False,False,unknown,none,0,,,False,False,745.5,False,False,False,False,
CN2019085TTXCRZ,SHIXING TIAN HE GARMENTS CO. LTD.,"XING SHENG INDUSTRIAL PARK. JIANG KOU TOWN, SHI XING DISTRICT SHAO GUANG GUANGDONG ",CN,China,24.247219,114.011989,CN-GD,False,CN-GD,False,,True,False,True,False,False,Tier 1 (finished goods),Nike labels,0,NIKE|APPAREL| Tops| Bodysuit| Pants|Jacket,WONG LUEN|WING LUEN KNITTING FACTORY O B POCOTEX,True,True,117.0,False,False,False,False,
CN2019085X3EB7A,ZHEJIANG GUANGTAI DELTA SOCKS CO. LTD.,"36 KAIXIANG AVENUE CAOTA TOWN, ZHUJI ZHEJIANG 311812",CN,China,29.688124,120.137254,CN-ZJ,False,CN-ZJ,False,,True,True,False,True,False,Tier 1 (finished goods),Nike labels,0,Socks/Hosiery|NIKE|EQUIPMENT,DELTA|DELTA GALIL INDUSTRIES,False,True,205.0,False,False,False,False,
CN2019085X7B520,"Yichun Yisen Industry Co., Ltd. ","Yichun City, Economic Development Zone, Jiangxi Province, China",CN,China,27.8677381,114.3908459,CN-JX,False,CN-JX,False,,True,True,False,True,False,Tier 1 (finished goods),Nike labels,0,NIKE|FOOTWEAR|Footwear,POU CHEN,False,False,3238.5,False,False,False,False,
CN2019085Y3MS0R,Dong Guan New Prosperity Optical Mfy Ltd. Chang An Branch,No.43 XinFeng Road XinMin District ChangAn Town DongGuan City GuangDong Pro China,CN,China,22.83691,115.00427,CN-GD,False,CN-GD,True,licensee,True,True,False,True,False,Tier 1 (finished goods),adidas list,0,Accessories|Accessories|NIKE|EQUIPMENT,SUN HING OPTICAL MANUFACTORY|SUN HING OPTICAL|SAFILO USA,True,True,83.0,False,False,False,False,
CN2019085YHQT5F,"LONG FA SHOES INDUSTRIAL (HUIZHOU) CO., LTD.","LONGTING INDUS. PARK, LONGXI TOWN, BOLUO COUNTY HUIZHOU GUANGDONG 516121",CN,China,23.123441,114.115969,CN-GD,False,CN-GD,False,,True,True,False,True,False,Tier 1 (finished goods),Nike labels,0,NIKE|FOOTWEAR,DEAN SHOES,False,False,6747.5,False,False,False,False,
CN2019085YKWGNW,JIAXING QUANG VIET GARMENT CO. LTD.,PINGXINGXIAN TONGXINDUAN 318 XINDAI TOWN PING HU ZHEJIANG 314211,CN,China,30.819696,121.08105,CN-ZJ,False,CN-ZJ,True,primary,True,True,False,True,False,Tier 1 (finished goods),adidas list,0,NIKE|APPAREL,QUANG VIET ENTERPRISE|QUANG VIET,False,True,1401.0,False,False,False,False,
CN2019085Z4CS5Q,"PINGHU LIPAI BAGS AND LUGGAGE CO., LTD.","NO. 123 HEHE RD, PINGHU ZHEJIANG 314202",CN,China,30.6560528,121.0628942,CN-ZJ,False,CN-ZJ,False,,True,True,False,True,False,Tier 1 (finished goods),Nike labels,0,NIKE|EQUIPMENT,PINGHU LIPAI,True,False,191.0,False,False,False,False,
CN2019085ZH1VVH,"Shanggao Yisen Industry Co., Ltd.","Youzidong, Jinjiang Town, Shanggao County, Yichun City, Jiangxi Province, China",CN,China,31.982751,120.277138,CN-JS,False,CN-JS,False,,True,True,False,True,False,Tier 1 (finished goods),Nike labels,0,Footwear|NIKE|FOOTWEAR,POU CHEN,False,False,7832.0,False,False,False,False,
CN2019085ZKEE6Y,"KUNSHAN SABRINA CLOTHES MAKING CO., LTD.",NO.31 KONGXIANG EAST ROAD LUJIA TOWN KUNSHAN JIANGSU 215331,CN,China,31.3209833,121.0323515,CN-JS,False,CN-JS,False,,True,True,False,True,False,Tier 1 (finished goods),Nike labels,0,Accessories|NIKE|APPAREL|Accessories,SABRINA FASHION INDUSTRIAL|SABRINA,False,True,860.0,False,False,False,False,
CN201908757H57N,"En Ping Kam Hing Textile and Dyeing Co.,Ltd",No.68 Enzhou Industrial Avenue,CN,China,22.183206,112.305145,CN-GD,False,CN-GD,False,,True,True,False,True,False,Tier 2 (materials and processing),Nike labels,0,NIKE|APPAREL|MATERIALS,KAM HING,False,False,1800.0,False,False,False,False,
CN2019087HFN034,XinJi Optical and Metal Parts Manufacturing Ltd,XinTai Industry District GuZhu Town ZiJin HeYuan City GuangDong Pro,CN,China,35.909032,117.767952,CN-SD,False,CN-SD,True,licensee,False,False,False,True,False,Tier 1 (finished goods),adidas list,0,,SAFILO USA|SUN HING OPTICAL MANUFACTORY,False,True,500.0,False,False,False,False,
CN2019091YX7FRG,Changzhou Newwide Knitting & Dyeing Co. Ltd.,No. 132 Qingyang North Road Tianning Changzhou 21307,CN,China,31.80207399999999,120.022288,CN-JS,False,CN-JS,True,wet process,False,False,False,True,False,Tier 2 (materials and processing),adidas list,0,Wet Processing|Wet Processing|Fabrics|Fabric|Knitting|Fabric Mill|FABRIC,NEWWIDE|NEW WIDE GARMENT|NEW WIDE ENTERPRISE|CHANGZHOU NEW WIDE KNITTING AND DYEING|NEW WIDE,False,True,433.0,False,False,False,False,
CN201909360YP7A,"YONGZHOU KAIXIANG SHOETOWN FOOTWEAR CO., LTD.","#421, DONGXIN ROAD, BAIYASHITOWN YONGZHOU HUNAN 425900",CN,China,26.3974365,111.2998524,CN-HN,False,CN-HN,False,,True,True,False,True,False,Tier 1 (finished goods),Nike labels,0,NIKE|FOOTWEAR,SHOETOWN,False,False,1158.0,False,False,False,False,
CN2019093P1PXSC,QINGDAO CHANGSHIN JIMO FACTORY,"#49, YANQING ROAD JIMO, QINGDAO SHANDONG 266200",CN,China,36.349162,120.435981,CN-SD,False,CN-SD,False,,True,False,True,False,False,Tier 1 (finished goods),Nike labels,0,NIKE|FOOTWEAR,CHANGSHIN,False,False,450.0,False,False,False,False,
CN2019093PZRV3M,"HUIZHOU YANGMING INDUSTRIAL CO., LTD.","DA ZHONG TANG#1,XIA JIAO,HUIZHOU CITY GUANGDONG,CHINA HUIZHOU GUANGDONG 516001",CN,China,22.8192765,114.4345822,CN-GD,False,CN-GD,False,,True,True,False,True,False,Tier 1 (finished goods),Nike labels,0,BAG|CAP|CONVERSE|EQUIPMENT,HYI|MAP,True,True,71.5,False,False,False,False,
CN2019093V59BPK,"FUJIAN LIFENG FOOTWEAR CO., LTD.","NO.888# QINXI NORTH STREET, WUTANG TOWN PUTIAN FUJIAN 351119",CN,China,25.5049143,119.0701866,CN-FJ,False,CN-FJ,False,,True,True,False,True,False,Tier 1 (finished goods),Nike labels,0,NIKE|FOOTWEAR,FENG TAY,False,False,3830.0,False,False,False,False,
CN2019093WZSXE8,FAR EASTERN,"#1588, YINZHONG  S. ROAD JIANG SU JIANGSU 215124",CN,China,31.2046982,120.6670222,CN-JS,False,CN-JS,True,wet process,True,True,False,True,False,Tier 2 (materials and processing),adidas list,0,NIKE|APPAREL|MATERIALS|Fabric,,False,False,250.5,False,False,False,False,
CN2019096QTF45N,"Zhongshan Zhijie Footwear Technical Service Co., Ltd.",Building 1 2 4 & 5 No. 2 Shi Ji Yi Road Huo Ju Development Area ZhongShan Guangdong,CN,China,22.535667,113.46141,CN-GD,False,CN-GD,False,,True,False,True,False,False,Tier 1 (finished goods),Nike labels,0,CONVERSE|FOOTWEAR|Footwear,HUALI|HONG FU,False,True,379.25,False,False,False,False,
CN2019097Y1M7RZ,"SHANGHAI JIALE CORP., LTD.","No. 288 Jianzhang Road, Zhangyan, Jinshan District, Shanghai, China",CN,China,30.80100299999999,121.297756,CN-SH,False,CN-SH,True,wet process,False,False,False,True,False,Tier 2 (materials and processing),adidas list,0,Cotton,KORRUN,False,False,,False,False,False,False,
CN20190988NRTTQ,"Morito (Shenzhen) Co., Ltd.","A District, Yuhong Industry Zone,Heyi Village, Shajing Town,Bao An District,Shenzhen,Guangdong,China",CN,China,22.713554,113.788085,CN-GD,False,CN-GD,True,licensee,False,False,False,True,False,Tier 1 (finished goods),adidas list,0,,MORITO,False,False,170.0,False,False,False,False,
CN2019098KRRNDK,Qingdao Tenghua Apparel Co.Ltd.,"219 North of Chong Qing Road,Chengyang,Qingdao,Shandong,China",CN,China,36.252439,120.400041,CN-SD,False,CN-SD,True,primary,False,False,False,True,False,Tier 1 (finished goods),adidas list,0,,KONDOU SHISHU|ATAGO JAPAN,False,True,307.0,False,False,False,False,
CN2019098W5MPB4,Zhenjiang Tuntex Garment Co Ltd,"NO.10 Shi-Shi Road,Ju-Rong Economic Development Zone,212400,Zhenjiang,Jiangsu,China",CN,China,31.9544374,119.1386298,CN-JS,False,CN-JS,False,,True,False,True,False,False,Tier 1 (finished goods),Nike labels,0,NIKE|APPAREL,TUNTEX,False,False,488.0,False,False,False,True,
CN2019108BRY0GQ,Suqian Kelly Textile Co Ltd,"Guanmiao Street, Guanmiao Town, Suyu Suqian Jiangsu China",CN,China,33.977713,118.171541,CN-JS,False,CN-JS,False,,True,False,True,False,False,Tier 1 (finished goods),Nike labels,0,Accessories| Hudson's Bay | Home Products | The Bay|ACCESSORIES|Accessories|Accessories,WE ACCESSORIES|SUQIAN KELLY|ITC ACCESSORIES,False,True,107.5,False,False,False,False,
CN2019108CW1YAQ,Dalian Vent Dest Lavado & Garments Co Ltd,"Shenlu Industry Zone, Shenlu, Paotai, Puwan Dalian Liaoning China",CN,China,39.490934,121.799132,CN-LN,False,CN-LN,True,primary,False,False,False,True,False,Tier 1 (finished goods),adidas list,0,Woven,DALIAN VENT D EST LAVADO AND GARMENTS|VENT D EST GARMENTS|DALIAN VENT D EST GARMENTS,False,True,469.0,False,False,False,False,
CN2019108YRW41X,Wenzhou Aishi Optics Industry Co Ltd,No. 67 Yanjiang Industrial Area Wenzhou Zhejiang China,CN,China,28.069508,120.588582,CN-ZJ,False,CN-ZJ,True,licensee,False,False,False,True,False,Tier 1 (finished goods),adidas list,0,,FGX INTERNATIONAL,False,False,576.5,False,False,False,False,
CN201914302QHYD,Bowker Venture Garment Factory (Yun Fu) Co. Ltd.,Zhen Xing Industrial Park Chucheng Development District  Yunfu 527300 Guangdong China,CN,China,22.946603,112.144119,CN-GD,False,CN-GD,True,primary,False,False,False,True,False,Tier 1 (finished goods),adidas list,0,,BOWKER ASIA,False,False,1575.5,True,False,False,False,
CN201914313Z0AJ,Xiamen Spark Sports Goods Co Ltd,"NO. 55-56, SIMINGYUAN,  TONG'AN INDUSTRIAL CONCENTRATION AREA, TONG'AN Xiamen 361100 Fujian China",CN,China,24.6881481,118.1190091,CN-FJ,False,CN-FJ,True,primary,False,False,False,True,False,Tier 1 (finished goods),adidas list,0,Accessories,XIAMEN CITY SPARK I AND E,False,False,379.25,False,False,False,False,
CN20191432XRYB5,Evervan Deyang Footwear Co. Ltd,"Heng Yang county Economic Technique, Development Zone, NO.1 Liansheng Road Hengyang 421200  Hunan China",CN,China,26.9629001,112.407886,CN-HN,False,CN-HN,True,primary,False,False,False,True,False,Tier 1 (finished goods),adidas list,0,,EVERVAN INTERNATIONAL VIETNAM,False,False,2041.0,False,False,False,False,
CN20191434NS7JG,"Yue Yuen (Anfu) Footwear Co., Ltd.","S1, No.888, Lushuihe Avenue, Industrial Zone, Anfu County, Jian City, Jiangxi Province, China",CN,China,27.406977,114.6944319,CN-JX,False,CN-JX,True,primary,False,False,False,True,False,Tier 1 (finished goods),adidas list,0,Footwear,IDEA MACAO COMMERCIAL OFFSHORE|POU CHEN,False,True,5273.5,False,False,False,False,
CN20191434QS6ZY,Evervan Qingyuan Footwear Co. Ltd,"NO. 16 BAPIAN Road,  Taihe Industrial Park, Qingxin District Qingyuan 511800 Guangdong China",CN,China,23.738783,113.012938,CN-GD,False,CN-GD,True,primary,False,False,False,True,False,Tier 1 (finished goods),adidas list,0,,EVERVAN INTERNATIONAL VIETNAM,False,False,4045.5,False,False,False,False,
CN20191434S8H50,"Shirotori Creation Co, Ltd. (NEW)",No. 8 Guang  Yao Road Dong Sheng Town   Zhongshan 528400 Guangdong China,CN,China,22.6518153,113.2790291,CN-GD,False,CN-GD,True,licensee,False,False,False,True,False,Tier 1 (finished goods),adidas list,0,Accessories,SHIROTORI,False,False,46.0,False,False,False,False,
CN20191435621F2,"Fujian Putian Lake Sports Goods Co., Ltd.","NanShaoLin Industry Park, XiTianWei Town, LiCheng District PuTian 351100 Fujian China",CN,China,25.5067231,119.0369596,CN-FJ,False,CN-FJ,True,primary,False,False,False,True,False,Tier 1 (finished goods),adidas list,0,Accessories,BBC,False,False,998.0,False,False,False,False,
CN20191436JW531,"Dongguan ZhengYong Leather Accessories Co., Ltd","Block #6,  the 2nd District of Liwu Wusha Chang'an Town  Dongguan 523850 Guangdong China",CN,China,22.814768,113.802516,CN-GD,False,CN-GD,True,primary,False,False,False,True,False,Tier 1 (finished goods),adidas list,0,Accessories,ZHENGYONG,False,False,175.25,False,False,False,False,
CN20191436QKRT7,Xuancheng Naier Socks Co. Ltd,"Huangdu Road, Xuanzhou District   Xuancheng 242000 Anhui China",CN,China,30.7923079,118.8517377,CN-AH,False,CN-AH,True,licensee,False,False,False,True,False,Tier 1 (finished goods),adidas list,0,,,False,False,107.0,False,False,False,False,
CN201914384DJM4,Ganzhou Chuangda Footwear Ltd,Shahe Industrial Park Zhanggong District  Ganzhou 341000 Jiangxi China,CN,China,25.8245832,114.9739912,CN-JX,False,CN-JX,True,primary,False,False,False,True,False,Tier 1 (finished goods),adidas list,0,,APACHE FOOTWEAR QINGXIN,False,False,648.0,False,False,False,False,
CN2019143C6MEYQ,Yueyang Wanfeng footwear factory,"Kangwang Science and Technology Park,  Economic Delevopment District  Yueyang 414000 Hunan China",CN,China,29.3409918,113.1477691,CN-HN,False,CN-HN,True,primary,False,False,False,True,False,Tier 1 (finished goods),adidas list,0,,APACHE FOOTWEAR QINGXIN,False,False,473.0,False,False,False,False,
CN2019143F11WDZ,Jangchun Shoe Manufacturing Chaoyang Co Ltd,"#36C Building, No. 5-99E Wenhua Road,  Longcheng District Chaoyang 122000 Liaoning China",CN,China,41.58387,120.4096479,CN-LN,False,CN-LN,True,primary,False,False,False,True,False,Tier 1 (finished goods),adidas list,0,,HWASEUNG INDUSTRIES,False,False,1057.5,False,False,False,False,
CN2019143HN6A83,"Dandong SLT Garment Industrial Co., Ltd",Qianyang Economic Development Zone   Dan Dong 118301 Liaoning China,CN,China,39.958298,124.208101,CN-LN,False,CN-LN,True,primary,False,False,False,True,False,Tier 1 (finished goods),adidas list,0,,YUEN THAI INDUSTRIAL,False,False,1017.0,False,False,False,False,
CN2019143HY0VM3,Dong Guan Yue Yuen Footwear Co Ltd (YYII-YC1),Yue Yuen Industrial Zone Shaotan Gaobu Town Dongguan 523286 Guangdong China,CN,China,23.090824,113.745951,CN-GD,False,CN-GD,True,primary,False,False,False,True,False,Tier 1 (finished goods),adidas list,0,,IDEA MACAO COMMERCIAL OFFSHORE,False,False,312.5,False,False,False,False,
CN2019143M92Q83,"Jangchun Shoe Manufacuring Tongliao Co., Ltd.",Tongliao Economic Technological Development Zone   Tongliao 028000 Inner Mongolia China,CN,China,43.650836,122.218609,CN-NM,False,CN-NM,True,primary,False,False,False,True,False,Tier 1 (finished goods),adidas list,0,,HWASEUNG INDUSTRIES,False,False,1179.5,False,False,False,False,
CN2019143MWY2M9,Apache Footwear Ltd Jin Tan Branch Company,"Shangwan Village, Dawanggang, Jintan Town, Qingxing District   Qingyuan 511885 Guangdong China",CN,China,23.932177,113.238438,CN-GD,False,CN-GD,True,primary,False,False,False,True,False,Tier 1 (finished goods),adidas list,0,,APACHE FOOTWEAR QINGXIN,False,False,2028.5,False,False,False,False,
CN2019143N2KT5E,"Tay Hsin (Nanhai, Foshan) Knitting Company Limited","No1. Shabu Wes Rd., Shabu Industrial District,  Shachong, Lishui Town, Nanhai District, Foshan City. Guangdong Foshan 628244 Guangdong China",CN,China,23.144015,113.1658713,CN-GD,False,CN-GD,True,primary,False,False,False,True,False,Tier 1 (finished goods),adidas list,0,,TAY HSIN KNITTING,False,False,299.5,False,False,False,False,
CN2019143NA0AZD,Jiangsu Qian Li Ma Stockings Co. Ltd.,Dong Lai Development Area Yang She Town  Zhang Jia Gang 215600 Jiangsu China,CN,China,31.8751495,120.5572027,CN-JS,False,CN-JS,True,licensee,False,False,False,True,False,Tier 1 (finished goods),adidas list,0,Accessories|Accessories,KAYSER ROTH,False,False,261.0,False,False,False,False,
CN2019143PZQS8J,Dong Guan Pou Chen Footwear Company Limited,"Shang Jiang Cheng Industrial Zone, Gaobu Town, Dongguan City, Guangdong Province, China",CN,China,23.0226359,113.8266608,CN-GD,False,CN-GD,True,primary,False,False,False,True,False,Tier 1 (finished goods),adidas list,0,Footwear|Footwear,IDEA MACAO COMMERCIAL OFFSHORE|POU CHEN,False,True,4072.5,False,False,False,False,
CN2019143Q1BYZ5,"Jiangsu Tianyuan Garments Co., Ltd","Centralized Industrial District, MingZuLing Town, Xuyi, China",CN,China,33.111756,118.448936,CN-JS,False,CN-JS,True,primary,False,False,False,True,False,Tier 1 (finished goods),adidas list,0,,SUZHOU TIANYUAN GARMENTS,False,False,2670.75,False,False,False,False,
CN2019143QW2TE2,"Evervan Chang Ning Footwear Co.,Ltd. (EVL)","Taizi Industry zone Qingyang road north,Qingyang new zone  Changning City 421500 Hunan China",CN,China,26.417313,112.398802,CN-HN,False,CN-HN,True,primary,False,False,False,True,False,Tier 1 (finished goods),adidas list,0,,EVERVAN INTERNATIONAL VIETNAM,False,False,1104.5,False,False,False,False,
CN2019143SXYGNY,Dalian Ichihiro Towel Co Ltd,Dongbei 3rd Street No.11 Dalian Economic & Technical Development Zone Dalian 116600 Liaoning China,CN,China,39.042421,121.798133,CN-LN,False,CN-LN,True,licensee,False,False,False,True,False,Tier 1 (finished goods),adidas list,0,,ICHIHIRO,False,False,1524.0,False,False,False,False,
CN2019143TF5WT9,Qingxin Sankeng Dahui Footwear Factory,Anqing village Sankeng town   Qingyuan 511855 Guangdong China,CN,China,30.531919,117.115101,CN-AH,False,CN-AH,True,primary,False,False,False,True,False,Tier 1 (finished goods),adidas list,0,,APACHE FOOTWEAR QINGXIN,False,False,274.5,False,False,False,False,
CN2019143XKBEEW,Wanguo(Qingyuan) footwear Ltd,"Qingyuan Nation Industrial Park,  Lianzhou city  Qingyuan  513400 Guangdong China",CN,China,24.7751251,112.3758889,CN-GD,False,CN-GD,True,primary,False,False,False,True,False,Tier 1 (finished goods),adidas list,0,,APACHE FOOTWEAR QINGXIN,False,False,900.0,False,False,False,False,
CN2019143ZF3MCP,"Jangchun Shoe Manufacturing Dalian Co., Ltd.",Sujia Village Dalianwan Town Ganjingzi District Dalian 116113 Liaoning China,CN,China,39.02521780000001,121.7129694,CN-LN,False,CN-LN,True,primary,False,False,False,True,False,Tier 1 (finished goods),adidas list,0,,HWASEUNG INDUSTRIES,False,False,1284.5,False,False,False,False,
CN2019172FGYHVG,"Dalian Ykk Zipper Co.,Ltd.","No.50 Tieshan West Road,Dalian Economic & Technicaldevelopment Zon,Dalian China Dalian 116699 Liaoning",CN,China,39.0703419,121.774804,CN-LN,False,CN-LN,False,,True,True,False,True,False,Tier 2 (materials and processing),Nike labels,0,"metal, vislon & coil zippers|zippers|NIKE|APPAREL|MATERIALS",YKK TAIWAN|YKK,False,True,859.0,False,False,False,False,
CN20191751BAQKA,"Avery Dennison (Suzhou) Co., Ltd.","No.56, Yangpu Road, Suzhou Industrial Park Jiangsu Province, 215021, China",CN,China,31.30792,120.80199,CN-JS,False,CN-JS,False,,True,True,False,True,False,Tier 2 (materials and processing),Nike labels,0,Component|Packaging & Printing|Labels|Accessories|NIKE|APPAREL|MATERIALS|Component,AVERY DENNISON|AVERY DENNISON HONG KONG B V,False,True,750.5,False,False,False,False,
CN2019221PHBJX3,Shanghai J iaheng DailyChemical Co. Ltd.,"No. 1069, TaoganRoad, SheshanTown, Songjiang District, Shanghai",CN,China,31.032243,121.227747,CN-SH,False,CN-SH,True,licensee,False,False,False,True,False,Tier 1 (finished goods),adidas list,0,,JAHEN HOUSEHOLD PRODUCTS,False,False,488.5,False,False,False,False,
CN2019266N9MR2Q,"Shanghai YKK Zipper Co., Ltd. Lingang Factory","1258 Fei du Road, Lingang, Shanghai Shi",CN,China,30.9235605,121.9108913,CN-SH,False,CN-SH,False,,True,True,False,True,False,Tier 2 (materials and processing),Nike labels,0,zippers|hook and loop belts|Trims|Trims|NIKE|APPAREL|MATERIALS|Trims,YKK,False,False,459.0,False,False,False,False,
CN2019266QS2MF0,"Tong Hong Tannery (Bei Hai) Co., Ltd","Jinshan, Chengnan Hepu County Bei HaiGuangxi Zhuangzu Zizhiqu",CN,China,30.741991,121.341969,CN-SH,False,CN-SH,True,wet process,False,False,False,True,False,Tier 2 (materials and processing),adidas list,0,Footwear,TONG HONG|TONG HONG TANNERY CHINA,False,True,1380.75,False,False,False,False,
CN2019266XHYRWB,"KeYi (Fujian) Microfiber Co., Ltd.","No. 1543 ChengBianHuiNan Industrial Zone (ZhangBang)Taiwanese Enterprise Investment District, QuanZhou, Fujian",CN,China,26.99204,117.961169,CN-FJ,False,CN-FJ,True,wet process,False,False,False,True,False,Tier 2 (materials and processing),adidas list,0,,FUJIAN HUACHANG|HUA CHANG,False,True,500.0,False,False,False,False,
CN2019301W3ZGXC,Avery Dennison (Guangzhou) Converted Products Ltd.,"No.7 GuangYi Road, Nansha District, Guangzhou",CN,China,22.77147,113.54668,CN-GD,False,CN-GD,True,wet process,True,True,False,True,False,Tier 2 (materials and processing),adidas list,0,Trims|Raw Material|Packaging & Printing|Labels|Raw Material|Accessories|LABELS|MATERIALS|NIKE|APPAREL|TRIMS|Trims|Trims,AVERY DENNISON|AVERY DENNISON HONG KONG B V,False,True,2536.0,False,False,False,False,
CN2020029BPJATQ," Bowker Yee Sing Garment (Heyuan) Co., Ltd.","He Pu road east,Venture avenue southwest side, Pearl industrial zone, (blank) Heyuan 517003 Guangdong China",CN,China,23.6579928,114.6641247,CN-GD,False,CN-GD,True,primary,False,False,False,True,False,Tier 1 (finished goods),adidas list,0,,BOWKER ASIA,False,False,837.0,False,False,False,False,
CN2020029E7D2X1,"Shanghai Penga Minheng Apparel Ltd., Co","No. 68, Lane 801 Kangye Road ZhuJiaJiao Industrial Zone Qingpu District Shanghai 201714 Shanghai China",CN,China,31.08540279999999,121.0604427,CN-SH,False,CN-SH,True,primary,False,False,False,True,False,Tier 1 (finished goods),adidas list,0,,,False,False,238.5,False,False,False,False,
CN2020029NPRAEV," VICTORY FOOTWEAR CO.,LTD.,GAOBU HENGJIAOTOU BRANCH"," BESIDE SANTANG ROAD, HENGJIAOTOU VILLAGE GAO BU TOWN (blank) DONG GUAN 523000 Guangdong China",CN,China,23.1070158,113.7320678,CN-GD,False,CN-GD,True,primary,False,False,False,True,False,Tier 1 (finished goods),adidas list,0,,ZHANFENG INTERNATIONAL,False,False,956.0,False,False,False,False,
CN202003586X0JT,"Qingdao Atago Apparel Co., Ltd.","No.1,Yunshui 1 Road,New Town of Automobile Industry Jimo District, Qingdao Qingdao 266217 Shandong China",CN,China,36.4564014,120.5269889,CN-SD,False,CN-SD,True,primary,False,False,False,True,False,Tier 1 (finished goods),adidas list,0,,WEIHAI DISHANG HUAMAO ENTERPRISE,False,False,426.0,False,False,False,False,
CN2020035ETYC9R,ZHUCHENG HENGWEI CLOTHING CO.LTD,"EAST OF CHENJIAHUAYUAN VILLAGE, MIZHOU SUBDISTRICT, ZHUCHENG CITY, WEIFANG CITY, SHANDONG PROVINCE",CN,China,35.99058,119.41038,CN-SD,False,CN-SD,True,licensee,False,False,False,True,False,Tier 1 (finished goods),adidas list,0,,,False,False,249.0,False,False,False,False,
CN2020035HEY2RM,ZHEJIANG CHENGPENG INDUSTRY AND TRADE CO. LTD.,"No 3 of West WeiWu Road, Hardware & Machinery Industrial Park TongQin Town, WuYi County JinHua 321200 Zhejiang China",CN,China,28.8927037,119.8163599,CN-ZJ,False,CN-ZJ,True,primary,False,False,False,True,False,Tier 1 (finished goods),adidas list,0,Accessories|Accessories,,False,False,230.0,False,False,False,False,
CN202005304NN2D,Yunfu Union Regent Printing Fty.Ltd.,"Chucheng Industrial District, Hekou Street, Yuncheng Area, YunFu Yunfu Guangdong ",CN,China,22.946603,112.144119,CN-GD,False,CN-GD,True,primary,False,False,False,True,False,Tier 1 (finished goods),adidas list,0,,FOOK WAH KUN KEE KNITTING FTY|1 000 OR LESS,False,True,232.0,True,False,False,False,
CN20200530EFV9Y,Dongguan paihong Industry Corporation Limited,HuanBao Industry  District ShaTian Town DongGuan City China Dongguan City Guangdong ,CN,China,22.860659,113.6399966,CN-GD,False,CN-GD,True,wet process,False,False,False,True,False,Tier 2 (materials and processing),adidas list,0,Footwear|Footwear,TAIWAN PAIHO|PAIHO,False,True,1268.5,False,False,False,False,
CN202005352TJWC,"Fuqing Tiong Liong Xinye Shoes Material Co., Ltd.","Hongkuan industrial Village, Yanggxia Town Fuqing Fujian 350323",CN,China,25.7574175,119.4160449,CN-FJ,False,CN-FJ,False,,True,True,False,True,False,Tier 2 (materials and processing),Nike labels,0,,TIONG LIONG,False,False,122.0,False,False,False,False,
CN20200537GPASD,Kuo Yuen Tannery,YUE YUEN INDUSTRIAL PARK HUANG JIANG TOWN Dongguan Guangdong ,CN,China,22.877538,113.992638,CN-GD,False,CN-GD,False,,True,False,True,False,False,unknown,none,0,,,False,False,202.0,False,False,False,False,
CN202005389RKXP,"ZHEJIANG TEXWELL TEXTILE CO.,LTD","No. 1 Danmei Road, Haining Economic Development Zone, Zhejiang Province, China Haining Zhejiang 314400",CN,China,30.538162,120.663302,CN-ZJ,False,CN-ZJ,True,wet process,False,False,False,True,False,Tier 2 (materials and processing),adidas list,0,,FU HSUN,False,False,250.5,False,False,False,False,
CN2020053FQSW91,"Buwei (Qingyuan) Leather Co., Ltd.","Minan Management Zone Qingcheng District, Qingyuan, Guangdong",CN,China,23.4911499,112.93077,CN-GD,False,CN-GD,True,wet process,False,False,False,True,False,Tier 2 (materials and processing),adidas list,0,,BU WEI|EAST WELL ENTERPRISE,False,True,,False,False,False,False,
CN2020053FTXCN4,"Formosa Taffeta Zhongshan CO., LTD.",167 Shenwan Avenue Shenwan Zhongshan Guangdong ,CN,China,22.302496,113.363816,CN-GD,False,CN-GD,True,wet process,False,False,False,True,False,Tier 2 (materials and processing),adidas list,0,Fabrics|Fabrics,FORMOSA TAFFETA|FORMOSA,False,True,318.0,False,False,False,False,
CN2020053KPG8A8,Tong Hong (China)Tannery,"Jinshan, Nanjiao, LIANZHOU, HEPU Beihai Guangxi ",CN,China,21.625256,109.179832,CN-GX,False,CN-GX,False,,True,True,False,True,False,Tier 2 (materials and processing),Nike labels,0,MATERIALS|NIKE|FOOTWEAR,TONG HONG,False,False,1140.0,False,False,False,False,
CN2020053R6BVFG,"Nantong Teijin Co., Ltd",19 Zhongyang Road Nantong Economic & Technological Development Zone Nantong Jiangsu ,CN,China,31.923009,120.944813,CN-JS,False,CN-JS,True,wet process,False,False,False,True,False,Tier 2 (materials and processing),adidas list,0,Fabric|Fabric Mill|Weaving|Textile or Material Production,TEIJIN FRONTIER|TEIJIN|TEIJIN FRONTIER JAPAN,False,True,750.5,False,False,False,False,
CN2020066P1F1Z7,Zhejiang Hindar Optical,"38 Jiguang Road, Louqiao Industrial Area. Ouhai District, Wenzhou, Zhejiang, 325000 ",CN,China,27.956432,120.6008319,CN-ZJ,False,CN-ZJ,True,licensee,False,False,False,True,False,Tier 1 (finished goods),adidas list,0,Accessories,FGX INTERNATIONAL,False,False,255.0,False,False,False,False,
CN20200790723YF,"Nanjing Handas Sporting Goods Co., Ltd","Zhetang Industrial Zone Lishui County, Nanjing, Jiangsu, China",CN,China,31.7575429,118.9139232,CN-JS,False,CN-JS,True,licensee,False,False,False,True,False,Tier 1 (finished goods),adidas list,0,Hardware,,False,False,97.0,False,False,False,False,
CN2020079K7FZ1E,"Ningbo Bright Apparels Co., Ltd.","167 Baihe Road, Xiangshan, Ningbo, Zhhejiang, China",CN,China,29.447854,121.868422,CN-ZJ,False,CN-ZJ,True,licensee,False,False,False,True,False,Tier 1 (finished goods),adidas list,0,,,False,False,50.0,False,False,False,False,
CN2020079RRZP8J,"Xiamen Yangli Garment Co., Ltd.","No. 152 Factory Tong'an Industrial Park, Tong'an District, Xiamen, Fujian, China",CN,China,24.655519,118.157607,CN-FJ,False,CN-FJ,True,licensee,False,False,False,True,False,Tier 1 (finished goods),adidas list,0,,HB ATHLETIC GLOBE TEX APPAREL,False,False,335.0,False,True,False,False,
CN20201148QHCPD,HESHAN TOP EAGLE GARMENT LTD,"DISTRICT 3 OF HECHENG INDUSTRIAL PARK, HESHAN, GUANGDONG, 529727, CHINA",CN,China,22.655715,112.886785,CN-GD,False,CN-GD,False,,True,True,False,True,False,Tier 1 (finished goods),Nike labels,0,"NIKE|APPAREL|Bike wear, Running wear, Down Jackets, Ski wear, Outdoor wear, Golf wear,| etc.| Running wear| Outdoor wear|Bike wear| Down Jacket| Golf wear| Ski wear|Garment|Woven Sportive Wear|Casual Wear|Knitted Sportive Wear",NICE APPAREL|E ONE|E ONE GARMENT,False,True,684.0,False,False,False,False,
CN2020114CS5N0T,WELLPOWER SPORTING GOODS CO LTD,"NO.112,YAOLE SECTION,LIAOFU ROAD,, DONGGUAN, GUANGDONG, 523425, CHINA",CN,China,22.9853391,113.8639282,CN-GD,False,CN-GD,False,,True,True,False,True,False,Tier 1 (finished goods),Nike labels,0,Accessories|EQUIPMENT|NIKE,WELLPOWER|WELLPOWER COMMERCE|SUMMITOP HK IDUSTRIAL,False,True,836.0,False,False,False,True,
CN2020114F4KPC3,HUBEI TOP EAGLE GARMENT LTD.,"NO. 9 YONGXING ROAD, SONGZI HUBEI, HUBEI, 434200, CHINA",CN,China,30.188114,111.79589,CN-HB,False,CN-HB,False,,True,False,True,False,False,Tier 1 (finished goods),Nike labels,0,NIKE|APPAREL,NICE APPAREL,False,False,731.0,False,False,False,False,
CN2020114GV1R32,"DONGGUAN YOUKAI INDUSTRIAL CO., LTD","BUILDING 2, 5TH FL, HUAWEI KEGU,XIANGSHAN ROAD, JICHILING,, DONGGUAN, GUANGDONG, 523000, CHINA",CN,China,22.943907,113.8488538,CN-GD,False,CN-GD,False,,True,True,False,True,False,Tier 1 (finished goods),Nike labels,0,EQUIPMENT|NIKE,DONGGUAN YOUKAI,True,False,18.0,False,False,False,False,
CN2020114J927VT,SHOETOWN (JINTAN),"DA WAN GANG VILLAGE, DA WAN GANG ADMINISTRATION ZONE, QINGYUAN CITY, GUANGDONG, 511515, CHINA",CN,China,23.6906863,113.0311513,CN-GD,False,CN-GD,False,,True,True,False,True,False,Tier 1 (finished goods),Nike labels,0,NIKE|FOOTWEAR,SHOETOWN,False,False,1033.0,False,False,False,False,
CN2020114R7PGDD,"ZHANGJIAGANG NEW HUAYUAN ACCESSONES CO., LTD","NO. 1, HENAN ROAD, TANGSHI OFFICE, YANGSHE TOWN, ZHANGJIAGANG, JIANGSU, 215600, CHINA",CN,China,31.8129406,120.5421576,CN-JS,False,CN-JS,False,,True,True,False,True,False,Tier 1 (finished goods),Nike labels,0,Accessories|NIKE|APPAREL,HUAYUAN ACCESSORIES,True,False,97.0,False,False,False,False,
CN2020114SSBG2A,"NICE BAG HUAI AN INTERNATIONAL IND CO.,LTD","NO.2-1, HONGSHENG ROAD ECONOMIC DEVELOPMENT ZONE, HUAI AN CITY, JIANGSU, 223005, CHINA",CN,China,33.5847235,119.0660357,CN-JS,False,CN-JS,False,,True,False,True,False,False,unknown,none,0,,,False,False,605.0,False,False,False,False,
CN2020114V36TPF,"HONG SHENG LEATHER DONGGUAN IND. CO., LTD","WEN TANG INDUSTRY SECTION, DONG GUAN, GUANGDONG, 523121, CHINA",CN,China,23.0394812,113.8339589,CN-GD,False,CN-GD,False,,True,True,False,True,False,Tier 1 (finished goods),Nike labels,0,EQUIPMENT|NIKE,GUANG DER,False,False,804.0,False,False,False,False,
CN2020114YFXK91,"YONGZHOU KAIXIN SHOETOWN FOOTWEAR CO., LTD.","INTERSECTION OF ZHENXING RD, YONG ZHOU, HUNAN, 425300, CHINA",CN,China,25.5263874,111.6008607,CN-HN,False,CN-HN,False,,True,True,False,True,False,Tier 1 (finished goods),Nike labels,0,NIKE|FOOTWEAR,SHOETOWN,False,False,603.0,False,False,False,False,
CN2020114ZQ69RR,"JINING YONGJIN SHOES CO., LTD.","NO.456 OF E MEI SHAN ROAD,ZHONGDU STREET,WENSHANG TOWN., JI NING CITY, SHANDONG, 272500, CHINA",CN,China,35.7217841,116.4678923,CN-SD,False,CN-SD,False,,True,False,True,False,False,Tier 1 (finished goods),Nike labels,0,NIKE|FOOTWEAR,TAEKWANG,False,False,1061.0,False,False,False,False,
CN2020115GCNM78,QUANZHOU UNISON LIGHT INDUSTRIAL MANUFACTURING CO. LTD.,"ROOM28, YANGSHI STREET, JINLONG YUXIA PARK, LICHENG DISTRICT, QUANZHOU, FUJIAN, 362000, CHINA",CN,China,24.9032302,118.551866,CN-FJ,False,CN-FJ,False,,True,True,False,True,False,Tier 1 (finished goods),Nike labels,0,EQUIPMENT|NIKE|Acessories,SPORTSFACTORY CONSULTING|QUANZHOU UNISON LIGHT INDUSTRIAL,True,True,62.0,False,False,False,False,
CN2020115ZZX15X,DRAGON CROWD GARMENT INC.,"#10 HUANG SU DONG ROAD, NINGBO, ZHEJIANG, 315000, CHINA",CN,China,29.802424,121.628123,CN-ZJ,False,CN-ZJ,False,,True,False,True,False,False,Tier 1 (finished goods),Nike labels,0,NIKE|APPAREL,DRAGON CROWD,False,False,199.0,False,False,False,False,
CN2020133RBGNHN,"Eagle Nice(Jingmen) Garments Co., Ltd.","No 1-1 FengHuang Third Road  High-tech Zone Duodao District, JingMen, Hubei, China",CN,China,30.9299642,112.1789076,CN-HB,False,CN-HB,False,,True,True,False,True,False,Tier 1 (finished goods),Nike labels,0,NIKE|APPAREL,EAGLE NICE,False,False,792.0,False,False,False,False,
CN20201916YD6PD,"Guangdong Glory Textile Enterprise Co., Ltd.","Heping Xiacuo Industrial Park, Chaoyang District Shantou, Shantou",CN,China,23.255954,116.4416,CN-GD,False,CN-GD,False,,True,True,False,True,False,Tier 2 (materials and processing),Nike labels,0,MATERIALS|NIKE|FOOTWEAR,HARVEST GLORY,True,False,202.0,False,False,False,False,
CN2020191VRQXEN,"JIAXING DIWEI FASHION CO., LTD.","NO.355, HENGXING ROAD, PUYUAN TOWN,, TONGXIANG",CN,China,30.6603847,120.5927992,CN-ZJ,False,CN-ZJ,True,primary,False,False,False,True,False,Tier 1 (finished goods),adidas list,0,,RALSEY,False,False,,False,False,False,False,
CN2020191W9P5TT,"Fujian Huajin Industrial Co., Ltd.","No. 488 Dongqiao, Qiaojiang Neighborhood Committee, Dongqiao Town, Xiuyu District,  Putian City, 351100  Fujian Province, China",CN,China,25.169005,119.07646,CN-FJ,False,CN-FJ,True,wet process,False,False,False,True,False,Tier 2 (materials and processing),adidas list,0,,HUA FENG,False,False,327.0,False,False,False,False,
CN2020290Y5CKRT,"Jining Yizhen Garment Co., Ltd ","No.8 Fuodu Road, Economy Development Zone, Wenshang County, Jining, Shandong",CN,China,35.694538,116.492792,CN-SD,False,CN-SD,True,licensee,False,False,False,True,False,Tier 1 (finished goods),adidas list,0,,SHANGHAI MUDOO TEXTILE|SHANGHAI MUDOO,False,True,247.0,False,False,False,False,
CN2020309MEXAGT,"Jiangyin Fansheng Knitting Co., Ltd.","No. 199, Huannan Road , Huashi Town , Jiangyin, Jiangsu, 214421, China",CN,China,31.8241029,120.451574,CN-JS,False,CN-JS,True,licensee,False,False,False,True,False,Tier 1 (finished goods),adidas list,0,Accessories|Accessories|Accessories|Apparel|Accessories|Accessories,EDWIN|B CAVE,False,True,61.25,False,False,False,False,
CN2020337Q7Q977,ZHIXIANG KNITTING CLOTHING FACTORY,"No 9 Tongguang Road,HAITONG TOWN SHEYANG COUNTY YANCHENG,JIANGSU,224373,CHINA",CN,China,33.734766,120.385524,CN-JS,False,CN-JS,False,,True,True,False,True,False,Tier 1 (finished goods),Nike labels,0,NIKE|APPAREL,SHEYANG ZHIXIANG KNITTING CLOTHING FACTORY|ZHIXIANG KNITTING FACTORY,True,True,298.5,False,True,False,False,
CN2020351YJCKV8,PAIHO GROUP (WUXI ),"NO.18 HEXIN ROAD,XISHAN ECONOMIC DEVELOPMENT ZONE ,WUXI ,JIANGSU  WUXI 214101 ",CN,China,31.609243,120.38249,CN-JS,False,CN-JS,False,,True,True,False,True,False,Tier 2 (materials and processing),Nike labels,0,MATERIALS|NIKE|APPAREL,WUXI PAIHO TEXTILES|PAIHO,False,True,981.0,False,False,False,False,
CN20210064FDTPC,"Shanghai YKK Zipper Co.,Ltd (Minhang)","468 Lu-Chun Road, Minhang Economic &Technological Development Zone, Shanghai, China",CN,China,31.004697,121.381246,CN-SH,False,CN-SH,True,wet process,True,True,False,True,False,Tier 2 (materials and processing),adidas list,0,Raw Material|hook and loop belts|zippers|Trims|Trims|MATERIALS|NIKE|APPAREL|Trims|ZIPPER,YKK TAIWAN|YKK|YKK YOSHIDA KOGYO KABUSHIKIKAISHA,True,True,865.0,False,False,False,False,
CN2021006J87TWK,"YKK Zipper (Shenzhen) Co., Ltd","Shenzhen (Fuyong factory), Tangwei Industrial Park, Fuyong Street, Baoan District, Shenzhen, Guangdong, CHINA",CN,China,22.6699578,113.8229273,CN-GD,False,CN-GD,True,wet process,False,False,False,True,False,Tier 2 (materials and processing),adidas list,0,accessories|Raw Material|Trims|Fabricated metal products |Trims|Trims|Trims|Trims,YKK|YKK YOSHIDA KOGYO KABUSHIKIKAISHA,False,True,903.0,False,False,False,False,
CN20210553BHKDZ,"Dongguan Crystal Knitting & Garment CO., Ltd.","No.108, Changping Duan, Dongshen Road, Sima Village, Changping Town, Dongguan City, Guangdong, China",CN,China,22.9797409,114.073313,CN-GD,False,CN-GD,True,primary,False,False,False,True,False,Tier 1 (finished goods),adidas list,0,,CRYSTAL SL GLOBAL PTE|CRYSTAL INTERNATIONAL|CRYSTAL SL GLOBAL HONG KONG,False,True,2815.25,False,False,False,False,
CN20210554CXJ54,"Changzhou Hualida Garments Group Co., LTD","No.5 Building, Hualida Industrial Park of Garment Science and Technology, No. 599, ZhongWu Avenue, TianNing District, ChangZhou City, China",CN,China,31.7484327,119.9829339,CN-JS,False,CN-JS,True,primary,False,False,False,True,False,Tier 1 (finished goods),adidas list,0,,,False,False,1524.25,False,False,False,False,
CN2021055Z5ZA3G,"DONGGUAN PARK SPORT PRODUCTS CO., LTD","NO42 HUANSHI S. ROAD, TANGXIA TOWN, DONGGUAN, Guangdong, China",CN,China,22.783904,114.098633,CN-GD,False,CN-GD,True,licensee,False,False,False,True,False,Tier 1 (finished goods),adidas list,0,Accessories|Accessories|Hardgoods|Hardware,KEYMAN MANAGEMENT C O COMAX SPORTING GOODS|KEYMAN MGMT COMAX SPORTING GOODS|KEYMAN MANAGEMENT,False,True,328.25,False,False,False,False,
CN2021077K208CD,Apache Footwear Ltd Heyun Branch Company,"North of Tongfu Road, New city development area, Qingxing District, Heyun Town",CN,China,23.734677,113.017747,CN-GD,False,CN-GD,True,primary,False,False,False,True,False,Tier 1 (finished goods),adidas list,0,,APACHE FOOTWEAR,False,False,669.5,False,False,False,False,
CN2021077MDBWBQ,"Dalian Cheng Hua Footwear Co.,Ltd","Industrial park,",CN,China,31.319614,120.770586,CN-JS,False,CN-JS,True,primary,False,False,False,True,False,Tier 1 (finished goods),adidas list,0,,JANGCHUN SHOE MANUFACTURING DALIAN,False,False,72.0,True,False,False,False,
CN202113905GXTF,SONGSEN GARMENT SUZHOU LTD,"168, Liufeng Road, Suzhou Wuzhong Economic Development Zone, Suzhou 215124 P.R China.",CN,China,31.22197,120.67071,CN-JS,False,CN-JS,False,,True,True,False,True,False,Tier 1 (finished goods),Nike labels,0,NIKE|APPAREL,TAI WAH|RAMATEX,False,True,619.0,False,False,False,False,
CN20211395TY6Y4,MAZEN (JIANG MEN)INDUSTRIES LIMITED,"FLOOR 1-2, ZONE 211-A , JIANGMEN, GUANGDONG",CN,China,22.579117,113.081508,CN-GD,False,CN-GD,False,,True,False,True,False,False,unknown,none,0,,,False,False,233.0,False,False,False,False,
CN202113979ZXXC,CHUZHOU KORRUN FUTURE LUGGAGE PRODUCTS CO  LTD,"BLOCK#12 ,QUANZHOU ROAD#100,, CHUZHOU, ANHUI",CN,China,32.3045297,118.4186995,CN-AH,False,CN-AH,False,,True,False,True,False,False,Tier 1 (finished goods),Nike labels,0,EQUIPMENT|NIKE,FORMOSA,False,False,486.0,False,False,False,False,
CN2021139FK4F4W,SHANDONG YUANCHENGHE GARMENTS CO LTD,"HUANGCHENG SCIENCE AND TECHNOLOGY PARK, NINGYANG COUNTY, TAIAN CITY, SHANDONG",CN,China,35.758786,116.805796,CN-SD,False,CN-SD,False,,True,False,True,False,False,Tier 1 (finished goods),Nike labels,0,NIKE|APPAREL,FAR EASTERN,False,False,167.0,False,False,False,False,
CN2021139GYEJJ3,LEAGUE OPTICAL CENTER,"NO. 24, XIAOLANGHUAN ROAD, SANXIANG TOWN, ZHONGSHAN , GUANGDONG",CN,China,22.348559,113.443885,CN-GD,False,CN-GD,True,licensee,True,False,True,True,False,Tier 1 (finished goods),adidas list,0,,,False,False,51.0,False,False,False,False,
CN2021139PS26B5,ZHONGSHAN CITY BANFU TOWN GANG YI KNITTING FACTORY,"136, BAN FU TOWN, ZHONG SHAN CITY, GUANGDONG",CN,China,22.414907,113.324322,CN-GD,False,CN-GD,False,,True,False,True,False,False,Tier 1 (finished goods),Nike labels,0,CONVERSE|EQUIPMENT,ZHONGSHAN,False,False,85.0,False,False,False,False,
CN2021139PZ7BDQ,JIANSHAN BENHUI PRINTING CO  LTD,"239 YUNSI ROAD, DAYUN TOWN, JIASHAN ZHEJIANG, JIAXING, ZHEJIANG",CN,China,30.7827428,120.9545576,CN-ZJ,False,CN-ZJ,False,,True,False,True,False,False,Tier 1 (finished goods),Nike labels,0,NIKE|APPAREL,JIASHAN BENHUI,False,False,33.5,False,False,False,False,
CN2021139QN5YH3,QINGYUAN CITY LIANNAN YAO NATIONALITY AUTONOMOUS COUNTY RONGFANG FOOTWEAR,"50 YAN JIANG EAST ROAD,SAN JIANG TOWN LIAN NAN COUNTY, QING YUAN, GUANGDONG",CN,China,23.511175,113.006555,CN-GD,False,CN-GD,False,,True,True,False,True,False,Tier 1 (finished goods),Nike labels,0,NIKE|FOOTWEAR,SHOETOWN,False,False,758.0,False,False,False,False,
CN2021139TGV9R9,FUJIAN FYNEX GARMENT LIMITED LIABILITY COMPANY - XIAMEN BRANCH,"NO.175 JI AN ROAD TONGAN DISTRICT XIAMEN CITY, XIAMEN, FUJIAN",CN,China,24.704862,118.119271,CN-FJ,False,CN-FJ,False,,True,False,True,False,False,unknown,none,0,Apparel,FUJIAN FYNEX TEXTILE,False,False,289.25,False,False,False,False,
CN2021139VCC53Y,XIAMEN EXPANDING INDUSTRIAL CO  LTD,"NO.21 SIMING PARK,INDUSTRIAL  ZONE,TONGAN DISTRICT, XIAMEN, FUJIAN",CN,China,24.445567,118.082658,CN-FJ,False,CN-FJ,False,,True,True,False,True,False,Tier 1 (finished goods),Nike labels,0,NIKE|APPAREL,HADDAD,True,False,85.0,False,False,False,False,
CN2021139WM61C6,CHONGQING SUMEC CHANGJIANG GARMENT CO LTD,"NO.22-2 , LIANHE ROAD , WANZHOU DISTRICT, CHONGQING, CHONGQING",CN,China,30.807667,108.408661,CN-CQ,False,CN-CQ,False,,True,False,True,False,False,Tier 1 (finished goods),Nike labels,0,vests|Textile|NIKE|APPAREL,SINOMACH SUMEC TEXTILE|SUMEC TEXTILE AND LIGHT INDUSTRY,True,True,197.0,False,False,False,False,
CN20211613SFYQY,"Cosmo Textile Co., Ltd. (Zhongshan)","Block 17-21, Longzhuyuan,Nanlang Industrial District, Nanlang Town, Zhongshan, GuangDong",CN,China,22.498612,113.530998,CN-GD,False,CN-GD,False,,True,True,False,True,False,Tier 2 (materials and processing),Nike labels,0,MATERIALS|CONVERSE|FOOTWEAR,COSMOSTAR SINGAPORE|COSMO TEXTILES|COSMOPOLITAN TEXTILE,True,True,63.0,False,False,False,False,
CN2021161G22Z8S,"Xinngye Leather Technology Co.,Ltd","No. 1 Xingye Road, No.2 Industrial Park, Anhai, Jinjinag City, Quanzhou, Fujian Province, China, FuJian",CN,China,24.716803,118.476341,CN-FJ,False,CN-FJ,True,wet process,False,False,False,True,False,Tier 2 (materials and processing),adidas list,0,Textile,XING YE,False,False,800.0,False,False,False,False,
CN2021161SYTJ01,"Xiang Zhou Lether Co.,LTD","Chihu Industrial, Zhangpu, Zhangzhou, FuJian",CN,China,24.110464,117.876232,CN-FJ,False,CN-FJ,False,,True,True,False,True,False,Tier 2 (materials and processing),Nike labels,0,MATERIALS|NIKE|FOOTWEAR,XIANG JIANG LEATHER|XIANG ZHOU LEATHER,False,True,490.0,False,False,False,False,
CN202117943SC8V,Ramatex Printing Garment (Suzhou) Ltd.,"No.168 Liufeng Road, Wuzhong Economic Development Zone, Suzhou, Jiangsu Province, China",CN,China,31.2482941,120.6439848,CN-JS,False,CN-JS,False,,True,True,False,True,False,Tier 2 (materials and processing),Nike labels,0,,GIMMILL|RAMATEX,False,True,570.0,False,False,False,False,
CN202118275VT9B,Dongguan Yeji Industrial Company Limited,"Room 101, No.3 Building, No.112,  Changhuang Road, Changping Town, Dongguan City, Guangdong Province, China",CN,China,22.9479766,114.0076061,CN-GD,False,CN-GD,True,primary,True,True,False,True,False,Tier 1 (finished goods),adidas list,0,Apparel|Apparel|NIKE|APPAREL,CRYSTAL SL GLOBAL PTE|CRYSTAL INTERNATIONAL|CRYSTAL,False,True,734.0,False,False,False,False,
CN2021182YBDBRT,"GUANGZHOU JIN HONG YUAN LEATHER PRODUCT CO.,LTD","#16-18, SANHE STREET, JINGKOU ROAD, SHILING TWON,HUADU DISTRICT, GUANGZHOU CITY.., GUANGZHOU CITY, Guangdong, 510800",CN,China,23.4455622,113.1780715,CN-GD,False,CN-GD,False,,True,True,False,True,False,Tier 1 (finished goods),Nike labels,0,Accessories|Accessories,GAUNGZHOU JIN HONG YUAN LEATHER PRODUCT,False,False,11.0,False,False,False,False,
CN20211833X8Q56,Trimco Group (Zhejiang) Co Ltd,"No.236, Xin Lang Road,, Yu Yao City, Zhejiang, ",CN,China,30.1545309,121.1087899,CN-ZJ,False,CN-ZJ,False,,True,True,False,True,False,Tier 1 and 2 (conflicting reports),Nike labels,0,Label|Label|Label|Labels|Labels,FENGHUA FUSHENG KNITTING GARMENT FACTORY|NINGBO SONGNAN GARMENT|KASHION INDUSTRY|TRIMCO|TRIMCO HONG KONG,False,True,300.0,False,False,False,False,
CN2021183GCD4XC,Dongguan Lee Fong Label Manufacture Ltd.,"No.2 Kaixuan Road, sangyuan community, Dongcheng District, Dongguan city, Guangdong Province, China",CN,China,23.054123,113.805419,CN-GD,False,CN-GD,False,,True,False,True,False,False,Tier 1 (finished goods),Nike labels,0,NIKE|APPAREL,LEE BOU LABEL ENTERPRISE,False,False,626.0,False,False,False,False,
CN2021250D1DTN7,"Huai An Yuan Tong Headwear Mfg. Co., Ltd.","No.30 & 32 & 99 Yan Huang Avenue, Lian Shui Economic Developmental District, Huaian ,Jiangsu",CN,China,33.7862099,119.2787399,CN-JS,False,CN-JS,True,primary,True,True,False,True,False,Tier 1 (finished goods),adidas list,0,Accessories|Accessories|Accessory| Hats|Caps |Accessories|Accessories|Leather Garments Apparel|Accessories|Accessories|Accessories|Accessories|Accessories|Accessories|Hats|Accessories|Apparel |Accessories|Headwear|NIKE|APPAREL|ACCESSORIES|Accessories|Accessories|Accessory,ASI GLOBAL|SHANGHAI PACIFIC HAT MANUFACTURING|ASIAN SOURCING HEADWEAR|ASI|OUTDOOR CAP|ASIAN SOURCING INTERNATIONAL,False,True,3000.0,False,False,False,False,
CN2021356XQWFGK,"ASCOTT UNDERWEAR CO.,LTD.DALIAN",1-4 LAYER NO.297 JINWAN ROAD ZHANQIAN STREET JINZHOU DISTRICT  DALIAN CITY 116000 Liaoning China,CN,China,39.08367,121.71311,CN-LN,False,CN-LN,True,licensee,False,False,False,True,False,Tier 1 (finished goods),adidas list,0,underwear|underwear,CF CREATIVE,False,False,47.5,False,False,False,False,
CN202202123S091,First Sports Equipment Factory,No.5 West Xinhui Road Xinhui District Jiangmen City Guangdong China,CN,China,22.51301,113.06071,CN-GD,False,CN-GD,True,licensee,False,False,False,True,False,Tier 1 (finished goods),adidas list,0,Fashion|Fashion,SION INTERNATIONAL,False,False,722.0,False,False,False,False,
CN202203598WJ20,"Xiamen Mingho Brothers Mfg Co., Ltd.","No.28 Ji'An Road, Tong'An District, Xiamen City, Fujian Province, Xiamen, Fujian Sheng, 361100",CN,China,24.70467,118.1244,CN-FJ,False,CN-FJ,True,primary,False,False,False,True,False,Tier 1 (finished goods),adidas list,0,Accessories|Home Goods|Home goods,,False,False,197.0,False,False,False,False,
CN2022054E5DMSD,"NINGBO  JIURONG  FINERY CO.,LTD",NO.368 Yunlin  Road East， Zhangjiatan， Gulin Town， Ningbo，China,CN,China,29.83524,121.435704,CN-ZJ,False,CN-ZJ,True,licensee,False,False,False,True,False,Tier 1 (finished goods),adidas list,0,,,False,False,86.0,False,False,False,False,
CN2022063DM3TVS,"ZHUCHENG RILI GARMENT CO., LTD.","Mianzhi Street Zhucheng, Zhucheng, Shandong, China",CN,China,35.98233,119.39321,CN-SD,False,CN-SD,True,licensee,False,False,False,True,False,Tier 1 (finished goods),adidas list,0,,,False,False,155.0,False,False,False,False,
CN20220649MCF81,COSMO (HTA),"NO. 45, XIN YUAN ROAD, YUANHUA TOWN, HAINING, Zhejiang, 314400",CN,China,30.39756,120.77228,CN-ZJ,False,CN-ZJ,False,,True,False,True,False,False,Tier 2 (materials and processing),Nike labels,0,MATERIALS|NIKE|FOOTWEAR,COSMOPOLITAN TEXTILE,False,False,234.0,False,False,False,False,
CN2022064E0XBXM,"FORMOSA TAFFETA(CHANGSHU) CO., LTD","NO.15, PENGHU RD., SOUTHEAST ST., CHANGSHU CITY, SUZHOU, Jiangsu, 215500",CN,China,31.6137931,120.8307684,CN-JS,False,CN-JS,True,wet process,True,True,False,True,False,Tier 2 (materials and processing),adidas list,0,MATERIALS|NIKE|APPAREL|Apparel,FORMOSA|FORMOSA TAFFETA,False,True,260.0,False,False,False,False,
CN20220652JDWZY,Cheng Yi Optical Co. Ltd,"No.150 South Long Shan Road, Xiamen",CN,China,24.48697,118.13717,CN-FJ,False,CN-FJ,True,licensee,False,False,False,True,False,Tier 1 (finished goods),adidas list,0,Hardware|Hardware|Accessories|Hardware,SUN WELLEN,False,False,852.5,False,False,False,False,
CN202206533CXP7,KUO YUEN (TR1) (CHINA),"NO 2 Jing Cheng 2 Road Huang Jiang Dong Guan China, Dongguan, Guangdong, 500711",CN,China,22.915278,114.003561,CN-GD,False,CN-GD,False,,True,True,False,True,False,Tier 2 (materials and processing),Nike labels,0,MATERIALS|NIKE|FOOTWEAR,KUO YUEN,False,False,205.0,True,False,False,False,
CN20220653ENC0M,ITW Graphics-Enping,"PuQiao Economic Industry Develop District Shahu Town, Enping, Guangdong, 529400",CN,China,22.38526,112.44653,CN-GD,False,CN-GD,False,,True,False,True,False,False,Tier 1 (finished goods),Nike labels,0,NIKE|APPAREL,ITW GRAPHICS ASIA,False,False,113.0,False,False,False,False,
CN20220656E2765,ASIATAN (CHINA),"93 TIANHE W ROAD BAI SHA VILLAGE, Jiangmen Guangdong, Guangdong",CN,China,22.57368,113.07113,CN-GD,False,CN-GD,False,,True,True,False,True,False,Tier 2 (materials and processing),Nike labels,0,MATERIALS|NIKE|FOOTWEAR,ASIATAN,False,False,322.0,False,False,False,False,
CN20220658AGT53,"NINGBO MITSUBANA APPERAL CO., LTD","NO 1338 YUFAN ROAD E ZHENHAI, NINGBO, Zhejiang, 315207",CN,China,29.965,121.66964,CN-ZJ,False,CN-ZJ,False,,True,True,False,True,False,Tier 1 (finished goods),Nike labels,0,CONVERSE|APPAREL,NINGBO MITSUBANA,False,False,76.0,False,False,False,False,
CN2022065A1P0FJ,PAIHO (DONGGUAN),"HUANBAO INDUSTRY DISTRICT, DONGGUAN, Guangdong, 523998",CN,China,22.8609406,113.6400244,CN-GD,False,CN-GD,False,,True,True,False,True,False,Tier 2 (materials and processing),Nike labels,0,MATERIALS|NIKE|FOOTWEAR,PAIHO,False,False,1800.0,False,False,False,False,
CN2022065A3BGMY,KURARAY CO LTD (CLARINO) (TR1) (TR1) (CHINA),"NO 1568 Dongfang Road Jiaxing, Jiaxing Zhejiang, Zhejiang",CN,China,30.77139,120.76608,CN-ZJ,False,CN-ZJ,False,,True,True,False,True,False,Tier 2 (materials and processing),Nike labels,0,MATERIALS|NIKE|FOOTWEAR,KURARAY,False,False,390.0,False,False,False,False,
CN2022065C9FSED,CHI YANG,"Xin Tai Industrial Zone, Zhang Zhou, Fujian, 363900",CN,China,24.7211999,117.815,CN-FJ,False,CN-FJ,False,,True,True,False,True,False,Tier 2 (materials and processing),Nike labels,0,MATERIALS|NIKE|APPAREL,CHI YANG RIBBON,False,False,123.0,False,False,False,False,
CN2022065DR3GQH,Beijing Our Clothing&Apparel Ltd.,"XiQu YiHao ChongXingSi Village, BeiJing, Beijing, 100024",CN,China,39.90265,116.61907,CN-BJ,False,CN-BJ,False,,True,True,False,True,False,Tier 1 (finished goods),Nike labels,0,NIKE|APPAREL,BEIJING CLOTHING,True,False,5.0,False,False,False,False,
CN2022065E4J8N3,BAIKSAN (CHINA),"No 4 Industrial West Road, Dongguan, Guangdong, 523950",CN,China,23.03013,113.75,CN-GD,False,CN-GD,True,wet process,True,True,False,True,False,Tier 2 (materials and processing),adidas list,0,MATERIALS|NIKE|FOOTWEAR,BAIKSAN,False,False,160.0,False,False,False,False,
CN2022065E96TSJ,League Optical(Zhongshan) Workshop Limited,"Yaguan building 3, Zhongshan , Guangdong, 528463",CN,China,22.3579799,113.44142,CN-GD,False,CN-GD,False,,True,True,False,True,False,Tier 1 (finished goods),Nike labels,0,EQUIPMENT|NIKE|Optical frames|Sunglasses,ARTS|ARTS OPTICAL,True,True,52.0,False,False,True,False,
CN2022065MS2M9E,"JOV GARMENT ACCESSORIAL MATERIAL CO., LTD","No 226 Pengfeng Road Dakun Industrial Zone , Songjiang, Shanghai, 201600",CN,China,31.01187,121.143,CN-SH,False,CN-SH,False,,True,True,False,True,False,Tier 2 (materials and processing),Nike labels,0,MATERIALS|NIKE|APPAREL,,False,False,117.0,False,False,False,False,
CN2022065NN4YYC,WangXin textile mill,"Building C, Yuanzhou Town, Guangdong, 516123",CN,China,23.12598,113.96475,CN-GD,False,CN-GD,False,,True,False,True,False,False,unknown,none,0,MATERIALS|NIKE|FOOTWEAR,,True,False,2.0,False,False,False,False,
CN2022065QGPTMD,ISA INDUSTRIAL CO LTD (HESHAN) (CHINA),"No  1 Xingli Road Hecheng Town, Heshan, Guangdong, 529700",CN,China,22.7631999,112.966,CN-GD,False,CN-GD,False,,True,True,False,True,False,Tier 2 (materials and processing),Nike labels,0,MATERIALS|NIKE|FOOTWEAR,ISA,False,False,538.0,False,False,False,False,
CN2022065R1QJNS,"Boling Digital (Xiamen) Technology Co., Ltd.","Room 301, 3rd Floor, Building 3, No.175 Ji 'an Road, Xinmin Town, Tong 'an District, Xiamen, Fujian 361021",CN,China,24.70483,118.1194,CN-FJ,False,CN-FJ,False,,True,True,False,True,False,Tier 1 (finished goods),Nike labels,0,NIKE|APPAREL,ATG BRANDS AND DATA|HADDAD,True,True,103.0,False,True,False,False,
CN2022065S5HPHR,Dongguan United Creation Optical Limited,"Room 101, Building 2, Dongguan, Guangdong, 523642",CN,China,23.0206699,113.75179,CN-GD,False,CN-GD,False,,True,False,True,False,False,Tier 1 (finished goods),Nike labels,0,EQUIPMENT|NIKE,UNITED,False,False,261.0,True,False,False,False,
CN2022065S9J8MJ,HUA FENG (CHINA),"West side, Putian, Fujian, 351146",CN,China,25.2160999,119.29,CN-FJ,False,CN-FJ,False,,True,True,False,True,False,Tier 2 (materials and processing),Nike labels,0,MATERIALS|NIKE|FOOTWEAR,HUA FENG TEXTILE,False,False,285.0,False,False,False,False,
CN2022065SMM9AP,"Changzhou Qingqing Knitted Textile Co., Ltd.","80 Xingbiao North Rd  Zhiqian Town Jintan District, Changzhou, Jiangsu, 213234",CN,China,31.61659,119.496,CN-JS,False,CN-JS,False,,True,True,False,True,False,Tier 2 (materials and processing),Nike labels,0,MATERIALS|NIKE|APPAREL,DECOR,False,False,112.0,False,False,False,False,
CN2022065T1GGQM,HUAFENG HAPTIC,"GF Building D10, Hua Feng Sporting Goods Industrial Park, Putian, Fujian, 351144",CN,China,25.2456385,118.8627477,CN-FJ,False,CN-FJ,False,,True,True,False,True,False,Tier 1 (finished goods),Nike labels,0,NIKE|FOOTWEAR,HUA FENG TEXTILE,False,False,92.0,False,False,False,False,
CN2022065TJW2YA,"Suning County Zhongyuan Textile Co.,Ltd.","Suning County, Cangzhou, Hebei, 62350",CN,China,38.4298099,115.87399,CN-HE,False,CN-HE,False,,True,True,False,True,False,Tier 2 (materials and processing),Nike labels,0,MATERIALS|NIKE|FOOTWEAR,HAIAN,True,False,42.0,False,False,False,False,
CN2022065V7E3XJ,SIMONA TANNING INC (CHINA),"No 8 High Tech 1st Road Buchang Town HuanBaoCheng, Yangjiang, Guangdong, 529500",CN,China,21.777182,111.937405,CN-GD,False,CN-GD,False,,True,False,True,False,False,Tier 2 (materials and processing),Nike labels,0,MATERIALS|NIKE|FOOTWEAR,SIMONA TANNING,False,False,620.5,False,False,False,False,
CN2022065VHVXPW,S.E.C. (Dongguan) Accessories Limited,"No.6, Xinghe Road, Licun Industrial Area, Xiegang Town, , Dongguan City, Guangdong, 523590",CN,China,23.32875,116.41815,CN-GD,False,CN-GD,False,,True,False,True,False,False,Tier 1 (finished goods),Nike labels,0,NIKE|APPAREL|Heat Transfers,SEC ACCESSORIES|S E C ACCESSORIES,False,True,108.0,False,False,False,True,
CN2022065Z4SVC5,"COSMO TEXTILE CO.,LTD(KNITTING/WOVEN CHINA)","THE THIRD INDUSTRIAL ESTATE, Dongguan, Guangdong, 523159",CN,China,23.0206699,113.75179,CN-GD,False,CN-GD,False,,True,True,False,True,False,Tier 2 (materials and processing),Nike labels,0,MATERIALS|NIKE|FOOTWEAR,COSMOPOLITAN TEXTILE,False,False,164.0,True,False,False,False,
CN2022065ZWG1DV,MAXIM SMART MANUFACTURING CO LTD,"No 398 Jinxiu Rd Yaozhuang Town Jiashan, Jiaxing, Zhejiang, 314117",CN,China,30.78223,120.76182,CN-ZJ,False,CN-ZJ,False,,True,True,False,True,False,Tier 2 (materials and processing),Nike labels,0,MATERIALS|NIKE|APPAREL,MAXIM,False,False,627.5,False,False,False,False,
CN2022067BBTCXX,Jiangmen Treasure Success Business Consultancy Company Limited,"Self-compiled B2 (1-2F), (Building No. 2), No. 3 Jinhua Road, Huicheng, Xinhui District, JiangMen, Guangdong",CN,China,22.512456,113.032923,CN-GD,False,CN-GD,True,licensee,False,False,False,True,False,Tier 1 (finished goods),adidas list,0,,,False,False,,False,False,False,False,
CN20220763SAVV0,Texon Dongguan Non Woven Ltd.,"No.,17th, WeiHen Road, NiuShan Foreign Industrial Park, DongCheng District, Dongguan City, Guangdong Province",CN,China,23.028053,113.783327,CN-GD,False,CN-GD,True,wet process,False,False,False,True,False,Tier 2 (materials and processing),adidas list,0,,COATS|COATS THREAD,False,True,116.0,True,False,False,False,
CN2022158R2TT8V,"Chuzhou Korrun Future Luggage Products Co., Ltd","1# Building, No. 708 Huizhou North Road, Chuzhou City, Anhui",CN,China,32.31565,118.39136,CN-AH,False,CN-AH,False,,True,True,False,True,False,Tier 1 (finished goods),Nike labels,0,,FORMOSA,False,False,592.0,False,False,False,False,
CN20221929WWETC,"Zhuji Hengan Socks CO., LTD.","No.8, Tianyuan West Road, Caota Town, Zhuji, Zhejiang, 311812, China",CN,China,29.6838479,120.1352806,CN-ZJ,False,CN-ZJ,False,,True,True,False,True,False,Tier 1 (finished goods),Nike labels,0,SOCKS |NIKE|APPAREL|SOCKS ,HENGTAI,True,False,93.0,False,False,False,False,
CN20222012M42TG,"Zhejiang Jasan Group Jiangshan Knitting Co.,Ltd Phase III","Building 5, No.18 Chuangxin Road, Qinghu street, Quzhou",CN,China,28.6856432,118.5894971,CN-ZJ,False,CN-ZJ,True,licensee,False,False,False,True,False,Tier 1 (finished goods),adidas list,0,socks|socks,ZHEJIANG JASAN,False,False,951.25,False,False,False,False,
CN2022228WACASR,APACHE FOOTWEAR LTD. (QING XIN),"TAI PING INDUSTRIAL AREA, QING XIN COUNTY,, QINGYUAN,GUANGDONG, CHINA,",CN,China,23.66738,112.883046,CN-GD,False,CN-GD,True,primary,False,False,False,True,False,Tier 1 (finished goods),adidas list,0,,,False,False,5043.0,False,False,False,False,
CN20222929B6W0T,"Fuqing HaiAn Textile Printing & Dyeing Co., Ltd.","Shunbao Road, Jiangyin Industrial Zone, Fuqing City, Fujian 350309",CN,China,25.5050528,119.2548596,CN-FJ,False,CN-FJ,False,,True,False,True,False,False,unknown,none,0,FOOTWEAR|NIKE|MATERIALS,COAST INTERNATIONAL DEVELOPMENT,True,False,55.0,False,False,False,False,
CN2022292ACHNMM,"Jiangxi Huaqing Glasses Co., Ltd.","3 Hengtong Avenue,, Glasses Industrial Park,, Yujiang District, Yingtan, Jiangxi 335000",CN,China,28.276096,116.976213,CN-JX,False,CN-JX,True,licensee,False,False,False,True,False,Tier 1 (finished goods),adidas list,0,,KELFRED OPTICAL,False,False,410.0,False,False,False,False,
CN2022292C0S009,"Shaanxi White River Apparel Co., Ltd. 陕西雁中制衣有限公司","No.1 Yanzhong Street, Yanmen Road, Baishui County,, Weinan City, Shaanxi 715600",CN,China,35.2053299,109.58851,CN-SN,False,CN-SN,True,primary,True,True,False,True,False,Tier 1 (finished goods),adidas list,0,,SPORTS CITY INTERNATIONAL|SPORTS CITY,False,True,896.0,False,False,False,False,
CN2022292EQ1MDB,"Nantong Beidong Industry Trade CO.,Ltd","Industrual Concentration Area，Yuechi Village, Rudong Country, Nantong, Jiangsu 226432",CN,China,32.27572,120.92296,CN-JS,False,CN-JS,True,licensee,False,False,False,True,False,Tier 1 (finished goods),adidas list,0,,,False,False,38.0,False,False,False,False,
CN2022292J24R1N,"Fujian Huafeng Sporting Goods Science & Technology Co., Ltd.","No. 268, Lingtou, Kengyuan Village, Beigao Town, Licheng District,, Putian, Fujian, China, Fujian",CN,China,25.33992,119.14842,CN-FJ,False,CN-FJ,True,wet process,False,False,False,True,False,Tier 2 (materials and processing),adidas list,0,,HUA FENG,False,False,,False,False,False,False,
CN2022292PJSFJ6,"Suzhou Tianyuan Garments Co., Ltd","No. 157, Yushan Road, New District, Suzhou, Jiangsu",CN,China,31.29052,120.57421,CN-JS,False,CN-JS,True,primary,False,False,False,True,False,Tier 1 (finished goods),adidas list,0,,,False,False,578.0,False,False,False,False,
CN2022292PVE1EJ,"YAN TAI NE APPAREL CO.,LTD","26,Yantai Str. Haiyang Economic and Development Zone, Economic Development Zone,, Haiyang, Shandong 265100",CN,China,36.74016,121.19152,CN-SD,False,CN-SD,True,primary,False,False,False,True,False,Tier 1 (finished goods),adidas list,0,,YANTAI NE APPAREL,False,False,896.0,False,False,False,False,
CN2022292Q4TW7W,"Xiamen Mydo Sports Equipment Co., Ltd.","No. 30, Bannan Road, Dongfu Street, Haicang District, Xiamen, Fujian 361026",CN,China,24.55493,117.93005,CN-FJ,False,CN-FJ,True,licensee,False,False,False,True,False,Tier 1 (finished goods),adidas list,0,,,False,False,245.0,False,False,False,False,
CN2022292QXD0SY,Shaoxing Sunku Sports Goods Co.Ltd,"Paozhong Road, PaoJiang Industry Zone, Shaoxing, Zhejiang 312000",CN,China,30.078418,120.617471,CN-ZJ,False,CN-ZJ,True,licensee,False,False,False,True,False,Tier 1 (finished goods),adidas list,0,,,False,False,322.0,False,False,False,False,
CN2022292RT1KDQ,Cheng Guan Sports Product Technology Co. ltd,"Room 101, Building 5, No.355, Liaobu Section, Shidao Road, Liaobu Town, Dongguan, Guangdong 523426",CN,China,22.997358,113.874871,CN-GD,False,CN-GD,True,licensee,False,False,False,True,False,Tier 1 (finished goods),adidas list,0,,DONGGUAN CITY CHENGGUAN TECHNOLOGY,False,False,77.0,False,False,False,False,
CN2022292SE2FVQ,Coats Shenzhen Ltd,"Building 7/9/17 (Phase II Hi-Tech Industrial Park), Coats Industrial Park, Fengtang Dadao, Tangwei Community, Fuyong Street, Baoan District, Shenzhen, Guangdong 518103",CN,China,22.70104,113.79731,CN-GD,False,CN-GD,True,wet process,False,False,False,True,False,Tier 2 (materials and processing),adidas list,0,Raw Material|Raw Material|TRIMS,COATS|COATS THREAD,False,True,770.0,False,False,False,False,
CN2022292X7NET5,"SUZHOU BLUE SEAGULL FASHION CO., LTD","No. 1 of ZiQiang Road, Eastern Area,, LianTang Economy Exploiture Section, ShangHu Town, ChangShu,, SuZhou, Jiangsu 215551",CN,China,31.6222,120.61977,CN-JS,False,CN-JS,False,,True,True,False,True,False,Tier 1 (finished goods),Nike labels,0,NIKE|EQUIPMENT|Fashion,,True,False,48.0,False,False,False,True,
CN2022292YXE0YB,"United Creation Optical Technology Co., Ltd","D2 2 Mingde Road Glasses Industrial Park Yujiang District, Yingtan 335200",CN,China,31.14475,120.72032,CN-JS,False,CN-JS,False,,True,True,False,True,False,Tier 1 (finished goods),Nike labels,0,,UNITED CREATION|SAFILO USA,False,True,386.0,False,False,False,False,
CN2022296V78A62,"Beihai Long Yi Sporting Goods Co., Ltd","Building 1, No.3, Huike Road& Fu Tat Heng Science and Technology Park#1, A3, Beihai Integrated Free Trade Zone, Haicheng District, Guangxi Zhuang Autonomous Region, Beihai, Guangxi Zhuangzu Zizhiqu 53",CN,China,21.475,109.14071,CN-GX,False,CN-GX,True,licensee,False,False,False,True,False,Tier 1 (finished goods),adidas list,0,,,False,False,550.0,False,False,False,False,
CN2022297WP5ZFE,"Nantong NaFung Gym Equipment Co.,Ltd.","2 Group Tongshan Village, Yuelai Town, Haimen Distr ict, Nantong, Jiangsu",CN,China,31.93525,121.43611,CN-JS,False,CN-JS,False,,True,True,False,True,False,Tier 1 (finished goods),Nike labels,0,Home Goods|Home Goods|Home goods|Fitness Equipment,NANTONG NAFUNG,False,False,50.0,False,False,False,False,
CN2022297XR6P5Z,PMI Joinease Plastic & Metal Products Co. Ltd.,"Mutoutan, Group No. 2, Lizhidun Village Fu Tian Town, Boluo County Huizhou 516131 Guangdong",CN,China,23.207825,113.977976,CN-GD,False,CN-GD,False,,True,True,False,True,False,Tier 1 (finished goods),Nike labels,0,NIKE|EQUIPMENT,PMI JOINEASE,True,False,1087.5,False,False,False,False,
CN202229938CYHH,Ningbo Jiana Dress Co. Ltd.,"Building D, Inside JiaLe Industrial Park,, No. 189, TongDe Road, GuLin Town,, YinZhou District,, Ningbo, Zhejiang 315176",CN,China,29.85282,121.51163,CN-ZJ,False,CN-ZJ,True,licensee,False,False,False,True,False,Tier 1 (finished goods),adidas list,0,Dresses|One-pieces|Blouses|Polo shirts,NINGBO CHALLENGE INTERNATIONAL|NINGBO CHALLENGE INTERNATIONAL TRADE,False,True,164.5,False,False,False,True,
CN2022299CKTYDF,Paxar Packaging (Guangzhou) Limited,"No. 195 & No. 200, South of Guo Mao Avenue,, No. 1 of District C, Jin Hu Industrial Zone,, Tan Shan Village, Hua Long Town, Panyu District, Guangzhou, Guangdong 511434",CN,China,23.19446,113.34084,CN-GD,False,CN-GD,True,wet process,True,True,False,True,False,Tier 2 (materials and processing),adidas list,0,Component|Trims|TRIMS|Packaging & Printing| Add. Security Tag| Add. Paper Packaging| Add. RFID Tag| Add. Sew-In Label Printed|Add. Jewellery Card| Add. Sew-In Label Woven| Non-fur apparel|Raw Material|Accessories|NIKE|APPAREL|MATERIALS|Component|Trims|Trims,AVERY DENNISON|AVERY DENINSON,False,True,2770.0,False,False,False,False,
CN2022299XH755A,Quanzhou Fengze Yisheng Leather Co. Ltd,"1st to 3rd floor of Building No. 3 and Building No. 4,, No. 59 Changfeng Street, South District of XunMei Industrial Zone,, Chengdong, Fengze District,, Quanzhou, Fujian 362000",CN,China,24.918948,118.646467,CN-FJ,False,CN-FJ,False,,True,True,False,True,False,Tier 1 (finished goods),Nike labels,0,CONVERSE|EQUIPMENT|Accessories|Accessories,QFY|GRUPO MEXICO|AQUARIUS,True,True,49.25,False,False,False,False,
CN202230012WKGW,"FUJIAN LECROWN INDUSTRY CO., LTD","BUILDING 6.7.8, HAOLAIWU PLANT Ⅱ, NO.1 GUOYOU NORTH ROAD, DONGHU TOWN, LIANJIANG COUNTY, FUZHOU, Fujian",CN,China,26.23687,119.51399,CN-FJ,False,CN-FJ,True,primary,False,False,False,True,False,Tier 1 (finished goods),adidas list,0,,,False,False,339.0,False,False,False,False,
CN20223002YYPV9,"SHISHI YAOTIAN SPORTS GOODS. CO.,LTD.","THE THIRD INDUSTRIAL ZONE YONGNING TOWN, SHISHI , FUJIAN P.R. CHINA, SHISHI, Fujian",CN,China,24.6864,118.69394,CN-FJ,False,CN-FJ,True,licensee,False,False,False,True,False,Tier 1 (finished goods),adidas list,0,,,False,False,68.0,False,False,False,False,
CN20223005VDPGD,"Zhong Shun Textile co.,ltd","Environment Industrial Zone, Shatian Town,   Dongguan , Guangdong",CN,China,22.919615,113.61818,CN-GD,False,CN-GD,True,wet process,False,False,False,True,False,Tier 2 (materials and processing),adidas list,0,,TING SHO,False,False,,False,False,False,False,
CN20223009048AS,Dongguan Bin Bin Fashion Co Ltd,"49 ZhongXing Road, Renzhonggang Industrial Zone, BeiZha, Hu Men Town, DongGuan, Guangdong",CN,China,22.91898,113.84041,CN-GD,False,CN-GD,True,licensee,False,False,False,True,False,Tier 1 (finished goods),adidas list,0,,,False,False,273.0,False,False,False,False,
CN2022300FY31Y9,"Rongcheng City Yu Chang Sports Co., Ltd.","Rongcheng City West Town Industrial Park,  Weihai Rongcheng, Shandong",CN,China,37.1652299,122.48628,CN-SD,False,CN-SD,True,licensee,False,False,False,True,False,Tier 1 (finished goods),adidas list,0,,,False,False,20.0,False,False,False,False,
CN2022300G2GBNW,"Qingdao Huasheng Socks Co., Ltd","Jifa Knitting Industrial Park, No. 386 Liuhaohe 2nd Road, Jimo District, Qingdao, Shandong",CN,China,36.50032702654489,120.2685432703429,CN-SD,False,CN-SD,True,primary,False,False,False,True,False,Tier 1 (finished goods),adidas list,0,Packaging & Printing,QINGDAO JIFA|JIFA,False,True,500.5,False,False,False,False,
CN2022300H039WK,Salinger Watch (Shenzhen) Company,"3rd Flr, Bldg D, Zhixuanhuan Industrial Park, Yuanling Road, Baoan District, Shenzhen, Shenzhen, Guangdong",CN,China,22.80298,113.86543,CN-GD,False,CN-GD,True,licensee,False,False,False,True,False,Tier 1 (finished goods),adidas list,0,,SALINGER INTERNATIONAL,False,False,45.0,False,False,False,True,
CN2022300M28HW5,"Zhangpu Hengxin Bags Co, Ltd","No. 87, Changfa Road, Changqiao Town, Zhangzhou, Fujian, China",CN,China,24.23969,117.65823,CN-FJ,False,CN-FJ,False,,True,True,False,True,False,Tier 1 (finished goods),Nike labels,0,Accessories|NIKE|APPAREL,ZHANGPU HENGXIN,True,False,191.0,False,False,False,False,
CN2022300NBZE5C,"Fuqing Ecotex Hi-Tech Outdoor Product Co., LTD","Hong Kuan Industrial Zone,  Fuqing, Fujian",CN,China,25.75748,119.41593,CN-FJ,False,CN-FJ,True,wet process,False,False,False,True,False,Tier 2 (materials and processing),adidas list,0,,TIONG LIONG,False,False,286.0,False,False,False,False,
CN2022300QXWZV4,QINGDAO XINZHOU SPORT PRODUCTS CO LTD,"HONGSHIYA TOWN, HUANGDAO DISTRICT, QINGDAO, Shandong",CN,China,36.09634,120.1135,CN-SD,False,CN-SD,True,licensee,False,False,False,True,False,Tier 1 (finished goods),adidas list,0,,,False,False,50.0,False,False,False,False,
CN2022300WFEQMY,"Changde Victory Footwear Co., Ltd.","Inside Zhangjiang Industrial Park, Yanxi West Road, Guanjiaping Community, Zhangjiang Street, Taoyuan County, Changde, Hunan",CN,China,29.96146,110.94787,CN-HN,False,CN-HN,True,primary,False,False,False,True,False,Tier 1 (finished goods),adidas list,0,,ZHANFENG INTERNATIONAL,False,False,692.0,False,False,False,False,
CN2022300ZCC5H7,Dalian FuSheng Shoe Manufacturing Co Ltd,"1-3 Floor, 665 Jindong Road, Zhongchangcun, Zhongchang Street, Jinzhou, Dalian, Liaoning",CN,China,39.12674,121.76569,CN-LN,False,CN-LN,True,primary,False,False,False,True,False,Tier 1 (finished goods),adidas list,0,,,False,False,60.0,False,False,False,False,
CN2022300ZZ1EJS,DONGGUAN KUJIE CLOTHING CO. LTD.,"2nd Floor, No. 572, Zhenxing Road, Datangtou, Dongcheng Street,  Dongguan, Guangdong",CN,China,22.99184,113.87274,CN-GD,False,CN-GD,True,licensee,False,False,False,True,False,Tier 1 (finished goods),adidas list,0,,,False,False,20.0,False,False,False,False,
CN2022306C013BV,"TianChang Zhengmu Aluminum Technology Co., Ltd","Yongfeng Industrial Park, Tianchang City    Tianchang China Anhui  239300",CN,China,32.70996,119.01401,CN-AH,False,CN-AH,True,licensee,False,False,False,True,False,Tier 1 (finished goods),adidas list,0,,TIANCHANG SPATLE SPORTS EQUIPMENT TECHNOLOGY|TAIWAN SPORTS AND TRADING,False,True,189.0,False,False,False,False,
CN2022336G4MVEM,"Nanchang World Sporting Goods Co., Ltd","No.2509, Renmin Road, Hi-Tech Industrial Park, Economic development zone, Jinxian County, Nanchang City, Jiangxi Province, China",CN,China,28.3773699,116.24145,CN-JX,False,CN-JX,True,licensee,False,False,False,True,False,Tier 1 (finished goods),adidas list,0,Sports goods|football,,False,False,195.0,False,False,True,False,
CN2022347F7C5Q3,Dongguan Eco Polymer Company Limited,"No.2, Road 1, 4th Industry Zone, Qiaotou, Houjie Town, Dongguan City, GuangDong",CN,China,23.024132,114.10316,CN-GD,False,CN-GD,True,wet process,False,False,False,True,False,Tier 2 (materials and processing),adidas list,0,,O2 PARTNERS|ORTHOLITE|O2 PARTNERS DONGGUAN ECO POLYMER ORTHOLITE|O2 PARTNERS ORTHOLITE|SUN PALACE TRADING|ORTHOLITE O2 PARTNERS,False,True,577.0,False,False,False,False,
CN2023003QXXPQS,Stretchline (Zhongshan) Limited,"Industrial Park, Banfu Town, Zhongshan City, Guangdong Province 528459",CN,China,22.4166369,113.3226503,CN-GD,False,CN-GD,False,,True,True,False,True,False,Tier 2 (materials and processing),Nike labels,0,Raw Material|Raw Material|NIKE|APPAREL|MATERIALS|TRIMS,STRETCHLINE,False,False,518.0,False,False,False,False,
CN202300500B5M1,Dongguan Lee Fong Label Manufacture Ltd.,"Room 201, Building #2, No.9, Wusong Road, Dongcheng District, Dongguan City, Guangdong Province",CN,China,23.028053,113.783327,CN-GD,False,CN-GD,False,,True,True,False,True,False,Tier 1 and 2 (conflicting reports),Nike labels,0,,LEE BOU LABEL ENTERPRISE,False,False,475.0,True,False,False,False,
CN2023061E4DE3F,Anxiang Victory Smart Manufacturing Sports Technologies Limited Company,"Dajinggang Industrial Zone,Group 16, Xicheng Community,Dajinggang Town,Anxiang County,Changde,Hunan",CN,China,29.41322,112.14804,CN-HN,False,CN-HN,True,primary,False,False,False,True,False,Tier 1 (finished goods),adidas list,0,,ZHANFENG INTERNATIONAL,False,False,1697.0,False,False,False,False,
CN2023061G20ZS9,DONGGUAN ZERONG BAG LTD. ,"No.425, Jinxing Rd, Liaobu Town, Dongguan, Guangdong, China.,Dongguan,Guangdong",CN,China,23.00198,113.88015,CN-GD,False,CN-GD,True,primary,False,False,False,True,False,Tier 1 (finished goods),adidas list,0,,,False,False,,False,False,False,False,
CN2023062H7A3BG,"FUJIAN YIHONG NEW MATERIAL TECHNOLOGY CO.,LTD.","No.14 Wubao Industrial Zone, Hongshan Town",CN,China,26.06465,119.27577,CN-FJ,False,CN-FJ,True,wet process,False,False,False,True,False,Tier 2 (materials and processing),adidas list,0,,XING YE,False,False,,False,False,False,False,
CN2023064KDT938,"HWA MAO OPTICAl (XIAMEN) CO.,LTD.","No. 99-1, SI KOU ZHEN ROAD, XIN MIN TOWN, TONG AN DISTRICT",CN,China,24.71249,118.13534,CN-FJ,False,CN-FJ,True,licensee,False,False,False,True,False,Tier 1 (finished goods),adidas list,0,,,False,False,753.0,False,False,True,False,
CN2023065430KEB,"QINGDAO YALINA APPAREL CO.,LTD.","NO.906, DIANZISHAN 2 ROAD,JIMO, QINGDAO CITY, JIMO,266200 SHANDONG SHENG,CHINA",CN,China,36.3710999,120.44896,CN-SD,False,CN-SD,True,primary,False,False,False,True,False,Tier 1 (finished goods),adidas list,0,,,False,False,251.0,True,False,False,False,
CN2023073NTE1WW,"Zhejiang Hepolilo Knitting Co.,ltd.","No. 10 Chaoyang Road,Haichang District,Haining City,Jiaxing,Zhejiang",CN,China,30.55863,120.69243,CN-ZJ,False,CN-ZJ,True,licensee,False,False,False,True,False,Tier 1 (finished goods),adidas list,0,,,False,False,336.0,False,False,False,False,
CN2023085PR1N5E,"Evervan Ronghui Footwear Co., Ltd. (Henan)","No.006, North Of West Section Of Caizhou Avenue, Shangcai County, Zhumadian, Henan",CN,China,33.30645,114.22189,CN-HA,False,CN-HA,True,primary,False,False,False,True,False,Tier 1 (finished goods),adidas list,0,,,False,False,385.0,False,False,False,False,
CN2023139HD0AT7,"Xuyi Tian Shen Garments Co., Ltd. –","North Side of GongBa Road, Xuyi Economic, Development Zone, Huai’an, China",CN,China,33.0108899,118.5449899,CN-JS,False,CN-JS,True,primary,False,False,False,True,False,Tier 1 (finished goods),adidas list,0,,SUZHOU TIANYUAN GARMENTS,False,False,1445.25,False,False,False,False,
CN2023198AFMSVB,"WUYI XINTENGFA FITNESS EQUIPMENT CO., LTD","NO. 9 WEST WEISAN ROAD,HARDWARE MACHINERY INDUSTRIAL ZONE,TONGQIN TOWN, WUYI COUNTY,JINHUA,Zhejiang",CN,China,28.07812,120.99797,CN-ZJ,False,CN-ZJ,True,licensee,False,False,False,True,False,Tier 1 (finished goods),adidas list,0,,,False,False,49.0,True,False,False,False,
CN20232012N6FAH,"WUXI PAIHO TEXTILES CO.,LTD","No.18 HeXin Rd, Dongting Town, Xishan District, Wuxi City, Jiangsu",CN,China,31.608335,120.3823637,CN-JS,False,CN-JS,True,wet process,False,False,False,True,False,Tier 2 (materials and processing),adidas list,0,,PAIHO,False,False,,False,False,False,False,
CN2023234PD0GPA,Yunfu Flir Garment Ltd,"Xisan road Chucheng District, Yuncheng Area Yunfu, Guangdong, 527300",CN,China,22.94839,112.13317,CN-GD,False,CN-GD,True,primary,False,False,False,True,False,Tier 1 (finished goods),adidas list,0,SWIMWEAR|SWIMWEAR|Fashion|Fashion|Fashion|Fashion,FOOK WAH KUN KEE KNITTING FTY|FOOK WAH KUN KEE KNITTING FTY HONG KONG,False,True,1253.0,False,False,False,False,
CN2023264WE9F28,ZHUHAI PACIFIC GAIN GARMENT LTD,"Room 301, Building 5, No. 4, Shuanglin Road, Hongqi Town, Jinwan District,Zhuhai,519000,Guangdong,China",CN,China,22.13909,113.34556,CN-GD,False,CN-GD,True,licensee,False,False,False,True,False,Tier 1 (finished goods),adidas list,0,,PACIFIC GAIN GARMENT,False,False,107.0,False,False,False,False,
CN202327060ABKF,Ramatex Apparel (Suzhou) Ltd,"No. 115, Ting Nan Road, Suzhou Industrial Park, Suzhou, China.",CN,China,31.319614,120.770586,CN-JS,False,CN-JS,False,,True,True,False,True,False,Tier 1 (finished goods),Nike labels,0,NIKE|APPAREL,TAI WAH|RAMATEX,False,True,589.0,True,False,False,False,
CN2023271NHKHJY,Haina Security Technology (Zhejiang) Co. Ltd,"No. 138, Xinbin Road, Binhai New Area, Pingyang County, Wenzhou City, Zhejiang Province, China",CN,China,27.6620999,120.56595,CN-ZJ,False,CN-ZJ,True,licensee,False,False,False,True,False,Tier 1 (finished goods),adidas list,0,,,False,False,514.0,False,False,False,False,
CN2023278ST40BB,"Lijing Regina Miracle Intimate Apparel (Zhaoqing) Co., Ltd","No.16，Keji 2nd Road, Dinghu District, Zhaoqing City, Guangdong Province",CN,China,23.15365,112.68192,CN-GD,False,CN-GD,True,primary,False,False,False,True,False,Tier 1 (finished goods),adidas list,0,,REGINA MIRACLE INTERNATIONAL,False,False,1727.25,False,False,False,False,
CN2023305JK0KC4,"JIANGSU NINGSHENG GARMENT CO., LTD","No.87 SOUTH RENMIN ROAD,ZHUTANGTOWN,JIANGYINCITY,JIANGSU PROVINCE,CHINA",CN,China,32.08414,120.84674,CN-JS,False,CN-JS,False,,True,True,False,True,False,Tier 1 (finished goods),Nike labels,0,KNITTED GARMENT,,True,False,74.0,False,True,False,False,
CN2023305V1XVN9,"Wuxi Brothers Packaging Co., Ltd. ","No.88, Chuangye Road, DongGang Town, Xishan District, Wuxi, Jiangsu",CN,China,31.6976,120.499561,CN-JS,False,CN-JS,False,,True,True,False,True,False,Tier 1 (finished goods),Nike labels,0,Packaging ,WUXI A C M GLASSCASE,False,False,20.0,False,False,False,False,
CN20233122730FS,Wenzhou Outlook Eyewear Co Ltd,"NO.12, Shengye Road, Tengqiao Town, Lucheng District, Wenzhou, Zhejiang(3RD Workshop of Zhejiang Outlook Optical Manufactory Co., Ltd)",CN,China,28.064639,120.505702,CN-ZJ,False,CN-ZJ,False,,True,True,False,True,False,Tier 1 (finished goods),Nike labels,0,Accessories,WENZHOU OUTLOOK OPTICAL|WENZHOU OUTLOOK,False,True,29.0,False,False,False,False,
CN2023312GA15HF,"UWTG Watch (Dongguan) Co., Ltd","Room 201, 301, Building 1, No.5 Niushan Jingsheng Road, Dongcheng Street, Dongguan City, Guangdong Province, China.",CN,China,22.9605487,113.7685815,CN-GD,False,CN-GD,True,licensee,False,False,False,True,False,Tier 1 (finished goods),adidas list,0,,UNIVERSE INDUSTRY DEVELOPMENT SHENZHEN,False,False,600.0,False,False,False,False,
CN2023313FM51MW,Haining United Socks Co Ltd ,"No. 386/388, Xiachuan Road, Haichang Subdistrict, Jiaxing, Haining, Zhejiang, 310400",CN,China,30.54105,120.72133,CN-ZJ,False,CN-ZJ,True,licensee,False,False,False,True,False,Tier 1 (finished goods),adidas list,0,Accessories|Accessories|Accessories,ZHEJIANG ZHONGDA FINETEX|TTI GLOBAL RESOURCES,False,True,180.0,False,False,False,False,
CN2023318Q4FWR2,"MIZUDA TEXTILE PRINTING & DYEING TECHNOLOGY CO., LTD.","588 Mizuda Road, Huzhou City, 313000 Hangzhou,  Zhejiang",CN,China,30.8643999,120.107,CN-ZJ,False,CN-ZJ,False,,True,False,True,False,False,Tier 2 (materials and processing),Nike labels,0,,MIZUDA,False,False,400.0,False,False,False,False,
CN2023341X3DKEE,Dongguan Jingsheng Garment Co ltd.,"Building 3, No 6 Wanfen Road, Sima Village, Changping Town, Dongguan City, Guangdong Province",CN,China,22.9749,113.993,CN-GD,False,CN-GD,False,,True,True,False,True,False,Tier 1 (finished goods),Nike labels,0,,CRYSTAL|CRYSTAL INTERNATIONAL,False,True,265.5,False,False,False,False,
CN2023342PE2H91,"Ningbo Avery Dennison Shenzhou Embellishment Co., Ltd.","4th&5th Floors, No. 1, Building 3, No. 6, Xidong Road, Daqi Street, Beilun District, Ningbo, Zhejiang Province, China",CN,China,29.58905,121.04963,CN-ZJ,False,CN-ZJ,True,wet process,False,False,False,True,False,Tier 2 (materials and processing),adidas list,0,Packaging & Printing,AVERY DENNISON,False,False,500.5,False,False,False,False,
CN20233475DWB54,Fulei Knitting Garment Limited,"No.23, Changsheng North Road, Dalang Town, Dongguan City, Guangdong Province",CN,China,22.94598,113.9221,CN-GD,False,CN-GD,True,licensee,False,False,False,True,False,Tier 1 (finished goods),adidas list,0,Fashion|Fashion|Fashion|Casualwear|Fashion,,False,False,225.0,False,False,False,False,
CN2023348HKVJTJ,"QINGXU PLASTICAL PRODUCTS (SHENZHEN) CO., LTD","7TH BUILDING B101 B201,BUILDING A 101, 6TH INDUSTRIAL ESTATE,TIAN LIAO COMMUNITY, YUTANG STREET, GUANGMING DISTRICT",CN,China,22.729424,113.901941,CN-GD,False,CN-GD,True,primary,False,False,False,True,False,Tier 1 (finished goods),adidas list,0,,DEYORK BVI|LONG WAY ENTERPRISE,False,True,261.75,False,False,False,False,
CN2024002BDE9V5,Shandong TianYuan Garment Co.Ltd,"Huancheng Science and Technology, Industrial Park, Ningyang, 271400 Tai an,   Shandong",CN,China,35.7586999,116.805,CN-SD,False,CN-SD,False,,True,True,False,True,False,Tier 1 (finished goods),Nike labels,0,,FAR EASTERN,False,False,1500.5,False,True,False,False,
CN2024017PK0R46,"HUAJIN TEXTILE PRINTING & DYEING CO.,LTD","No.1688 Huajin Street, Linyi County, Shan'Xi Province,Yuncheng,044100",CN,China,35.1151044,110.785318,CN-SX,False,CN-SX,False,,True,True,False,True,False,Tier 2 (materials and processing),Nike labels,0,Wet Processing|FOOTWEAR|NIKE|MATERIALS,STERLING CREATIONS L|HUAJIN,True,True,878.0,False,False,False,False,
CN2024047AZZRQV,"Changzhou Luwang Sports Co., Ltd.","No. 18 YingBin Road, Bieqiao Town, Liyang City，Jiangsu Province，China., 213300 ",CN,China,31.40291,119.49795,CN-JS,False,CN-JS,True,licensee,False,False,False,True,False,Tier 1 (finished goods),adidas list,0,,,False,False,112.0,False,False,False,False,
CN20240660AYBTJ,"XIAMEN BAOSHENG COMPOSITE TECH. CO.,LTD.   ","   Room 501, No. 866-2, Wuxian Road, Graphene New Material Industrial Park, Torch High tech Zone,Xiamen,Fujian",CN,China,24.74301,118.20497,CN-FJ,False,CN-FJ,True,licensee,False,False,False,True,False,Tier 1 (finished goods),adidas list,0,,,False,False,171.0,False,False,False,False,
CN2024066DP38N8,Bowker PrintingFactory (He Yuan) Co. Ltd,"Li Wang Road East, Ming Zhu,He Yuan City,Guangdong",CN,China,23.680683,114.679561,CN-GD,False,CN-GD,True,primary,False,False,False,True,False,Tier 1 (finished goods),adidas list,0,,BOWKER YEE SING GARMENT HEYUAN,False,False,62.0,False,False,False,False,
CN2024066F3CD2J,HUIZHOU HUIYANG JINGYI INDUSTRIAL ,"Qiu Chang Zhen Xin Tang Cun Senxing,Industrial Park,C building, Huiyang District,Huizhou,Guangdong",CN,China,22.810469,114.438627,CN-GD,False,CN-GD,True,primary,False,False,False,True,False,Tier 1 (finished goods),adidas list,0,,,False,False,83.0,False,False,False,False,
CN2024066GY1S0D,"Zhangzhou Xiangzhou Leather Co., Ltd（XIANGJIANG)","Chihu Industrial Area，Zhangpu，Zhangzhou，Fujian,Zhangzhou,Fujian",CN,China,24.1170999,117.61372,CN-FJ,False,CN-FJ,True,wet process,False,False,False,True,False,Tier 2 (materials and processing),adidas list,0,,XIANG JIANG,False,False,600.0,True,False,False,False,
CN2024066VJZP8F,"Xiamen Yilingrong Industrial Co., Ltd.","No.2, Chiping Road No.236,Industrial Zone,Tong'an District,Xiamen,Fujian",CN,China,24.67597,118.12958,CN-FJ,False,CN-FJ,True,licensee,False,False,False,True,False,Tier 1 (finished goods),adidas list,0,,,False,False,84.0,False,False,False,False,
CN2024066VXVTYG,"Ningbo shenzhou knitting Co.,LTD - Embroidery factory ","No. 208 Huangshan West Road,Economic Technical Development Zone,Ningbo,Zhejiang",CN,China,29.94402,121.72942,CN-ZJ,False,CN-ZJ,True,primary,False,False,False,True,False,Tier 1 (finished goods),adidas list,0,,NINGBO SHENZHOU KNITTING,False,False,453.0,False,False,False,False,
CN20240927Z84H7,"NANTONG GOLDEN YUELAI GYM EQUIPMENT CO., LTD","SUB.#01, NO.76, XINCHENG ROAD, INDUSTRY ZONE, YUELAI TOWN, HAIMEN CITY, NANTONG",CN,China,31.93659,121.4197,CN-JS,False,CN-JS,False,,True,True,False,True,False,Tier 1 (finished goods),Nike labels,0,Home Goods|Home goods,NANTONG GOLDEN,False,False,102.0,False,False,False,False,
CN202413213G1XH,"Qingdao Changshin Shoes Co., LTD. Jimo Factory",Mocheng Road59 2 Qingdao Shandong 266200,CN,China,36.3710999,120.44896,CN-SD,False,CN-SD,False,,True,True,False,True,False,Tier 1 (finished goods),Nike labels,0,,CHANGSHIN,False,False,422.5,True,False,False,False,
CN20241321A1S8C,"Fujian Zhuojian Garment Technology Co., Ltd",Floor5 No4JinlongRoad Quanzhou Fujian 362712,CN,China,24.7606499,118.76081,CN-FJ,False,CN-FJ,False,,True,True,False,True,False,Tier 1 (finished goods),Nike labels,0,,FUJIAN ZHUOJIAN,False,False,44.0,False,False,False,False,
CN202413228DF49,"Xiamen Kaiyuan Technology Co., Ltd",2nd floor No 250 Jinting North Road Xiamen Fujian 361023,CN,China,24.59289,118.01732,CN-FJ,False,CN-FJ,False,,True,True,False,True,False,Tier 1 (finished goods),Nike labels,0,,XIAMEN KAIYUAN,False,False,27.0,False,False,False,False,
CN20241322KFG6S,"XingNing City XinChang Shoes Co., LTD. YeTang Branch",West side of Tongzhong Road Line S225 Meizhou Guangdong 514000,CN,China,24.2635599,115.72813,CN-GD,False,CN-GD,False,,True,True,False,True,False,Tier 1 (finished goods),Nike labels,0,,DEAN SHOES,False,False,775.5,False,False,False,False,
CN20241325MDDDZ,"Longhui Stella Footwear Co., Ltd",South east Industrial Park Shaoyang City Hunan 422200,CN,China,27.0767299,111.09937,CN-HN,False,CN-HN,False,,True,True,False,True,False,Tier 1 (finished goods),Nike labels,0,,STELLA,False,False,730.0,False,False,False,False,
CN202413264FM2E,TAG TIME,NO 1 CHONGDE ROAD CUNTOU VILLAGE Dongguan Guangdong 523468,CN,China,23.09284,113.80138,CN-GD,False,CN-GD,False,,True,True,False,True,False,Tier 1 (finished goods),Nike labels,0,,,False,False,86.0,False,False,False,False,
CN2024132A35X7N,"JINGNING XUANCHEN TECHNOLOGY CO., LTD.",99 Tuanjie East Road Hongxin Street Jingning County Lishui Zhejiang 323500,CN,China,27.98089,119.63813,CN-ZJ,False,CN-ZJ,False,,True,True,False,True,False,Tier 1 (finished goods),Nike labels,0,,,False,False,68.0,False,False,False,False,
CN2024132E36Y8W,"Shoetown Footwear Co., Ltd",Bapian Village Xuanzhen Road Qingyuan City Guangdong 511800,CN,China,23.73892,113.01713,CN-GD,False,CN-GD,False,,True,True,False,True,False,Tier 1 (finished goods),Nike labels,0,,SHOETOWN,False,False,11273.0,False,False,False,False,
CN2024132HN9BVM,"Haian Textile Printing & Dyeing (Fuqing) Co., Ltd.",Jiangyin Industrial Zone Fuqing Fujian 350313,CN,China,25.7697999,119.50419,CN-FJ,False,CN-FJ,False,,True,True,False,True,False,Tier 2 (materials and processing),Nike labels,0,,HAIAN,False,False,43.0,False,False,False,False,
CN2024132J1Y6SF,"Zhijie Footwear Technical Service (Zhongshan) CO., Ltd",1 F 2 and 2 5 F of Building B and 1 F of Building D Zhongshan Guangdong 528451,CN,China,22.4986699,113.53139,CN-GD,False,CN-GD,False,,True,True,False,True,False,Tier 1 (finished goods),Nike labels,0,,HUALI,False,False,517.0,False,False,False,False,
CN2024132JXNT52,"Qingdao Licheng Health Technology Co., Ltd.",No 60 Huashuo Road LanGu High tech Industrial Development Qingdao Shandong 266200,CN,China,36.2453,120.35107,CN-SD,False,CN-SD,False,,True,True,False,True,False,Tier 1 (finished goods),Nike labels,0,,QINGDAO LICHENG,False,False,28.0,False,False,False,False,
CN2024132K6RSDP,Shao Yang County SteIIa Footwear LTD,Inside the industrial park of Shao Yang County Shaoyang Hunan 422100,CN,China,26.9560499,111.33998,CN-HN,False,CN-HN,False,,True,True,False,True,False,Tier 1 (finished goods),Nike labels,0,,STELLA,False,False,1183.5,False,False,False,False,
CN2024132KK5J51,"Qingdao Qien Sporting Goods Co., Ltd",Number 8 Yanghui Road Qingdao Shandong 266232,CN,China,36.41075,120.18895,CN-SD,False,CN-SD,False,,True,True,False,True,False,Tier 1 (finished goods),Nike labels,0,,QINGDAO QIEN,False,False,37.0,False,False,False,False,
CN2024132MG21Y4,"Xiamen Goge Garment Co., LTD",Room 703 No 9 to 6 Tongming North Road Tongan District Xiamen Fujian 361113,CN,China,24.71319,118.12381,CN-FJ,False,CN-FJ,False,,True,True,False,True,True,Tier 1 (finished goods),Nike labels,0,,XIAMEN GOGE,False,False,33.5,False,False,False,False,
CN2024132MNQZ75,Yangxin Poujia Footwear Co. Ltd.,No 1 Baojia Rd North Industrial Park YangXin HUBEI CHINA Huangshi Hubei 435200,CN,China,29.8295999,115.218,CN-HB,False,CN-HB,True,primary,True,True,False,True,False,Tier 1 (finished goods),adidas list,0,,POU CHEN,False,False,1955.0,False,False,False,False,
CN2024132T2PRW5,Guangzhou Yisetong Clothing Co.Ltd,Jinshan Industrial Park 8 building 4F Guangzhou Guangdong 511400,CN,China,22.9476899,113.36672,CN-GD,False,CN-GD,False,,True,True,False,True,False,Tier 1 (finished goods),Nike labels,0,,GUANGZHOU YISETONG,False,False,5.0,False,False,False,False,
CN2024132T4B63H,HUBEI TOP EAGLE GARMENT LTD.,EAST INDUSTRIAL PARK ECONOMIC DVELOPMENT ZONE Songzi Hubei Hubei 434200,CN,China,29.98286989999999,111.61978,CN-HB,False,CN-HB,False,,True,True,False,True,False,Tier 1 (finished goods),Nike labels,0,Garment,NICE APPAREL,False,False,324.0,False,False,False,False,
CN2024132VJZ4YD,TRIMCO GROUP (HONG KONG) CO LTD,Flat G 8Floor City Industrial Complex Kwai Chung Guangdong 999077,CN,China,23.1317099,113.26627,CN-GD,False,CN-GD,False,,True,True,False,True,False,Tier 2 (materials and processing),Nike labels,0,,TRIMCO,False,False,227.0,False,False,False,False,
CN2024132Y8BSW5,"QINGDAO HONGTAISHENGDA TRADE CO., LTD.",Beijingxi Road 41 Qingdao Shandong 266300,CN,China,36.2313999,119.961,CN-SD,False,CN-SD,False,,True,True,False,True,False,Tier 1 (finished goods),Nike labels,0,,,False,False,100.0,False,False,False,False,
CN2024132ZBF675,"Shoetown Lei Zhou Footwear Co., Ltd",Lei Nan street Zhan Jiang City Guangdong 524200,CN,China,20.8996299,110.07355,CN-GD,False,CN-GD,False,,True,True,False,True,False,Tier 1 (finished goods),Nike labels,0,,SHOETOWN FOOTWEAR|SHOETOWN,False,True,300.0,False,False,False,True,
CN2024132ZMBFET,"QINGDAO MAITE FITNESS EQUIPMENT CO., LTD",500m North of Yangshankuang Village Qingdao Shandong 266205,CN,China,36.3895899,120.52779,CN-SD,False,CN-SD,False,,True,True,False,True,False,Tier 1 (finished goods),Nike labels,0,,QINGDAO MAITE,False,False,16.0,False,False,False,False,
CN2024135659JBK,"Dong Guan Golden Prene Sporting Goods Co., Ltd","No.17, West Jinfu Road, TangChun, Liaobu Town",CN,China,23.00842,113.85897,CN-GD,False,CN-GD,True,primary,False,False,False,True,False,Tier 1 (finished goods),adidas list,0,Accessories,SUMMITOP HK IDUSTRIAL,False,False,688.25,False,False,False,False,
CN20241387RTGQ5,"ZHAOQING YUELONG TEXTILE CO., LTD","TEXTILE INDUSTRIAL PARK SEC 40, YONGAN TOWN DINGHU DISTRICT, 526071, ZHAO QING",CN,China,23.176029,112.695498,CN-GD,False,CN-GD,True,wet process,False,False,False,True,False,Tier 2 (materials and processing),adidas list,0, Processes| Textile Product | Plastic Product ,TOP STAR,False,False,750.5,False,False,False,False,
CN20241439NJMHP,zhong shan chen yuan Textile Technoiogy company Limited,NO.247，ping chang Road,CN,China,37.43009,116.84619,CN-SD,False,CN-SD,True,wet process,False,False,False,True,False,Tier 2 (materials and processing),adidas list,0,,AIKNIT,False,False,,False,False,False,False,
CN2024159C12K4E,"Cixi SunRise Sporting Goods Co., Ltd",Bldg3 and Bldg6 cixi Zhejiang 315300,CN,China,30.1700999,121.249,CN-ZJ,False,CN-ZJ,False,,True,False,True,False,False,Tier 1 (finished goods),Nike labels,0,,,False,False,30.0,False,False,False,False,
CN2024159TSJT29,"Guangdong Zhongyun Intelligent Manufacturing Garment Co., Ltd",No11 Guangchen Road Xiaolan Town ZHONGSHAN CITY Guangdong 528415,CN,China,22.64282,113.24279,CN-GD,False,CN-GD,False,,True,False,True,False,False,Tier 1 (finished goods),Nike labels,0,,GZY,False,False,61.0,False,False,False,False,
CN2024159W1Q040,GUSHI BRANCH YANGZHOU BAOYI SHOES,Southeast corner intersection Xinyang Hunan 465200,CN,China,27.682467,113.389481,CN-HN,False,CN-HN,False,,True,False,True,False,False,Tier 1 (finished goods),Nike labels,0,,LAI YIH,False,False,236.0,False,False,False,False,
CN2024164ZKCVC9,"Qingdao Licheng Health Technology Co., Ltd.",No 257 Chengma Road Qingdao Shandong 266101,CN,China,36.35136,120.3711,CN-SD,False,CN-SD,False,,True,False,True,False,False,Tier 1 (finished goods),Nike labels,0,,QINGDAO LICHENG,False,False,37.0,False,False,False,False,
CN2024224MEEMZ4,"Zhuhai YingChen Elastic Co., Ltd","No. 31, South Qianwan Road, Qianwu Town, Doumen District, Zhuhai, Guangdong",CN,China,22.15245,113.22861,CN-GD,False,CN-GD,True,wet process,False,False,False,True,False,Tier 2 (materials and processing),adidas list,0,,ECI ELASTIC,False,False,,False,False,False,False,
CN20242250EANDW,"DALIAN YUANSHAN SHOES CO., LTD","SUJIA VILLAGE, DALIANWAN TOWN, GANJINGZI DISTRICT, DALIAN, Liaoning",CN,China,39.08051,121.68811,CN-LN,False,CN-LN,True,primary,False,False,False,True,False,Tier 1 (finished goods),adidas list,0,,,False,False,50.0,False,False,False,False,
CN2024225109X4D,"Jiangsu Kangliyuan Sports Tech.CO., LTD.","Binhu Ave, Paoche Economic Development Zone, Pizhou, Pizhou, Jiangsu",CN,China,31.5285299,120.2842899,CN-JS,False,CN-JS,True,licensee,False,False,False,True,False,Tier 1 (finished goods),adidas list,0,SPORTS & LEISURE,,False,False,494.0,False,False,False,False,
CN20242255CCGZE,Guangzhou Akilex Sporting Goods Ltd,"5th -8th Floor, Building One, Liandong U Valley No. 480, Guanghua 3rd Road, Jianggao Town, Guangdong",CN,China,23.29046,113.23469,CN-GD,False,CN-GD,True,licensee,False,False,False,True,False,Tier 1 (finished goods),adidas list,0,,,False,False,42.0,False,False,False,False,
CN20242259FZH6G,ANHUI CHURUN GARMENT COMPANY LIMITED,"BULIDING 2, CHUZHOU CITY, ANHUI",CN,China,32.25342500000001,118.328321,CN-AH,False,CN-AH,True,primary,False,False,False,True,False,Tier 1 (finished goods),adidas list,0,,KORRUN INTERNATIONAL PTE,False,False,310.0,False,False,False,False,
CN2024225D365C9,"QINGDAO DELONG SPORTING GOODS CO., LTD","No.132 Taiguang Road, Jiangshan Town, Laixi City, Qingdao, Shandong",CN,China,36.67167,120.52675,CN-SD,False,CN-SD,True,primary,False,False,False,True,False,Tier 1 (finished goods),adidas list,0,Accessories,,False,False,67.5,False,False,False,False,
CN2024225DXNY98,"LINLI VICTORY FOOTWEAR CO., LTD.","BUILDING 12A, 12B, HIGH TECHNOLOGY INDUSTRIES DEVELOPMENT ZONES, LINLI COUNTY, Changde, Hunan",CN,China,29.4409799,111.64735,CN-HN,False,CN-HN,True,primary,False,False,False,True,False,Tier 1 (finished goods),adidas list,0,,ZHANFENG INTERNATIONAL,False,False,360.0,False,False,False,False,
CN2024225PVE1Y0,HUNAN PEITONG SHOES CO. LTD.,"BUILDING B, ELECTRONIC INDUSTRY CLUSTER AREA, YUNJI TOWN, HENGYANG, HUNAN",CN,China,27.14261,113.22864,CN-HN,False,CN-HN,True,primary,False,False,False,True,False,Tier 1 (finished goods),adidas list,0,,,False,False,160.0,False,False,False,False,
CN2024225XTCSWT,"ChaoZhou Oxi Sporting Goods Co., Ltd","Lijiang Front, Dongyang Road, Dongfeng Village, Dongfeng Town, Chao 'an District, Chaozhou，Guangdong Sheng, Guangdong",CN,China,26.8564799,100.2270999,CN-YN,False,CN-YN,True,licensee,False,False,False,True,False,Tier 1 (finished goods),adidas list,0,,,False,False,15.0,False,False,False,False,
CN2024228Z45FHD,"PINGXIANG XIETAI SHOES CO., LTD","FUTIAN VILLAGE, FUTIAN TOWN, SHANGLI COUNTY, PINGXIANG, Jiangxi",CN,China,27.698813,113.829608,CN-JX,False,CN-JX,True,licensee,False,False,False,True,False,Tier 1 (finished goods),adidas list,0,,,False,False,350.0,False,False,False,False,
CN20242772JPDFF,Zhejiang Hope Sports Equipment Co，Ltd,"No.19 Hardware Road, Hardware Machinery Industrial Zone, Wuyi, Zhejiang, China",CN,China,28.8925999,119.81651,CN-ZJ,False,CN-ZJ,True,licensee,False,False,False,True,False,Tier 1 (finished goods),adidas list,0,,,False,False,123.0,False,False,False,False,
CN2024304X062Z4,"ZHEJIANG TONGYING CLOTHING CO., LTD","NO.12 Zengping Road, Baiyun Street, Baiyun community Dongyang City, Jinhua City, Zhejiang Province",CN,China,29.28915,120.19351,CN-ZJ,False,CN-ZJ,True,primary,False,False,False,True,False,Tier 1 (finished goods),adidas list,0,,,False,False,280.0,False,False,False,False,
CN20243144WR823,NINGBO MITSUBANA APPAREL CO. LTD.,"1278 EAST ZHENLUO ROAD, ZHENHAI DISTRICT, NINGBO, ZHEJIANG, CHINA",CN,China,29.97928,121.61369,CN-ZJ,False,CN-ZJ,False,,True,False,True,False,False,unknown,none,0,,,False,False,98.0,False,False,False,False,
CN20243324VRYSF,OMA Fitness Equipment Co. Ltd. (2018 Site),"No, 93 Taian Road South, Yange village, Lun Jiao Town, Shunde, Foshan, 528311, Guangdong",CN,China,22.88097,112.88914,CN-GD,False,CN-GD,True,licensee,False,False,False,True,False,Tier 1 (finished goods),adidas list,0,,,False,False,488.0,False,False,False,False,
CN2024332KHQMWC,ZHEJIANG EVERBRIGHT INDUSTRY INC.,"No 518, Zhengtong Rd, Kandun Industry Zone, Cixi, Cixi, Ningbo City, Zhejiang, 315303, Zhejiang",CN,China,30.22704,121.23877,CN-ZJ,False,CN-ZJ,True,licensee,False,False,False,True,False,Tier 1 (finished goods),adidas list,0,,,False,False,220.0,False,False,False,False,
CN20250389AKJWS,"FUJIAN BAOTAI LEATHER CO., LTD","CHIHU LEATHER INDUSTRIAL PARK, CHIHU TOWN, ZHANGPU COUNTY, FUJIAN, CHINA, 363200, ZHANGZHOU",CN,China,24.036739,117.895798,CN-FJ,False,CN-FJ,True,wet process,False,False,False,True,False,Tier 2 (materials and processing),adidas list,0,Wet Processing,SHANGHAI WEISHI IND|XING YE,False,True,250.5,False,False,False,False,
CN202507134T5AJ,"Xiamen Anbo Sports Goods Co., Ltd","No. 560, North Sunban Road, Jimei District, Xiamen, Xiamen, Fujian",CN,China,24.62603,118.04825,CN-FJ,False,CN-FJ,True,licensee,False,False,False,True,False,Tier 1 (finished goods),adidas list,0,,,False,False,166.0,False,False,False,False,
CN20250716HCSGE,"JIANG YIN ALSTON SPORTS GOODS CO., LTD","No. 92 Yueshan Road, Yuecheng Town, Jiangyin City, Wuxi City, Jiangsu Province, Wuxi, Jiangyin City, Wuxi, Jiangsu",CN,China,31.81619,120.22097,CN-JS,False,CN-JS,True,primary,False,False,False,True,False,Tier 1 (finished goods),adidas list,0,,,False,False,28.0,False,False,False,False,
CN20250718GDMB6,"NINGBO HOPE TIME ENTERPRISE CO., LTD.","BUILDING 8, HIGH-TECH ZONE, FENGHUA DISTRICT, NINGBO, ZHEJIANG",CN,China,29.6550299,121.40686,CN-ZJ,False,CN-ZJ,True,primary,False,False,False,True,False,Tier 1 (finished goods),adidas list,0,,,False,False,68.0,False,False,False,False,
CN2025071CFQ30Q,"CHANGZHOU PURE CLOTHING CO., LTD.","CHENGFENG ROAD, JINTAN DISTRICT, CHANGZHOU",CN,China,31.75222,119.59046,CN-JS,False,CN-JS,True,primary,False,False,False,True,False,Tier 1 (finished goods),adidas list,0,,,False,False,148.0,False,False,False,False,
CN2025072WNH5ER,"DongGuan Zhongshi Industrial Co., Ltd","Room 301, bulding 2, No. 1 Hongshan second street, Xin'an, chang'an Town, Dongguan City, Guangdong",CN,China,23.10905,113.84494,CN-GD,False,CN-GD,True,licensee,False,False,False,True,False,Tier 1 (finished goods),adidas list,0,,,False,False,27.0,False,False,False,False,
CN2025129T0WJ7N,Gaozhou Rongyu Sports Ltd.,"No. 1 Building, Industrial Avenue, Pukang Industrial Park, Gaozhou City, Guangdong Province, China",CN,China,21.9181199,110.85338,CN-GD,False,CN-GD,True,licensee,False,False,False,True,False,Tier 1 (finished goods),adidas list,0,Accessories,BALL PLANET INTERNATIONAL,False,False,247.75,False,False,False,False,
CN20252038AYV7H,AMPLIFI TECHNOLOGIES (XIAMEN) INC.,"Section A, 4F, No.1188-8, Min’an Avenue, Xiang’an industries District, Torch high-tech zones, Xiamen, Fujian, China",CN,China,24.675415,118.216689,CN-FJ,False,CN-FJ,True,primary,False,False,False,True,False,Tier 1 (finished goods),adidas list,0,,,False,False,5.0,False,False,False,False,
CN2025211496P18,"EMEI NICE ELITE SHOES CO., LTD","NO. 219 FUXI SECTION LE'E ROAD, BUILDING 37, FUXI TOWN EMEI CITY, LESHAN, Sichuan",CN,China,29.59999,103.56509,CN-SC,False,CN-SC,True,primary,False,False,False,True,False,Tier 1 (finished goods),adidas list,0,,,False,False,2585.0,False,False,False,False,
CN2025211E4VN88,"BAISHUI COUNTY MINGBAO PRINTING CO., LTD","YANMEN ROAD, BAISHUI COUNTY, WEINAN CITY, SHAANXI",CN,China,35.171151,109.592462,CN-SN,False,CN-SN,True,primary,False,False,False,True,False,Tier 1 (finished goods),adidas list,0,,,False,False,4.0,False,False,False,False,
CN2025211YW8EWA,"JIANGXI SHUANGCHI INTELLIGENT MANUFACTURING CO., LTD","No. 22, HUOZHONG FOURTH ROAD, FENGCHENG CITY HIGH-TECH PARK, YICHUN CITY, Jiangxi",CN,China,28.1591999,115.77121,CN-JX,False,CN-JX,True,primary,False,False,False,True,False,Tier 1 (finished goods),adidas list,0,,,False,False,305.0,False,False,False,False,
CN20252122D11AT,"AUSPEED SPORTS EQUIPMENT CO., LTD","Chenfeng Industry Base, Sanhe Huiyang, HUIZHOU",CN,China,22.88566,114.50025,CN-GD,False,CN-GD,True,licensee,False,False,False,True,False,Tier 1 (finished goods),adidas list,0,Home Goods,,False,False,63.0,False,False,False,False,
CN20252128M1848,GANZHOU HAMA SPORTS CO LTD,"Floor 3-4, No.8, Dingnan County, Fugong three road, Futian industrial development zone, Lishi town, Ganzhou, Jiangxi",CN,China,24.769315,115.030343,CN-JX,False,CN-JX,True,licensee,False,False,False,True,False,Tier 1 (finished goods),adidas list,0,,,False,False,60.0,False,False,False,False,
CN2025212MGRH8M,"XIAMEN KSTAR SPORT CO., Ltd.","No.999-3, Xinmin Road, Tongan District, Xiamen, Fujian",CN,China,24.45815,118.09241,CN-FJ,False,CN-FJ,True,licensee,False,False,False,True,False,Tier 1 (finished goods),adidas list,0,,,False,False,218.0,False,False,False,False,
CN2025212MJ8X2C,JIANGXI XINGBAIXIANG SPORTING GOODS CO.LTD,"GONGJIANG TOWN, YUDU COUNTY, GANZHOU CITY, JIANGXI",CN,China,25.961326,115.417349,CN-JX,False,CN-JX,True,primary,False,False,False,True,False,Tier 1 (finished goods),adidas list,0,,,False,False,411.0,False,False,False,False,
CN2025212SQMPYQ,"HE YUAN FU WAH SPORTSWARE CO., LTD.","15 METERS EAST, HI-TECH ZONE DISTRICT, HEYUAN CITY, GUANGDONG",CN,China,23.645064,114.670374,CN-GD,False,CN-GD,True,primary,False,False,False,True,False,Tier 1 (finished goods),adidas list,0,,,False,False,,False,False,False,False,
CN2025290BPGAQQ,"FUJIAN PUTIAN ELITE FOOTWEAR CO., LTD","No.123 Xiping Road, Huating Town, Chengxiang District, Putian City, Fujian Province, China",CN,China,25.382107,118.893707,CN-FJ,False,CN-FJ,True,primary,False,False,False,True,False,Tier 1 (finished goods),adidas list,0,,,False,False,860.0,True,False,False,False,
CN20253103JG4RZ,"LIANGJIA ANYUE FOOTWEAR CO., LTD.","Building 6, Light Textile Incubation Park, No. 508, Xiedu 1st Street, Shiqiao Sub-district, Anyue County, Ziyang City, Sichuan Province, China",CN,China,30.07204699999999,105.382601,CN-SC,False,CN-SC,True,primary,False,False,False,True,False,Tier 1 (finished goods),adidas list,0,,,False,False,57.0,False,False,False,False,
CN202531563Z6ZG,"Jiajiang Hongqi Shoe Industry Co., Ltd.","No. 310, Group 3, Dongfeng Village, Xinchang Town, Jiajiang County, Leshan City, Sichuan Province.",CN,China,29.780287,103.68222,CN-SC,False,CN-SC,True,primary,False,False,False,True,False,Tier 1 (finished goods),adidas list,0,,,False,False,75.0,False,False,False,False,
CN20260421RJY4E,"YONGCHUN JIEDENG SHOE INDUSTRY CO., LTD","No. 13, ZONE C, BANGDE INDUSTRIAL PARK, TAOCHENG TOWN, YONGCHUN COUNTY, QUANZHOU, Fujian",CN,China,25.320248,118.30222,CN-FJ,False,CN-FJ,True,primary,False,False,False,True,False,Tier 1 (finished goods),adidas list,0,,,False,False,87.0,False,False,False,False,
CN202604259PJD4,"QUANZHOU JUNTOUR GARMENTS CO., LTD","4th floor of office building, Production building A & Production building B, No. 70, Kengdong New East Development Zone, Baogai Town, Shishi City, Fujian",CN,China,24.7422,118.65652,CN-FJ,False,CN-FJ,True,licensee,False,False,False,True,False,Tier 1 (finished goods),adidas list,0,,,False,False,76.0,False,False,False,False,
CN2026042FERJZ7,"HUIAN RUIDONG SHOE INDUSTRY CO., LTD","FLOOR 1-4, No. 389, DING PU WEI, PU WEI VILLAGE, DONG LING TOWN, HUI AN COUNTY, QUANZHOU, Fujian",CN,China,24.98254,118.91337,CN-FJ,False,CN-FJ,True,primary,False,False,False,True,False,Tier 1 (finished goods),adidas list,0,,,False,False,146.0,False,False,False,False,
CN2026042K320JB,"DALIAN GUNZE FASHION GARMENTS CO., LTD.","2-46 North East Dalian Economic ＆ Technological Development Zone, Dalian, Liaoning",CN,China,38.9139899,121.6147,CN-LN,False,CN-LN,True,licensee,False,False,False,True,False,Tier 1 (finished goods),adidas list,0,,,False,False,3069.0,False,False,False,False,
CN2026042P1PFHE,"HENAN YEQIN GARMENT CO., LTD","BUILDING B1, NO.9, NORTH SECTION OF JING'ER ROAD, TONGXU COUNTY, KAIFENG, Henan",CN,China,34.4856076,114.5044049,CN-HA,False,CN-HA,True,primary,False,False,False,True,False,Tier 1 (finished goods),adidas list,0,,,False,False,506.0,False,False,False,False,
CN2026042RFN8DJ,"Huzhou Jahen Industrial Co., LTD.","No. 988 Lianxi Road, Lianshi Town, Nanxun District, Huzhou City, Zhejiang",CN,China,30.706989,120.42181,CN-ZJ,False,CN-ZJ,True,licensee,False,False,False,True,False,Tier 1 (finished goods),adidas list,0,,JAHEN HOUSEHOLD PRODUCTS,False,False,607.0,False,False,False,False,
CN2026042WTHD2Q,"Ningbo Ruikang Sports Goods Co., Ltd","No. 588 Weisan Road, Weisan Road, Industrial Park, Andong Town, Qianwan New District, Ningbo, Zhejiang",CN,China,28.07812,120.99797,CN-ZJ,False,CN-ZJ,True,licensee,False,False,False,True,False,Tier 1 (finished goods),adidas list,0,,,False,False,27.0,True,False,False,False,
CN2026042XPC99J,"ZHEJIANG WANTONG METAL PRODUCTS CO., LTD.","NO. 753 XINDU WEST ROAD, XINDU INDUSTRIAL PARK, CHANGSHAN COUNTY, QUZHOU, Zhejiang",CN,China,28.87475,118.47223,CN-ZJ,False,CN-ZJ,True,primary,False,False,False,True,False,Tier 1 (finished goods),adidas list,0,,ZHEJIANG CHENGPENG INDUSTRY AND TRADE,False,False,335.5,False,False,False,False,
CN2026042Z7R908,NANCHANG SUNGSHIN CHINA LIMITED,"East side of Yongqiang North Road, Wangcheng New District Xinjian County, Nanchang City Jiangxi Province, NANCHANG",CN,China,28.6367,115.734477,CN-JX,False,CN-JX,True,primary,False,False,False,True,False,Tier 1 (finished goods),adidas list,0,,,False,False,169.0,False,False,False,False,
CN2026054F5XZG4,"SZ BLOOM PRINTING (NINGBO) CO., LTD.","636 FUCHUNJIANG ROAD ECONOMIC TECHNICAL DEVELOPMENT, Beilun District, Ningbo, Select",CN,China,29.93216,121.80221,CN-ZJ,False,CN-ZJ,True,primary,False,False,False,True,False,Tier 1 (finished goods),adidas list,0,,NINGBO SHENZHOU KNITTING FACTORY 4,False,False,920.25,False,False,False,False,
CN2026054GR284T,"Quzhou Jiefeng Garments Co., Ltd.","No. 3 Xinhang San Road, Hangbu, Kecheng, Quzhou, Zhejiang",CN,China,28.92526,118.79327,CN-ZJ,False,CN-ZJ,True,licensee,False,False,False,True,False,Tier 1 (finished goods),adidas list,0,,,False,False,1220.0,False,False,False,False,
CN2026054QQTCZQ,"ZHENJIANG DONGFENG GARMENT CO., LTD","NO.10 Shi-Shi Road, Ju-Rong Economic Development Zone, 212400, Zhenjiang, Jiangsu",CN,China,31.948033,119.158283,CN-JS,False,CN-JS,True,primary,False,False,False,True,False,Tier 1 (finished goods),adidas list,0,,TUNTEX INCORPORATION,False,False,297.0,False,False,False,False,
CN20262337R1EN6,YKK ZIPPER DALIAN  CO.,"Tieshan West Road 50#, Dalian Eco&Tech Development Zone, Dalian, ChinaDalian, Liaoning",CN,China,39.07028,121.77477,CN-LN,False,CN-LN,True,wet process,False,False,False,True,False,Tier 2 (materials and processing),adidas list,0,,YI CHAO,False,False,867.0,False,False,False,False,
CN2026233FK921H,"ZHANGPU GRAND LEATHER CO ., LTDDBA: Grand Leather, ZHANG PU GRAND LEATHER CO., LTD","Chihu Industrial Zone, Zhangpu CountyZhangzhou, Fujian",CN,China,24.1170999,117.61372,CN-FJ,False,CN-FJ,True,wet process,False,False,False,True,False,Tier 2 (materials and processing),adidas list,0,,ZHANG PU GRAND LEATHER,False,False,,True,False,False,False,
CN2026233FWDGBP,"JINJIANG FULIAN BLEACHING AND DYING INDUSTRY CO., LTD","DONGHAIAN ECONOMIC DEVELOPMENT ZONE, FENGTANG DADAO, BAOAN DISTJINJIANG CITY",CN,China,22.5532899,113.88308,CN-GD,False,CN-GD,True,wet process,False,False,False,True,False,Tier 2 (materials and processing),adidas list,0,,SINCETECH,False,False,,True,False,False,False,
CO2019085Q6MCCM,Supertex - S.A.,"Carrera 35 No-10-707 Acopi Zona Industrial, Acopi Yumbo Yumbo Valle del Cauca",CO,Colombia,3.5045016,-76.51540179999999,CO-VAC,False,CO-VAC,True,primary,False,False,False,True,False,Tier 1 (finished goods),adidas list,0,Apparel|Apparel,SUPERTEX,False,False,874.0,False,False,False,False,
CO2020053Q68DM4,Coats Cadena Andina S.A.,Avenida Santander No. 5E - 87 Barrio Kennedy Pereira Risaralda ,CO,Colombia,4.811952199999999,-75.6831033,CO-RIS,False,CO-RIS,True,wet process,False,False,False,True,False,Tier 2 (materials and processing),adidas list,0,,COATS THREAD,False,False,,False,False,False,False,
CO2022299BR17RF,Supertex Eje Cafetero,"Carrera 16 No 36-98, Bodega P, Textiles Omnes, (Dosquebradas) Risaralda, Risaralda 999999",CO,Colombia,4.8343428,-75.6693265,CO-RIS,False,CO-RIS,True,primary,False,False,False,True,False,Tier 1 (finished goods),adidas list,0,,SUPERTEX|SUPERTEX S A,False,True,225.0,False,False,False,False,
CO2022300YJ49TJ,STAMPID SAS ,"Calle 10 # 27-05 Ofc 201 A, Bogota, Distrito Capital de Bogota",CO,Colombia,4.6087386,-74.09317999999999,CO-CUN,False,CO-CUN,True,primary,False,False,False,True,False,Tier 1 (finished goods),adidas list,0,,,False,False,8.0,False,False,False,False,
CR20252121QJVW4,Calcetines Fieles S.A. (new location),"Ofibodegas Empresariales Santa Rosa, Santo Domingo, Heredia, Bodega #27, Costa Rica., Santo Domingo, Heredia",CR,Costa Rica,9.9723066,-84.0927023,CR-H,False,CR-H,True,licensee,False,False,False,True,False,Tier 1 (finished goods),adidas list,0,,,False,False,74.0,False,False,False,False,
DE2019085ESEE9E,FLOCKEREI S & R,"NEUWEG 7, GOLDBACHER STR. 81, 74564 CRAILSHEIM SATTELDORF - GRONINGEN BADEN-WURTTEMBERG 74589",DE,Germany,49.1382858,10.0800927,DE-BW,False,DE-BW,False,,True,False,True,False,False,unknown,none,0,,,False,False,10.0,False,False,False,False,
DE2019143FKWHYA,Willy Maisel GmbH - World of Textiles,Münchberger Straße 46   Konradsreuth 95176 Freistaat Bayern Germany,DE,Germany,50.26580999999999,11.8401,DE-BY,False,DE-BY,True,primary,False,False,False,True,False,Tier 1 (finished goods),adidas list,0,,,False,False,161.0,False,False,False,False,
DE2022300KHGCSB,Waldkraft Gmbh,"Paßstr. 25,  Todtnau, Baden-Wuerttemberg",DE,Germany,47.841731,7.973718399999998,DE-BW,False,DE-BW,True,licensee,False,False,False,True,False,Tier 1 (finished goods),adidas list,0,,,False,False,44.0,False,False,False,False,
DE2024066C4VG1S,"(adidas Group) adidas AG, Scheinfeld","Adi-Dassler-Strasse 24,Scheinfeld,Freistaat Bayern",DE,Germany,49.6665425,10.4714981,DE-BY,False,DE-BY,True,primary,False,False,False,True,False,Tier 1 (finished goods),adidas list,0,,ADIDAS,False,False,128.0,False,False,False,False,
DO2022300QX1HWY,Universal Athletics,"Avenoda Maximo Gomez, Zona Franca La Ameria, San Cristobal, Zona Franca La Ameria, San Cristobal",DO,Dominican Republic,18.4212005,-70.1172301,DO-21,False,DO-21,True,licensee,False,False,False,True,False,Tier 1 (finished goods),adidas list,0,,,False,False,106.0,False,False,False,False,
EC2019085T9ZJE3,FIBRAN CIA. LTDA.,PANAMERICANA NORTE KM 5 1/2 QUITO PICHINCHA,EC,Ecuador,-0.1125619,-78.4794433,EC-P,False,EC-P,False,,True,False,True,False,False,unknown,none (keyword guess removed),0,,,False,False,744.25,False,False,False,False,
EG201908595Q90K,TEXTILES INTERNATIONAL OF EGYPT LTD.,PUBLIC FREE ZONE - NASR CITY CAIRO CAIRO 11816,EG,Egypt,30.0308396,31.3478656,EG-C,False,EG-C,False,,True,True,False,True,False,Tier 1 (finished goods),Nike labels,0,NIKE|APPAREL| Sports | Leisure ,TIE TEXTILES|TEXTILES INTERNATIONAL OF EGYPT TIE,False,True,844.0,False,False,False,False,
EG20190859A72EF,JADE TEXTILE EGYPT,"A-6 ZONE, 103-104 10TH OF RAMADAN CITY SHARKIYYA",EG,Egypt,30.2926655,31.7423434,EG-SHR,False,EG-SHR,False,,True,True,False,True,False,Tier 1 (finished goods),Nike labels,0,NIKE|APPAREL,YESIM,False,False,3323.0,True,False,False,False,
EG2019085EZQ9SB,DELTA GALIL INDUSTRIES LTD EGYPT,DELTA TEXTILE SHAMAL EL SAEED EL-MINYA AL-MINUFIYAH 61784,EG,Egypt,28.0870967,30.7618397,EG-MN,False,EG-MN,False,,True,True,False,True,False,Tier 1 (finished goods),Nike labels,0,NIKE|APPAREL,DELTA,False,False,2435.0,False,False,False,False,
EG20190877P7JWS,Elite Merchandising Corp.,St. 8 El-Amrya Public Free Zone Alexandria Iskandariyah 23512 Egypt,EG,Egypt,31.2423001,29.9835516,EG-ALX,False,EG-ALX,True,primary,False,False,False,True,False,Tier 1 (finished goods),adidas list,0,,,False,False,837.0,False,True,False,False,
EG2019262X11NRE,Delta Textile Egypt,"Free Zone, Nasr City, Cairo, Egypt",EG,Egypt,30.030752,31.34704,EG-C,False,EG-C,True,licensee,False,False,False,True,False,Tier 1 (finished goods),adidas list,0,Knit tops,DELTA GALIL INDUSTRIES|DELTA GALIL,False,True,1418.0,False,False,False,False,
EG20203250C8S4B,Eko Egypt International,"2nd Industrial Zone - 6th of October, 39st Plot # 26, Private Free Zone  , Giza, 12566",EG,Egypt,29.92702379999999,30.8843434,EG-GZ,False,EG-GZ,False,,True,False,True,False,False,Tier 1 (finished goods),Nike labels,0,,MILTEKS,False,False,479.0,False,False,False,False,
EG2020345CRH3RC,Jade Textiles,"Plot 103/104 - 3rd Industries Area - A6 Zone, 10th of Ramadan City, Sharkia, 44916 10th of Ramadan City",EG,Egypt,30.2926655,31.7423434,EG-SHR,False,EG-SHR,True,primary,False,False,False,True,False,Tier 1 (finished goods),adidas list,0,Knits|Apparel|Apparel,JADE TEXTILE ISMAILIA S A E|YESIM SATIS MAGAZALARI VE TEKSTIL FABRIKALARI AS|YESIM,False,True,3475.0,True,False,False,False,
EG202113917WY99,JADE TEXTILE ISMAILIA S.A.E,"200 ACRES EL-MOSTAKBEL ARE-ISMAILIA PUBLIC FREE ZONE, ISMAILIA, AI ISMA ILIYAH",EG,Egypt,30.6017375,32.2040922,EG-IS,False,EG-IS,True,primary,True,True,False,True,False,Tier 1 (finished goods),adidas list,0,NIKE|APPAREL|Apparel,YESIM,False,False,3149.0,False,False,False,False,
EG202113988SB3N,JADE APPAREL INDUSTRIES,"3RD INDUSTRIAL ZONE - AREA 06 BLOCK 10, ALEXANDRIA / BORG EL ARAB, AI ISKANDARIYAH",EG,Egypt,31.2000924,29.9187387,EG-ALX,False,EG-ALX,False,,True,True,False,True,False,Tier 1 (finished goods),Nike labels,0,NIKE|APPAREL|NIKE|APPAREL,YESIM,False,False,848.5,False,False,False,False,
EG20212219G4FHK,Enva Textile Group For Socks Production S.A.E,Ismailia Public Free Zone,EG,Egypt,30.5964923,32.2714587,EG-IS,False,EG-IS,False,,True,True,False,True,False,Tier 1 (finished goods),Nike labels,0,Socks,ENVA TEXTILE,False,False,253.5,False,False,False,False,
EG2022296RYAGP9,"El Helal Company for Knitting, Dyeing & Readymade","PLOT 3/1 & 3/4  - MISR COMPANY INDUSTRIAL ZONE, BEHERA, EGYPT, Kafr El Dawar 22638",EG,Egypt,31.13403569999999,30.133566,EG-BH,False,EG-BH,True,licensee,False,False,False,True,False,Tier 1 (finished goods),adidas list,0,,EL HELAL FOR KNITTING DYEING AND READYMADE GARMENT|GLOBAL APPAREL SOURCING|EL HELAL FOR KNITTING DYEING AND READYMADE GARMENTS,False,True,1195.0,False,False,False,False,
EG202413251QZSF,MILTEKS TEXTILE EGYPT,6th of October Industrial zone 2 street 39 no226 Cairo AI Jizah 12451,EG,Egypt,29.9553288,30.9362564,EG-GZ,False,EG-GZ,False,,True,True,False,True,False,Tier 1 (finished goods),Nike labels,0,,MILTEKS,False,False,479.0,False,False,False,False,
EG2024132D4JHCT,Jade Apparel Industries SAE,New Borg El Arab city Alexandria Ad Daqahliyah 21934,EG,Egypt,30.8468631,29.5885765,EG-MT,False,EG-MT,False,,True,True,False,True,False,Tier 1 (finished goods),Nike labels,0,,YESIM,False,False,1116.5,False,False,False,False,
EG2025211S07XXK,Forward Egypt,"The industrial free zone, Elrubiki zone, Geneva road, Badr city, Cairo",EG,Egypt,30.1810077,31.7286546,EG-C,False,EG-C,True,primary,False,False,False,True,False,Tier 1 (finished goods),adidas list,0,,FORWARD SPORTS,False,False,431.0,False,False,False,False,
ES2019143HSV982,Varisport S.L.,C/ Luis Vives 10   Sabadell 08206 Catalunya Spain,ES,Spain,41.5596943,2.0943142,ES-B,False,ES-B,True,primary,False,False,False,True,False,Tier 1 (finished goods),adidas list,0,,,False,False,7.0,False,False,False,False,
ES2019143T5AX0J,VIDRERES 2000 S.L.,POLIGONO INDIUSTRIAL  CA PATALINA CALLE FONT DE LA MINA Nº3 MALGRAT DE MAR  BARCELONA  08380 Catalunya Spain,ES,Spain,41.6540445,2.7398491,ES-B,False,ES-B,True,primary,False,False,False,True,False,Tier 1 (finished goods),adidas list,0,,,False,False,4.0,False,False,False,False,
ES2019143VT6YY3,Fello S.A.,C/Bures 1   Castelbell I El Vilar 08226 ( BARCELONA)  Catalunya Spain,ES,Spain,41.6291032,1.8641519,ES-B,False,ES-B,True,primary,False,False,False,True,False,Tier 1 (finished goods),adidas list,0,,,False,False,6.0,False,False,False,False,
ES2019143Z3EVKA,Crechi International S.A.,"C/ La Huerta, 2 L´Eliana  La Eliana 46183 Valencia Spain",ES,Spain,39.56661769999999,-0.5346586,ES-V,False,ES-V,True,primary,False,False,False,True,False,Tier 1 (finished goods),adidas list,0,,,False,False,3.5,False,False,False,False,
ES2019143Z6E414,Castma S.L,"AVDA.BENICASIM, S/N-POL.IND.ESTADIO,5-6-7   Castellón 12004 Valencia Spain",ES,Spain,39.99951129999999,-0.0422795,ES-CS,False,ES-CS,True,primary,False,False,False,True,False,Tier 1 (finished goods),adidas list,0,,,False,False,8.0,False,False,False,False,
ES2019143ZP5PD9,DIEGO TORVISCO,GENERO DE PUNTO  12-1-1  MATARO  08304 Catalunya Spain,ES,Spain,41.5600797,2.4554698,ES-B,False,ES-B,True,primary,False,False,False,True,False,Tier 1 (finished goods),adidas list,0,,FELLO S A,False,False,5.0,False,False,False,False,
ES2020114H6XWYG,IRUNA COMUNICACIÓN TEXTIL - SERISUR,"POLIGONO INDUSTRIAL LA ROSA V, CHAUCHINA-GRANADA, ANDALUCÍA, 18330, SPAIN",ES,Spain,37.1930851,-3.7868307,ES-GR,False,ES-GR,False,,True,True,False,True,False,Tier 1 (finished goods),Nike labels,0,NIKE|APPAREL,IRUNA,False,False,16.0,False,False,False,False,
ES2022292SMWQJX,PREVAL S.A.,"Av. Castell de Barberá 43 - 45, Barbéra del Vallés 08210",ES,Spain,41.5235958,2.1447943,ES-B,False,ES-B,True,licensee,False,False,False,True,False,Tier 1 (finished goods),adidas list,0,,IBERICA DE NEGOCIOS DEL ENVASADO S L,False,False,33.0,False,False,False,False,
ES202230020G30P,"COTY SPAIN, S.L.U.","Polígono Industrial Congost, Avda. Sant Julià, 168 - 180, Granollers, Catalunya",ES,Spain,41.5856428,2.2735033,ES-B,False,ES-B,True,licensee,False,False,False,True,False,Tier 1 (finished goods),adidas list,0,,,False,False,680.0,False,False,False,False,
ES20223009TVQYM,Laboratorios Maverick S.L.U.,"CL. París 4 - Polígono Industrial Valldepins ,  Ulldecona, Catalunya",ES,Spain,40.5811395,0.4499912,ES-T,False,ES-T,True,licensee,False,False,False,True,False,Tier 1 (finished goods),adidas list,0,,,False,False,69.0,False,False,False,False,
ES2022300KATB8B,"Industrias Químicas Perlacos, S.L.","c/ Berlin, 33 - Pol. Ind.,  Torres de la Alameda, Madrid",ES,Spain,40.4054714,-3.3615643,ES-M,False,ES-M,True,licensee,False,False,False,True,False,Tier 1 (finished goods),adidas list,0,,,False,False,16.0,False,False,False,False,
ES2022300SR2VS8,"IGEPAK, S.A.","Legarda Kalea No. 2,  Usurbil, Euskal Autonomia Erkidegoa",ES,Spain,43.2721976,-2.0551082,ES-SS,False,ES-SS,True,licensee,False,False,False,True,False,Tier 1 (finished goods),adidas list,0,,IBERICA DE NEGOCIOS DEL ENVASADO S L,False,False,63.0,False,False,False,False,
ES2022300VX8PSG,Sampling Innovations Europe,"C/ Can Maurí, 28,  Sabadell, Catalunya",ES,Spain,41.5401629,2.1384619,ES-B,False,ES-B,True,licensee,False,False,False,True,False,Tier 1 (finished goods),adidas list,0,,LABORATORIOS MAVERICK S L U,False,False,525.0,False,False,False,False,
ES2024066JDHR5S,NONMARTEX S.L,"POLIGONO INDUSTRIAL CAN PATALINA,CALLE FONT DE LA MINA 2,MALGRAT DE MAR ,Catalunya",ES,Spain,41.6539235,2.7406804,ES-B,False,ES-B,True,primary,False,False,False,True,False,Tier 1 (finished goods),adidas list,0,,VIDRERES 2000 S L,False,False,13.0,False,False,False,False,
FR2022300QY6GAP,Bonneterie du Perigord 1948,"Z.I GATEBLAT,  La Tour Blanche, Aquitaine",FR,France,45.373847,0.43333,FR-24,False,FR-24,True,licensee,False,False,False,True,False,Tier 1 (finished goods),adidas list,0,,,False,False,5.0,False,False,False,False,
FR20240661T6ZET,Savonnerie de Haute-Provence,"7 ZAI les plaine du logisson,Villeneuve,Provence-Alpes-Cote d'Azur",FR,France,43.88762,5.86986,FR-04,False,FR-04,True,licensee,False,False,False,True,False,Tier 1 (finished goods),adidas list,0,Cleaning Products| Cosmetic Product | Processes| Cosmetics | Processes,,False,False,152.75,False,False,False,False,
FR2024101A1AQM2,BROUSSAUD TEXTILES,1 RUE PRIEURE 87230 LES CARS - FRANCE,FR,France,45.679994,1.073016,FR-87,False,FR-87,True,licensee,False,False,False,True,False,Tier 1 (finished goods),adidas list,0,,,False,False,534.0,False,False,False,False,
FR20241328Q6N44,LELABPLUS,1 bis rue Jean le Galleu Ivry sur Seine Île-de-France 94200,FR,France,48.8148054,2.3762613,FR-94,False,FR-94,False,,True,True,False,True,False,Tier 1 (finished goods),Nike labels,0,,LELAB,False,False,21.0,False,False,False,False,
GB20190831SG99W,Tejay Sportswear Ltd,"Mortimer Road, Narborough, Leicester, Le19 2ga",GB,United Kingdom,52.5695219,-1.2152926,GB-LEC,False,GB-LEC,True,licensee,False,False,False,True,False,Tier 1 (finished goods),adidas list,0,,,False,False,61.0,False,False,False,False,
GB2019083GF07W2,Slick Stitch Embroidery Company,Old Heath Road  Wolverhampton  WV1 2BF,GB,United Kingdom,52.59083039999999,-2.103549,GB-WLV,False,GB-WLV,True,primary,False,False,False,True,False,Tier 1 (finished goods),adidas list,0,,SLICK STITCH,False,False,179.5,False,False,False,True,
GB2019085S596M3,FRONTLINE IMAGE LIMITED,"10, SISNA PARK ROAD, ESTOVER PLYMOUTH ENGLAND PL6 7FH",GB,United Kingdom,50.42194509999999,-4.0924007,GB-PLY,False,GB-PLY,False,,True,False,True,False,False,unknown,none,0,,,False,False,79.0,False,False,False,True,
GB20191438BFVQH,TRC Ltd,Kestrel Mill Wellington St Hyde Cheshire SK14 2BU England United Kingdom,GB,United Kingdom,53.4539807,-2.0893567,GB-TAM,False,GB-TAM,True,primary,False,False,False,True,False,Tier 1 (finished goods),adidas list,0,,,False,False,7.0,False,False,False,False,
GB2019318KG0XRS,Elms Marketing Ltd,"Hulley Road, Hurdsfield Industrial Estate, Macclesfield, England",GB,United Kingdom,53.271558,-2.1127003,GB-CHE,False,GB-CHE,True,primary,False,False,False,True,False,Tier 1 (finished goods),adidas list,0,,,False,False,40.0,False,False,False,False,
GB2020029PVWRKG,Totalprint Ltd.,"Station Road, Gedney Hill (blank) (blank) Spalding PE12 0NP England United Kingdom",GB,United Kingdom,52.6775318,-0.0256994,GB-LIN,False,GB-LIN,True,primary,False,False,False,True,False,Tier 1 (finished goods),adidas list,0,,,False,False,38.5,False,False,False,False,
GB2022065437SKM,Eleather,"Kingsbridge Centre , Peterborough, Peterborough, PE3 8TZ",GB,United Kingdom,52.6001082,-0.2715527,GB-PTE,False,GB-PTE,False,,True,False,True,False,False,unknown,none,0,MATERIALS|FOOTWEAR|NIKE,,False,False,2.0,False,False,False,False,
GB2022300YHQAQS,OPRO WILLOWS UNIT,"1 The Willows, Mark Road, Hemel Hempstead, Hertfordshire, HP2 7BN, UK,  Hertfordshire, England",GB,United Kingdom,51.7614658,-0.4420987,GB-HRT,False,GB-HRT,True,licensee,False,False,False,True,False,Tier 1 (finished goods),adidas list,0,,,False,False,40.0,False,False,False,False,
GB20240660P7GJW,Exceptio Ltd,"Station Lane   ,Asfordby ,Leicestershire,Leicestershire,England",GB,United Kingdom,52.7603771,-0.9535915,GB-LEC,False,GB-LEC,True,primary,False,False,False,True,False,Tier 1 (finished goods),adidas list,0,,,False,False,116.0,False,False,False,False,
GB2024132EH9Q5V,Tower Garments (London) Ltd,Unit J 17 Queensway Enfield ENFIELD London-- City of EN3 4SA,GB,United Kingdom,51.6468522,-0.0494056,GB-ENF,False,GB-ENF,False,,True,True,False,True,False,Tier 1 (finished goods),Nike labels,0,,TOWER GARMENTS,False,False,90.0,False,False,False,False,
GB2024225JN7RWW,ROCHFORD SPORTS KNITWEAR,"Summerleigh, Quaperlake street, Bruton, Somerset, England",GB,United Kingdom,51.1135012,-2.4507385,GB-SOM,False,GB-SOM,True,licensee,False,False,False,True,False,Tier 1 (finished goods),adidas list,0,,,False,False,2.0,False,False,False,False,
GB2025212A661M2,SWEET THREADS LIMITED,"UNIT 1, GROUND FLOOR, 55 HASTINGS ROAD, Leicester, England",GB,United Kingdom,52.6458058,-1.1046239,GB-LCE,False,GB-LCE,True,licensee,False,False,False,True,False,Tier 1 (finished goods),adidas list,0,,,False,False,55.0,False,False,False,False,
GE20190851GJ9P7,MILTEKS TEKSTIL SANAYI VE TICARET A.S. (AJARA TEXTILE LTD),3 TBETI STREET BATUMI ADJARA 6000,GE,Georgia,41.5686519,42.1543924,GE-AJ,False,GE-AJ,False,,True,True,False,True,False,Tier 1 (finished goods),Nike labels,0,APPAREL|NIKE,MILTEKS,False,False,671.0,False,False,False,True,
GE2019085FNZEPC,AJARA TEXTILE,31 MOTSERELIA STR. POTI SAMEGRELO-ZEMO SVANETI 4400,GE,Georgia,42.1738986,41.66472450000001,GE-SZ,False,GE-SZ,False,,True,True,False,True,False,Tier 1 (finished goods),Nike labels,0,APPAREL|NIKE,MILTEKS,False,False,1380.5,False,False,False,True,
GE2019098NA09EZ,Ajara Textile Ltd.,"Bobokvati Street No:14 ,Bobokvati Village, Kobuleti,Batumi,Ajaria,Georgia",GE,Georgia,41.79286889999999,41.764543,GE-AJ,False,GE-AJ,True,primary,True,True,False,True,False,Tier 1 (finished goods),adidas list,0,APPAREL|NIKE|Apparel|Apparel,MILTEKS TEKSTIL SAN VE TIC A S SUPPLIER|MILTEKS,False,True,1513.0,False,False,False,True,
GE2022065E7EG0G,Kartli Textile Ltd,"20 Gagarini street, Rustavi, Tbilisi, 3700",GE,Georgia,41.7373668,44.76994879999999,GE-TB,False,GE-TB,False,,True,True,False,True,False,Tier 1 (finished goods),Nike labels,0,APPAREL|NIKE,MILTEKS,False,False,1278.0,False,False,False,False,
GE2025071CX437M,Ajara Textile Benze Cutting,"Tsotne Dadiani street 1, Batumi, Ajaria",GE,Georgia,41.6393522,41.6595281,GE-AJ,False,GE-AJ,True,primary,False,False,False,True,False,Tier 1 (finished goods),adidas list,0,,AJARA TEXTILE,False,False,62.0,False,False,False,False,
GR2019085WAAMB1,GKOGKAS LAMPROS,PSILORITI 28 ATHENS CENTRAL GREECE & EVVOIA 13341,GR,Greece,37.9903248,23.7204376,GR-A1,False,GR-A1,False,,True,False,True,False,False,unknown,none,0,,,False,False,11.5,False,False,False,False,
GT20190839R512V,Corporacion Indyknit S.A.,5A Calle 5-26 Ofibodegas Zona 6 Villa Nueva Guatemala,GT,Guatemala,14.5337127,-90.5844748,GT-GU,False,GT-GU,False,,True,False,True,False,False,Tier 1 (finished goods),Nike labels,0,APPAREL|NIKE,INDIANA KNITWEAR,False,False,3559.0,False,False,False,False,
GT20190981R7350,Multicosturas Marbelys S.A.,"4ta. Calle 4-00 Zona 2, ,San Pedro,Sacatepequez,Guatemala",GT,Guatemala,14.6867783,-90.64571769999999,GT-GU,False,GT-GU,False,,True,True,False,True,False,Tier 1 (finished goods),Nike labels,0,,INDIANA KNITWEAR|MARBELYS,False,True,166.0,False,False,False,False,
GT2020029FPYMHJ,"Hoosier Manufacturing, Ltd.","18 Avenida 37-41, Zona 12 (blank) (blank) Guatemala City 01012 Guatemala Guatemala",GT,Guatemala,14.5805549,-90.54810479999999,GT-GU,False,GT-GU,False,,True,True,False,True,False,Tier 1 (finished goods),Nike labels,0,APPAREL|NIKE,INDIANA KNITWEAR,False,False,407.5,False,False,False,False,
GT2024103D9W99B,"Hoosier Manufacturing, Compania Limitada (HM1)","Calzada Concepcion, 5a calle 5-26, ofibodegas, zona 6, Villa Nueva, Guatemala, 1064",GT,Guatemala,14.6847812,-90.488883,GT-GU,False,GT-GU,False,,True,True,False,True,False,Tier 1 (finished goods),Nike labels,0,,INDIANA KNITWEAR,False,False,3422.0,False,False,False,False,
GT2024132GQFMCZ,Marbelys 2,5a Avenida 0 03 zona 2 San Pedro Sacatepequez Guatemala 01058,GT,Guatemala,14.6565204,-90.5826116,GT-GU,False,GT-GU,False,,True,True,False,True,False,Tier 1 (finished goods),Nike labels,0,,MARBELYS,False,False,108.0,False,False,False,False,
GT2024132VD2F79,Hoosier Manufacturing - HM4,Km 28 and 5 Carretera al Pacifico Bodegas GC Guatemala 01063,GT,Guatemala,15.783471,-90.23075899999999,GT-AV,False,GT-AV,False,,True,True,False,True,False,Tier 1 (finished goods),Nike labels,0,,INDIANA KNITWEAR,False,False,597.0,False,False,False,False,
HN2019085AJ2C2V,"Gildan Hosiery Rio Nance, S. de R.L. (Rio Nance 4)","ZOLI Gildan Honduras Properties, Km. 15.5, Carretera a Puerto Cortes, Rio Nance, Choloma, Cortes, Honduras",HN,Honduras,15.6708518,-87.9400112,HN-CR,False,HN-CR,False,,True,False,True,False,False,Tier 1 (finished goods),Nike labels,0,Hosiery|Hosiery|EQUIPMENT|NIKE|Hosiery|Hosiery,GILDAN ACTIVEWEAR|GILDAN,False,True,2079.0,True,False,False,False,
HN2019085S5BSM5,"HB SPORTS - NEW HOLLAND LINGERIE DE HONDURAS, S.A.","27 CALLE 1 Y 3 AVENIDA, BARRIO LA PAZ SAN PEDRO SULA CORTES CA",HN,Honduras,15.4828783,-88.023771,HN-CR,False,HN-CR,False,,True,False,True,False,False,unknown,none (keyword guess removed),0,Apparel|Apparel,TEGRA,False,False,2297.25,False,False,False,True,
HN2019085STAQCF,EL BARON,"ZONA LIBRE EL CARMEN, COLONIA UNIVERSAL SEGUN CALLLE CARRETERA VIEJA A LA LIMA SAN PEDRO SULA CORTES ",HN,Honduras,15.4321163,-87.9040571,HN-CR,False,HN-CR,False,,True,False,True,False,False,unknown,none,0,,,False,False,3328.0,False,False,False,False,
HN2019098H8J918,"Gildan Activewear San Miguel, S.A. de C.V.","ZOLI America, Km. 6, Contiguo a Pintuco, Carretera a Puerto Cortes, Choloma, Honduras",HN,Honduras,15.6150853,-87.957498,HN-CR,False,HN-CR,False,,True,False,True,False,False,unknown,none (keyword guess removed),0,Apparel,GILDAN ACTIVEWEAR,False,False,4500.5,False,False,False,False,
HN2020349BYK9VA,"Gildan Activewear Villanueva, S.A.","Parque Industrial ZIP Villanueva, Edificio #6 y #9, Carretera a Tegucigalpa, Villanueva, Honduras",HN,Honduras,14.065049,-87.1715002,HN-FM,False,HN-FM,False,,True,False,True,False,False,Tier 1 (finished goods),Nike labels,0,Apparel|APPAREL|NIKE|Home Goods,GILDAN ACTIVEWEAR|GILDAN APPAREL USA|GILDAN,False,True,4010.0,False,False,False,False,
HN20210771AFNSH,"Southern Apparel Contractors, S.A.","Zip Calpules, Carretera a La Lima, Km 7, San Pedro Sula, Cortes, 21101",HN,Honduras,15.4678432,-87.96475919999999,HN-CR,False,HN-CR,False,,True,False,True,False,False,Tier 1 (finished goods),Nike labels,0,APPAREL|NIKE|APPAREL|NIKE|APPAREL|NIKE,TEGRA,False,False,2969.5,False,False,False,True,
HN2021154Q4BSHN,Pinehurst Manufacturing,Entrance Rivera Hernandez St. San Pedro Sula,HN,Honduras,15.4947212,-88.0346453,HN-CR,False,HN-CR,True,primary,False,False,False,True,False,Tier 1 (finished goods),adidas list,0,,PINEHURST MANUFACTURING HND,False,False,1362.5,False,False,False,False,
HN2022064JK32XD,COATS HONDURAS,"ZIP INHNDELVA 800 MTS, ROAD TO THE JUTOSA, BUILDING #31,, CHOLOMA CORTÉS, 21112",HN,Honduras,15.6181671,-87.9764843,HN-CR,False,HN-CR,True,wet process,False,False,False,True,False,Tier 2 (materials and processing),adidas list,0,,COATS|COATS THREAD,False,True,174.0,False,False,False,False,
HN2022292KXZRFZ,"Gildan Activewear Honduras Textile Company, S. de R.L. ","ZOLI Gildan Honduras Properties, Km. 15.5, Carretera a Puerto Cortes, Rio Nance, Choloma, Cortes, Honduras",HN,Honduras,15.6708518,-87.9400112,HN-CR,False,HN-CR,False,,True,False,True,False,False,unknown,none (keyword guess removed),0,Textile|Textile|Textile|MATERIALS|APPAREL|NIKE|Textile,GILDAN ACTIVEWEAR|GILDAN|GILDAN ACTIVEWEAR SRL,False,True,892.0,True,False,False,False,
HN2023061K2J0R3,Southern Apparel Contractors S.A.,"ZOLI INHDELVA SPS. El Guanal,33 Calle S.E. contiguo a Col. El Estadio y Hacienda San Jorge,Sector Chotepe,San Pedro Sula,Cortes",HN,Honduras,15.6096723,-87.9648323,HN-CR,False,HN-CR,False,,True,True,False,True,False,Tier 1 (finished goods),Nike labels,0,,TEGRA GLOBAL|TEGRA,False,True,2644.0,False,True,False,False,
HN2023332JKG2HD,"Avery Dennison Retail Information Services Honduras, S.de R.L.",Building 25 Zip Bufalo Industrial Park,HN,Honduras,15.4062554,-88.0070811,HN-CR,False,HN-CR,False,,True,True,False,True,False,Tier 1 (finished goods),Nike labels,0,APPAREL|NIKE,AVERY DENNISON,False,False,375.0,False,False,False,False,
HN2024132MMEAAE,GILDAN ACTIVEWEAR (HONTEX RN1),Zip San Miguel Vl Rio Nance Choloma Honduras Choloma Cortés 00504,HN,Honduras,15.6887732,-87.9371568,HN-CR,False,HN-CR,False,,True,True,False,True,False,Tier 2 (materials and processing),Nike labels,0,,GILDAN,False,False,2.0,True,False,False,False,
HN2024132SXZKHX,GILDAN HOSIERY RIO NANCE S de R.L.,Zip San Miguel VI Rio Nance Km 15 and 5 Choloma Cortés 21112,HN,Honduras,15.6887732,-87.9371568,HN-CR,False,HN-CR,False,,True,True,False,True,False,Tier 1 (finished goods),Nike labels,0,,GILDAN,False,False,1835.0,True,False,False,False,
HN2024237359S9X,Avery Dennison Retail Information Services Honduras S de R L,"Zip Bufalo, Building 17 (A, B), Bufalo Cortes Honduras, San Pedro Sula, Cortés",HN,Honduras,15.4008354,-88.0045062,HN-CR,False,HN-CR,True,wet process,False,False,False,True,False,Tier 2 (materials and processing),adidas list,0,,AVERY DENNISON,False,False,,False,False,False,False,
HR2019085D9AYJ3,FA.IS.A. D.O.O.,SVETI VIDAL 32 B NOVIGRAD ISTRIA 52466,HR,Croatia,45.3260447,13.5739631,HR-18,False,HR-18,False,,True,True,False,True,False,Tier 1 (finished goods),Nike labels,0,EQUIPMENT|NIKE,GATTO,True,False,56.0,False,False,False,False,
HR2022300KNFSZJ,“Poli- mix” d.o.o. ,"Šapjane 73,  Šapjane, ",HR,Croatia,45.4807097,14.2510207,HR-08,False,HR-08,True,licensee,False,False,False,True,False,Tier 1 (finished goods),adidas list,0,,,False,False,24.0,False,False,False,False,
ID20190837BYVS8,PT. Kanaan Global Indonesia,Jl. Ronggolawe Rt.02/18 Kel. Telukan Kec. Grogol Kab. Sukoharjo Jawa Tengah,ID,Indonesia,-7.6202257,110.8227058,ID-JT,False,ID-JT,True,licensee,False,False,False,True,False,Tier 1 (finished goods),adidas list,0,,KANAAN,False,False,1990.0,False,False,False,True,
ID2019083ATXP94,PT. Kanindo Makmur Jaya,Jl. Raya Jepara Kudus Km 19 Ds. Pendosawalan Kecamatan Kalinyamatan Kabupaten Jepara Jawa Tengah,ID,Indonesia,-6.732359,110.7302234,ID-JT,False,ID-JT,False,,True,True,False,True,False,Tier 1 (finished goods),Nike labels,0,EQUIPMENT|NIKE,KANAAN SAIGON|KANAAN,False,True,5826.5,False,False,False,False,
ID2019083BZARBV,PT. Prima Sejati Sejahtera (Building B),Dk Butuh Rt 001/ Rw 002 Ds Butuh Kec. Mojosongo Kab Boyolali Prov Boyolali Jawa Tengah,ID,Indonesia,-7.554494900000001,110.6317907,ID-JT,False,ID-JT,True,primary,False,False,False,True,False,Tier 1 (finished goods),adidas list,0,,PANCAPRIMA EKABROTHERS|CONTINENT 8 PTE,False,True,5783.0,False,False,False,False,
ID2019083FJZNA3,PT Kahatex Socks and Garment Division,Jl. Cijerah Cigondewah Girang 16 RT.001 RW. 032 Melong Cimahi SelatanCimahi Jawa Barat,ID,Indonesia,-6.930909199999999,107.5608359,ID-JB,False,ID-JB,True,primary,False,False,False,True,False,Tier 1 (finished goods),adidas list,0,Textile,P T KAHATEX,False,False,3125.5,False,False,False,False,
ID20190852AN9BV,PT. GRAND BEST INDONESIA,"JL. COASTER NO. 8 BLOK B 18, 19, 20,  21, 22  TANJUNG EMAS EXPORT PROCESSING ZONE, SEMARANG SEMARANG JAWA TENGAH 50174",ID,Indonesia,-6.949559000000001,110.427915,ID-JT,False,ID-JT,False,,True,True,False,True,False,Tier 1 (finished goods),Nike labels,0,APPAREL|NIKE,TUNTEX|TUNTEX GARMENT INDONESIA,False,True,1979.5,False,False,False,False,
ID201908530HZHA,PT. Glostar Indonesia,"Jln. Pelabuhan II Km. 14,5 Kp.Sampora Rt.003 Rw.005 Ds.Bojong Kec. Cikembar Kab. Sukabumi, Jawa Barat – Indonesia",ID,Indonesia,-6.9780772,106.8349207,ID-JB,False,ID-JB,True,primary,False,False,False,True,False,Tier 1 (finished goods),adidas list,0,Running Shoes|Casual Shoes|Sport Shoes|Footwear|Footwear,POU CHEN|THE LOOK MACAO COMMERCIAL OFFSHORE,False,True,8493.5,False,False,False,False,
ID201908531W4Q1,PT. CCH INDONESIA,"JL. DESA GIRIASIH NO.16 BANDUNG BARAT JAWA BARAT, WEST JAVA 40552",ID,Indonesia,-6.9196149,107.4932811,ID-JB,False,ID-JB,False,,True,True,False,True,False,Tier 1 (finished goods),Nike labels,0,APPAREL|NIKE|Hat,CCH TOP|CHUAN CHENG,False,True,1673.0,False,False,False,False,
ID20190853H4TND,PT DAYUP INDO,"NUSANTARA BONDED ZONE (KBN), JL. MADURA 6 BLOCK D13A JAKARTA DKI JAKARTA 14140",ID,Indonesia,-6.1433738,106.9308323,ID-JK,False,ID-JK,False,,True,True,False,True,False,Tier 1 (finished goods),Nike labels,0,Accessories|EQUIPMENT|NIKE|Accessories,PACSEN INTERNATIONAL PTE|DAYUP,False,True,1295.0,False,False,False,False,
ID2019085BB9V99,PT R PRIMA JAYA,JL. RAYA KALIGAWE KM 8 SEMARANG CENTRAL JAVA 50117,ID,Indonesia,-6.947835599999999,110.4894802,ID-JT,False,ID-JT,False,,True,False,True,False,False,unknown,none,0,,,False,False,667.0,False,False,False,False,
ID2019085BHC7XJ,PT TUNTEX GARMENT INDONESIA-TGR,JLN. MOH TOHA KM.2 NO.29 TANGERANG BANTEN 15112,ID,Indonesia,-6.1714262,106.6084684,ID-BT,False,ID-BT,False,,True,True,False,True,False,Tier 1 (finished goods),Nike labels,0,APPAREL|NIKE,TUNTEX,False,False,41.0,False,False,False,False,
ID2019085C9XTSB,PT CHANG SHIN REKSAJAYA,"JL. RAYA LELES NO 134. KAMPUNG KARANG MEKAR, RT002 / RW008 LELES JAWA BARAT 44152",ID,Indonesia,-7.115813,107.896312,ID-JB,False,ID-JB,False,,True,False,True,False,False,Tier 1 (finished goods),Nike labels,0,FOOTWEAR|NIKE,CHANGSHIN,False,False,11126.0,False,False,False,False,
ID2019085CS2QW0,PT. FENG TAY INDONESIA ENTERPRISES,JL. RAYA BANJARAN KM. 14.6 BANDUNG WEST JAVA 40377,ID,Indonesia,-7.0396499,107.5946739,ID-JB,False,ID-JB,False,,True,True,False,True,False,Tier 1 (finished goods),Nike labels,0,FOOTWEAR|NIKE|Rubber,FENG TAY,False,False,15994.5,True,False,False,False,
ID2019085CWY5R9,PT. TK INDUSTRIAL INDONESIA,"BELENDUNG II RT/RW 17/16 NO. 046 BELENDUNG, CIBOGO WEST JAVA 41285",ID,Indonesia,-6.1433606,106.6615529,ID-BT,False,ID-BT,False,,True,False,True,False,False,Tier 1 (finished goods),Nike labels,0,FOOTWEAR|NIKE,TAEKWANG,False,False,24968.5,False,False,False,False,
ID2019085CZZ9NE,PT VICTORY CHINGLUH INDONESIA,"JL. OTONOM PASAR KEMIS NO.48/49 RT.003/RW.004, PASAR KEMIS TANGERANG BANTEN 15560",ID,Indonesia,-6.1747516,106.5296706,ID-BT,False,ID-BT,False,,True,True,False,True,False,Tier 1 (finished goods),Nike labels,0,FOOTWEAR|NIKE|FOOTWEAR|NIKE|Rubber,CHINGLUH|CHING LUH,False,True,15435.5,False,False,False,False,
ID2019085D8DQYX,CHANG SHIN INDONESIA,"JL DUSUN GINTUNGKOLOT RT 16/04, GINTUNGKERTA , KLARI KARAWANG WEST JAVA 41371",ID,Indonesia,-6.371685599999999,107.3496692,ID-JB,False,ID-JB,False,,True,True,False,True,False,Tier 1 (finished goods),Nike labels,0,FOOTWEAR|NIKE|Rubber,CHANGSHIN,False,False,16000.0,False,False,False,False,
ID2019085DESD3A,PT ADIS DIMENSION FOOTWEAR,JL. RAYA SERANG KM. 24 TANGERANG BANTEN 15610,ID,Indonesia,-6.1985777,106.4543737,ID-BT,False,ID-BT,False,,True,True,False,True,False,Tier 1 (finished goods),Nike labels,0,FOOTWEAR|NIKE|Rubber,SHOETOWN,False,False,10000.0,False,False,False,False,
ID2019085EANF68,SHINTA WOOSUNG,"JL.RAYA KOPO MAJA KM.01, GABUS-KOPO SERANG BANTEN 42178",ID,Indonesia,-6.2278723,106.3690599,ID-BT,False,ID-BT,False,,True,True,False,True,False,Tier 2 (materials and processing),Nike labels,0,MATERIALS|FOOTWEAR|NIKE,,False,False,250.5,False,False,False,False,
ID2019085P6FV5H,PT PRATAMA ABADI INDUSTRI,JL. RAYA SERPONG KM. 7 TANGERANG SELATAN BANTEN 15325,ID,Indonesia,-6.236695399999999,106.6448248,ID-BT,False,ID-BT,False,,True,True,False,True,False,Tier 1 (finished goods),Nike labels,0,FOOTWEAR|NIKE,PRATAMA,False,False,5659.0,False,False,False,False,
ID2019085S0RQJ0,PT KMK GLOBAL SPORTS / K1,CIKUPA MAS INDUSTRIAL ESTATE & WAREHOUSE TANGERANG BANTEN 15710,ID,Indonesia,-6.2066998,106.508091,ID-BT,False,ID-BT,False,,True,True,False,True,False,Tier 1 (finished goods),Nike labels,0,FOOTWEAR|NIKE,KMK,False,False,9970.0,False,False,False,False,
ID2019085SW7EP6,PT. SEO HEUNG INDONESIA,"JL. IR. H. JUANDA NO.008, RT. 001 RW. 005 DESA JOMIN BARAT KARAWANG JAWA BARAT 41374",ID,Indonesia,-6.4184278,107.4786445,ID-JB,False,ID-JB,False,,True,False,True,False,False,unknown,none,0,,,False,False,1877.0,False,False,False,False,
ID2019085T29J1Y,PT. SHOETOWN LIGUNG INDONESIA,"JALAN LANUD SUKANI, DESA BUNTU MAJALENGKA WEST JAVA 45456",ID,Indonesia,-6.7048345,108.2539377,ID-JB,False,ID-JB,False,,True,True,False,True,False,Tier 1 (finished goods),Nike labels,0,FOOTWEAR|NIKE|Rubber|shoes,SHOETOWN,False,False,11500.0,False,False,False,False,
ID2019085V2K550,PT PRATAMA ABADI INDUSTRI,JL. RAYA SUKABUMI CIANJUR KM 14 SUKABUMI WEST JAVA 43191,ID,Indonesia,-6.8680503,107.022948,ID-JB,False,ID-JB,False,,True,True,False,True,False,Tier 1 (finished goods),Nike labels,0,FOOTWEAR|NIKE|Rubber,PRATAMA,False,False,17162.0,False,False,False,False,
ID2019085VKHK4W,BAIKSAN INDONESIA,"JL. BUMIMAS I NO.7 KAWASAN INDUSTRI CIKUPAMAS, CIKUPA, TANGERANG TANGERANG BANTEN 15710",ID,Indonesia,-6.2099515,106.5075374,ID-BT,False,ID-BT,False,,True,True,False,True,False,Tier 2 (materials and processing),Nike labels,0,MATERIALS|FOOTWEAR|NIKE,BAIKSAN,False,False,388.5,False,False,False,False,
ID2019085WD59ZW,PT. Nikomas Gemilang,"Jl. Raya Serang No.KM.71, Tambak, Kec. Kibin, Serang, Banten, Indonesia",ID,Indonesia,-6.159737199999999,106.3221779,ID-BT,False,ID-BT,True,primary,True,True,False,True,False,Tier 1 (finished goods),adidas list,0,FOOTWEAR|NIKE|Footwear|Rubber,THE LOOK MACAO COMMERCIAL OFFSHORE|POU CHEN,False,True,23522.0,False,False,False,False,
ID2019085X50G4W,PT  MAREL SUKSES PRATAMA,"JL. BARU MULUNGAN GONDANG PENEN RT. 05/RW 28 SENDANGADI, SLEMAN YOGYAKARTA DI YOGYAKARTA 55285",ID,Indonesia,-7.7229912,110.3676629,ID-YO,False,ID-YO,False,,True,True,False,True,False,Tier 1 (finished goods),Nike labels,0,CONVERSE|EQUIPMENT,PTM|MAP,True,True,168.5,False,False,False,False,
ID2019085X7ZX7D,PT. Pou Yuen Indonesia,"Kp Lembur Sawah RT 001 RW 001, Sukasirna Sukaluyu Cianjur, Jawa Barat, Indonesia",ID,Indonesia,-6.824935,107.3054302,ID-JB,False,ID-JB,False,,True,True,False,True,False,Tier 1 (finished goods),Nike labels,0,Footwear|FOOTWEAR|NIKE,POU CHEN,False,False,12129.5,False,False,False,False,
ID2019085XCZWQ1,PT MITRA GARINDO PERKASA,"JL. PANCASILA V/21, CICADAS-GUNUNG PUTRI BOGOR WEST JAVA 16964",ID,Indonesia,-6.432844299999999,106.9295453,ID-JB,False,ID-JB,False,,True,True,False,True,False,Tier 1 (finished goods),Nike labels,0,CONVERSE|APPAREL,MAP ACTIVE ADIPERKASA|MAP,True,True,754.5,False,False,False,False,
ID2019085XXZD9N,PT EAGLE NICE INDONESIA,JL RAYA SERANG KM 70 DS. KIBIN KEC. KIBIN KABUPATEN SERANG BANTEN 42186,ID,Indonesia,-6.1642489,106.3289746,ID-BT,False,ID-BT,False,,True,True,False,True,False,Tier 1 (finished goods),Nike labels,0,APPAREL|NIKE,EAGLE NICE DEVELOPMENT|EAGLE NICE,False,True,2863.5,False,False,False,False,
ID2019085XYATCH,PT. YC TEC INDONESIA,KP. CISANTRI RT.002 RW.001 CIBATU KABUPATEN PURWAKARTA JAWA BARAT None,ID,Indonesia,-6.495047599999999,107.5144143,ID-JB,False,ID-JB,False,,True,True,False,True,False,Tier 1 (finished goods),Nike labels,0,FOOTWEAR|NIKE|Footwear|Rubber,YC TEC|YCI,False,True,590.0,False,False,False,False,
ID2019091Y8JDV3,PT Morich Indo Fashion,Jl. Raya Karangjati Km 25 Gembongan Village Bergas District Semarang 50552,ID,Indonesia,-7.1777994,110.4223412,ID-JT,False,ID-JT,False,,True,True,False,True,False,Tier 1 (finished goods),Nike labels,0,One-pieces|Blouses|Dresses|Daywear|APPAREL|NIKE,MORICH|ASMARA,False,True,3200.0,False,True,False,False,
ID201909797BN5Y,PT Jiale Indonesia Textile,"Jl. Pecangaan-Bate No 288 Ro. 001 RW .005, Kel Gemulung, Kec. Pecangaan, Jepara ,Jawa Tengah Indonesia ",ID,Indonesia,-6.682182699999999,110.7390545,ID-JT,False,ID-JT,True,primary,False,False,False,True,False,Tier 1 (finished goods),adidas list,0,,ANHUI KORRUN|KORRUN INTERNATIONAL PTE,False,True,4250.5,False,False,False,False,
ID2019097RGDDX8,PT PAN BROTHERS TBK (SRAGEN),"Jl. Raya Solo-Sragen KM 22, Dk. Dawangan, Ds. Purwosuman, Kec. Sidoharjo, Kab. Sragen Jawa Tengah, Indonesia",ID,Indonesia,-7.4536133,110.9544693,ID-JT,False,ID-JT,True,primary,False,False,False,True,False,Tier 1 (finished goods),adidas list,0,,PRIMA SEJATI SEJAHTERA,False,False,1570.0,False,False,False,False,
ID201909881F0MP,PT. DONG-A DECAL,"JL.IRIAN BLOK E09A-E09B CAKUNG-CILINCING RT.002 RW.003, Jakarta Utara, Jakarta Raya",ID,Indonesia,-6.139812,106.931687,ID-JK,False,ID-JK,False,,True,False,True,False,False,unknown,none (keyword guess removed),0,,IKG,False,False,404.0,False,False,False,False,
ID2019133M569V3,Pungkook Corporation,"Jl. Raya Purwodadi - Blora KM. 18,Tanjungrejo, Wirosari, Tanjungrejo, Grobogan, Kabupaten GroboganJawa Tengah58192",ID,Indonesia,-7.087352,111.056463,ID-JT,False,ID-JT,True,primary,False,False,False,True,False,Tier 1 (finished goods),adidas list,0,Hard GoodsISports Goods|Sports Goods|Sports Goods|Sports Goods|Sports Goods|Sports Goods|Sports Goods|Sports Goods|Accessories|Accessories|Accessories|Sports Goods|Accessories,,False,False,9127.25,False,False,False,False,
ID201914339B3SM,PT Eagle Glove Indonesia,"Bayen Village Purwomartani, Kalasan Sleman Yogyakarta 55571 Daerah Istimewa Yogyakarta Indonesia",ID,Indonesia,-7.753323,110.464382,ID-YO,False,ID-YO,True,primary,False,False,False,True,False,Tier 1 (finished goods),adidas list,0,Accessories|Accessories,THE NAIGAI|NAIGAI,False,True,922.0,False,False,False,False,
ID20191433AH627,PT Lucky Textile Semarang (Plant 2),Kawasan Industri Wijayakusuma Jl. Tugu Industri I No.7  Semarang 50153 Jawa Tengah Indonesia,ID,Indonesia,-6.9748217,110.32598,ID-JT,False,ID-JT,True,primary,False,False,False,True,False,Tier 1 (finished goods),adidas list,0,,TUNG MUNG TEXTILE S PTE|TUNTEX INCORPORATION,False,True,764.75,False,False,False,False,
ID20191433SWF3B,PT Bintang Indokarya Gemilang,Jl. Raya Cendrawasih KM 20 Desa Tengguli No. 06 Kecamatan Tanjung Kabupaten Brebes Brebes 52254 Jawa Tengah Indonesia,ID,Indonesia,-6.8686918,108.8407457,ID-JB,False,ID-JB,True,primary,False,False,False,True,False,Tier 1 (finished goods),adidas list,0,,STAR ASIA TRADING PTE,False,False,10956.5,False,False,False,False,
ID20191436WN8SS,PT Shinko Toyobo Gistex Garment,Jl. Panyawungan KM 19 Desa Cileunyi Wetan Kecamatan Cileunyi Bandung 40622 Jawa Barat Indonesia,ID,Indonesia,-6.947829899999999,107.7525542,ID-JB,False,ID-JB,True,licensee,False,False,False,True,False,Tier 1 (finished goods),adidas list,0,,TOYOBO STC,False,False,1389.5,False,False,False,False,
ID2019143BBQP9D,PT Panarub Industry,Jl. Moch Toha Km. 1 Pasar Baru Desa Gerendeng Tangerang 15113 Banten Indonesia,ID,Indonesia,-6.170908,106.617808,ID-BT,False,ID-BT,True,primary,False,False,False,True,False,Tier 1 (finished goods),adidas list,0,Rubber,STAR ASIA TRADING PTE,False,False,6708.5,False,False,False,False,
ID2019143DDWDZ3,PT Taitat Putra Rejeki,JI Industri No.54  Tarikolot Citeureup Bogor 16180 Jawa Barat Indonesia,ID,Indonesia,-6.493313,106.891188,ID-JB,False,ID-JB,False,,True,True,False,True,False,Tier 1 (finished goods),Nike labels,0,CONVERSE|EQUIPMENT,TPR|MAP,True,True,66.0,False,False,False,False,
ID2019143GS9Q6G,PT. Parkland World Indonesia Jepara,"Jalan Raya Jepara - Kudus Desa Pelang RT 06 RW 02 Kecamatan Mayong, Kabupaten Jepara Jepara 59465 Jawa Tengah Indonesia",ID,Indonesia,-6.740187,110.744812,ID-JT,False,ID-JT,True,primary,False,False,False,True,False,Tier 1 (finished goods),adidas list,0,Footwear|Footwear,PARKLAND WORLD INDONESIA,False,False,17759.0,False,False,False,False,
ID2019143YJECW7,PT Gistex,Jl Raya Bandung Cirebon Desa Sinarjati RT 01 RW01 Dawuan Majalengka 45453 Jawa Barat Indonesia,ID,Indonesia,-6.751904799999999,108.2082463,ID-JB,False,ID-JB,True,primary,False,False,False,True,False,Tier 1 (finished goods),adidas list,0,,ZKG KIMAC,False,False,1000.5,False,False,False,False,
ID2019143ZKAKVB,PT Tuntex Garment Indonesia - Cikupa 1,Jl. Raya Serang Km 18.8 Desa Bojong Kecamatan Cikupa Kabupaten Tangerang 15710 Banten Indonesia,ID,Indonesia,-6.2173658,106.4952438,ID-BT,False,ID-BT,False,,True,False,True,False,True,Tier 1 (finished goods),Nike labels,0,APPAREL|NIKE|Apparel|Apparel,TUNTEX,False,False,1206.0,False,False,False,False,
ID20191720CBN7P, PT. YKK Zipper Indonesia Factory 1 - Depok, Jl. Raya Jakarta Bogor Km 29 ,ID,Indonesia,-6.353312,106.859313,ID-JB,False,ID-JB,True,wet process,False,False,False,True,False,Tier 2 (materials and processing),adidas list,0,Raw Material,YKK TAIWAN|YKK YOSHIDA KOGYO KABUSHIKIKAISHA,False,True,832.0,False,False,False,False,
ID201917247B1D7, PT. Dean Shoes LTD, Jl. Dusun Serang RT 10/05,ID,Indonesia,-7.2305701,109.8626059,ID-JT,False,ID-JT,False,,True,True,False,True,True,Tier 1 (finished goods),Nike labels,0,Footwear|Footwear,YMU DEAN SHOES,False,False,3338.0,False,False,False,False,
ID2019172PXKTMQ, PT. Saimoda Garmindo, Jl. Raya Banjaran KM.16,ID,Indonesia,-7.0396499,107.5946739,ID-JB,False,ID-JB,False,,True,True,False,True,False,Tier 1 (finished goods),Nike labels,0,,GREENTEX,False,False,1739.0,True,False,False,False,
ID2019172X3VFDT, PT. Shoetown Kasokandel Indonesia - Majalengka, Jl. Raya Cirebon Bandung KM.45,ID,Indonesia,-6.7489702,108.2127323,ID-JB,False,ID-JB,False,,True,False,True,False,False,Tier 1 (finished goods),Nike labels,0,FOOTWEAR|NIKE|Rubber,SHOETOWN,False,False,4410.0,False,False,False,False,
ID2019353M71AX7,PT. Holi Karya Sakti,"Jl. Raya Semarang Purwodadi Km 28, Kel. Mangunsari Kec. Tegowanu, Kab. Grobogan, Jawa Tengah 58165",ID,Indonesia,-7.0514736,110.6391201,ID-JT,False,ID-JT,True,licensee,False,False,False,True,False,Tier 1 (finished goods),adidas list,0,Accessories,THE NAIGAI|NAIGAI,False,True,1397.0,False,False,False,False,
ID20200356HTR02,PT Semarang Garment,Jl. Soekarno - Hatta KM. 25 Kelurahan Wujil Kecamatan Bergas Kabupaten Semarang 50552 Jawa Tengah Indonesia,ID,Indonesia,-7.173375200000001,110.4156982,ID-JT,False,ID-JT,True,primary,True,True,False,True,False,Tier 1 (finished goods),adidas list,0,APPAREL|NIKE,ONTIDE|KUKDONG,False,True,3250.5,False,False,False,False,
ID20200534RGRHE,Pt. Paiho Indonesia,"Jl. Perintis Kemerdekaan KM 6 Kp Cimenteng RT 01 RW 05, Desa Sukamulya Kec Cikembar Kab Sukabumi 43157 Sukabumi West Java ",ID,Indonesia,-6.931075099999999,106.7798865,ID-JB,False,ID-JB,True,wet process,False,False,False,True,False,Tier 2 (materials and processing),adidas list,0,Labels,TAIWAN PAIHO|PAIHO,False,True,1212.0,False,False,False,False,
ID2020053EDWTBN,Pt. Daehwa Leather Lestari,"BEKASI INTERNATIONAL INDUSTRIAL ESTATE BLOCK C.10 NO.06 LIPPO CIKARANG, CIBATU, CIKARANG SELATAN Bekasi West Java ",ID,Indonesia,-6.341437,107.138563,ID-JB,False,ID-JB,True,wet process,True,False,True,True,False,Tier 2 (materials and processing),adidas list,0,,DAEHWA LEATHER,False,False,326.0,False,False,False,False,
ID2020053HWZ52C,PT CHANG SHIN INDONESIA,"Jl. Raya Ir. H. Juanda No.8, RT. 01/RW. 05, Desa Jomin Barat, Kec. Kotabaru, Kab. Karawang Karawang West Java 41376",ID,Indonesia,-6.41482,107.465181,ID-JB,False,ID-JB,False,,True,True,False,True,False,Tier 1 (finished goods),Nike labels,0,FOOTWEAR|NIKE,CHANGSHIN,False,False,2136.0,False,False,False,False,
ID20200797MZGN0,PT Busana Remaja Agracipta - Yogyakarta,"Ring Road Street Sarirejo II Singosaren Banguntapan, Bantul, Yogyakarta, Indonesia",ID,Indonesia,-7.8367567,110.4008865,ID-YO,False,ID-YO,True,licensee,False,False,False,True,False,Tier 1 (finished goods),adidas list,0,Apparel,BUSANAREMAJA AGRACIPTA,False,False,3000.5,False,False,False,False,
ID20201063P1BWS,Pt. Busana Remaja Agracipta (Bantul),"Jl. Pemuda, Klodran, Kadirojo, Jonggrangan, Bantul 55711, Daerah Istimewa Yogyakarta - Indonesia",ID,Indonesia,-7.876748099999999,110.3215315,ID-YO,False,ID-YO,True,licensee,False,False,False,True,False,Tier 1 (finished goods),adidas list,0,Apparel|KNIT ACTIVEWEAR|BRAS,GOLDCHOICE TRADING PTE,False,False,3000.5,False,True,False,False,
ID2020114HS3A9Q,PT SELALU CINTA INDONESIA,"JL LINGKAR SELATAN SALATIGA DUSUN TETEP, SALATIGA, JAWA TENGAH, 50735, INDONESIA",ID,Indonesia,-7.370407900000001,110.4992004,ID-JT,False,ID-JT,False,,True,True,False,True,False,Tier 1 (finished goods),Nike labels,0,FOOTWEAR|NIKE,KMK,False,False,13988.0,False,False,False,False,
ID2020115S2MWDG,PT TONG HONG INDONESIA,"KAWASAN INDUSTRI MODERN CIKANDE, JL. MODERN INDUSTRI 14 BLOK W NO. 1, CIKANDE, SERANG, BANTEN, INDONESIA",ID,Indonesia,-6.185910499999999,106.3403429,ID-BT,False,ID-BT,False,,True,False,True,False,False,unknown,none,0,Rubber,,False,False,298.0,False,False,False,False,
ID2020134HRHXR8,PT. Formosa Bag Indonesia,"JL. Raya Semarang-Purwodadi KM 26.5 Kel. Gebangan Kec. Tegowanu, Kab. Grobogan, Jawa Tengah, Indonesia",ID,Indonesia,-7.050639700000001,110.6269576,ID-JT,False,ID-JT,False,,True,True,False,True,False,Tier 1 (finished goods),Nike labels,0,EQUIPMENT|NIKE,FORMOSA|ANHUI KORRUN,False,True,5135.0,False,False,False,False,
ID2020314SDJPCK,PT INDONESIA LIBOLON FIBER SYSTEM,"Jl. Cideng Barat No 15-16 , Jakarta 10140, Indonesia.",ID,Indonesia,-6.1635146,106.8103509,ID-JK,False,ID-JK,True,wet process,False,False,False,True,False,Tier 2 (materials and processing),adidas list,0,,LIBOLON,False,False,,False,False,False,False,
ID2020338PYF7T3,PT Sumber Masanda Jaya,Jl. Raya Bangsri KM07. RT001 RW001 Desa Bangsri. Kec. Bulakamba. Kab. Brebes. Jawa Tengah,ID,Indonesia,-6.8688794,108.9758537,ID-JT,False,ID-JT,False,,True,True,False,True,False,Tier 1 (finished goods),Nike labels,0,FOOTWEAR|NIKE|shoes,PRATAMA,False,False,13181.5,False,False,False,False,
ID2020344082PHD,Pt Sport Glove Indonesia,"DUSUN KRANDON, DESA PANDOWOHARJO Yogyakarta",ID,Indonesia,-7.686390100000001,110.3740754,ID-YO,False,ID-YO,False,,True,True,False,True,False,Tier 1 (finished goods),Nike labels,0,Accessories|EQUIPMENT|NIKE|Accessories,SGI|SPORT,True,True,1626.0,False,False,False,False,
ID202107766Z01C,Ching Luh,"PT Ching Luh Indonesia JL. Raya Serang KM 16 Cikupa – 15710, Banten",ID,Indonesia,-6.228069199999999,106.5148891,ID-BT,False,ID-BT,False,,True,True,False,True,False,Tier 1 (finished goods),Nike labels,0,FOOTWEAR|NIKE|Rubber,,False,False,9387.0,False,False,False,False,
ID2021077BKD6EZ,PT. Parkland World Indonesia (PWI-Rembang),Desa Pasar Banggi,ID,Indonesia,-6.7017973,111.3888358,ID-JT,False,ID-JT,True,primary,False,False,False,True,False,Tier 1 (finished goods),adidas list,0,,,False,False,2580.0,False,False,False,False,
ID2021077RK49ZQ,PT. Global Way Indonesia (Madiun facility),Jalan Raya Pilangkenceng,ID,Indonesia,-7.477877699999999,111.635562,ID-JI,False,ID-JI,True,primary,False,False,False,True,False,Tier 1 (finished goods),adidas list,0,Accessories,LONG WAY ENTERPRISE,False,False,1500.5,False,False,True,False,
ID2021082KFQRS6,PT. Hwa Seung Indonesia,"Krasak, RT.09/RW.03, Dusun III, Banyuputih, Kec. Kalinyamatan, Kabupaten Jepara, Jawa Tengah 59467",ID,Indonesia,-6.711562,110.723687,ID-JT,False,ID-JT,True,primary,False,False,False,True,False,Tier 1 (finished goods),adidas list,0,Rubber,HWASEUNG INDUSTRIES,False,False,20330.5,False,False,False,False,
ID2021159VR3FT0,PT. DAE YOUNG TEXTILE,"JALAN SAPTARENGGA NO. 07 KAWASAN INDUSTRY KENDAL, KENDAL, JAWA TENGAH, INDONESIA, KENDAL",ID,Indonesia,-6.937242599999999,110.2457884,ID-JT,False,ID-JT,True,wet process,False,False,False,True,False,Tier 2 (materials and processing),adidas list,0,,DAE YOUNG,False,False,182.0,False,False,False,False,
ID2021161F4TRWV,PT. San Fang Indonesia,"Jl. Modern Industri IV No.10,12&16, Kawasan Industri Modern Cikande, Serang, Banten, Indonesia",ID,Indonesia,-6.191088,106.330266,ID-BT,False,ID-BT,False,,True,True,False,True,False,Tier 2 (materials and processing),Nike labels,0,NIKE|FOOTWEAR|MATERIALS,SAN FANG CHEMICAL INDUSTRY|SAN FANG,False,True,487.0,False,False,False,False,
ID2021182JC36SX,PT. Paxar Indonesia,"Jl.Inti I Block C1 N0. 14, Bekasi International Industrial Estate Lippo Cikarang - Bekasi 17550",ID,Indonesia,-6.337795,107.139125,ID-JB,False,ID-JB,False,,True,True,False,True,False,Tier 2 (materials and processing),Nike labels,0,NIKE|APPAREL|MATERIALS,AVERY DENNISON,False,False,334.0,False,False,False,False,
ID202206506TR9Z,PT Batang Apparel Indonesia,"Nanom Desa Wringin Gintung Kecamatan, Batang, Jawa Tengah, 51261",ID,Indonesia,-6.962193300000001,109.7837232,ID-JT,False,ID-JT,True,licensee,True,True,False,True,False,Tier 1 (finished goods),adidas list,0,NIKE|APPAREL,KUKDONG,True,False,2517.0,False,False,False,False,
ID20220655P0YH8,DAEHWA INDONESIA PT (TR1) (INDONESIA),"Bekasi Intl Industrial Estate Block , BEKASI, Jawa Barat, 13450",ID,Indonesia,-6.2393686,106.9299579,ID-JK,False,ID-JK,False,,True,True,False,True,False,Tier 2 (materials and processing),Nike labels,0,NIKE|FOOTWEAR|MATERIALS,DAEHWA,False,False,334.0,False,False,False,False,
ID2022065818JEF,PT PRATAMA ABADI INDUSTRI,"Jalan Raya Bandung Tasikmalaya KM 43 Desa Cijolang, Garut, Jawa Barat, 44186",ID,Indonesia,-7.035603,107.938662,ID-JB,False,ID-JB,False,,True,True,False,True,False,Tier 1 (finished goods),Nike labels,0,NIKE|FOOTWEAR,PRATAMA,False,False,6729.0,False,False,False,False,
ID20220658KASYT,DONGJIN (Indonesia),"Artha Industrial Hill , Karawang, Jawa Barat, 41361",ID,Indonesia,-6.3968263,107.2370391,ID-JB,False,ID-JB,False,,True,True,False,True,False,Tier 2 (materials and processing),Nike labels,0,NIKE|FOOTWEAR|MATERIALS,DONGJIN,False,False,393.0,False,False,False,False,
ID2022065EK2QH9,PT Lucky Textile Demak,"Dukuh Tegalrejo RT. 001 RW.002, Demak, Jawa Tengah, 59517",ID,Indonesia,-6.8524482,110.6764877,ID-JT,False,ID-JT,False,,True,True,False,True,False,Tier 1 (finished goods),Nike labels,0,NIKE|APPAREL,TUNTEX,True,False,1370.0,False,False,False,False,
ID2022065G49500,PT Tong Hong Tannery,"KAWASAN INDUSTRI MODERN CIKANDE , Kabupaten Serang, Banten, 42186",ID,Indonesia,-6.189188,106.310812,ID-BT,False,ID-BT,False,,True,True,False,True,False,Tier 2 (materials and processing),Nike labels,0,NIKE|FOOTWEAR|MATERIALS,TONG HONG,False,False,287.0,False,False,False,False,
ID2022065RWAFX8,GOLD LONG JOHN (INDONESIA),"Jl Raya Batujajar KM 3 5 desa giriasih, Kecamatan Batujajar, Jawa Barat, 40561",ID,Indonesia,-6.895862699999999,107.50274,ID-JB,False,ID-JB,False,,True,True,False,True,False,Tier 2 (materials and processing),Nike labels,0,NIKE|FOOTWEAR|MATERIALS,GOLD LONG JOHN,False,False,297.0,False,False,False,False,
ID2022074PWX9E4,PT. Woneel Midas Leathers,"JALAN BANGUNSARI 04/03, CANDIREJO, SEMIN, GUNUNG KIDUL, YOGYAKARTA, INDONESIA.",ID,Indonesia,-7.819403899999999,110.7435364,ID-JT,False,ID-JT,True,primary,True,True,False,True,False,Tier 1 (finished goods),adidas list,0,,,False,False,1405.5,False,False,False,False,
ID20220833JRWEN,PT Rodeo Prima Jaya,"Jl Raya Kaligawe Km 7, Semarang, Jawa Tengah, 50117",ID,Indonesia,-6.9482909,110.4900171,ID-JT,False,ID-JT,False,,True,True,False,True,False,Tier 1 (finished goods),Nike labels,0,NIKE|APPAREL,PRIMA,True,False,609.0,False,False,False,False,
ID2022196ZQDNSM,Pt. Capglobal Industry International 1,Jl. Bengawan Solo No. 99 Rt. 003 Rw.001 Kel/Ds. Putren Kec.Sukomoro Kab. Nganjuk - JawaTimur,ID,Indonesia,-7.581848300000001,111.8945599,ID-JI,False,ID-JI,True,primary,False,False,False,True,False,Tier 1 (finished goods),adidas list,0,Sports & activewear|Promotional wear and accessories|Accessories|Accessories|Headwear|Accessories|Accessories|Accessories|Accessories|Headwear|Trimmings,CAPGLOBAL|CAPGLOBAL INDUSTRY INTERNATIONAL,False,True,840.0,False,True,False,False,
ID2022202MQBX9K,PT YOUNGIL LEATHER INDONESIA,"GRAHA BALARAJA INDUSTRIAL ESTATE KAV.E3&E5 SUKAMURNI - BALARAJA ,  TANGERANG - BANTEN. ZIP CODE : 15610",ID,Indonesia,-6.2007718,106.4292729,ID-BT,False,ID-BT,False,,True,True,False,True,False,Tier 2 (materials and processing),Nike labels,0,Full Grain|PU Split|NIKE|FOOTWEAR|MATERIALS,YOUNGIL|YOUNGIL LEATHER,False,True,299.0,False,False,False,False,
ID2022243TAHHHK,PT Mercindo Global Manufaktur,Jalan Raya Semarang  Bawen Km 29 Desa Samban Kecamatan Bawen Kabupaten Semarang 50661,ID,Indonesia,-7.3831298,110.5605648,ID-JT,False,ID-JT,False,,True,True,False,True,False,Tier 1 (finished goods),Nike labels,0,,MERCINDO,False,False,2359.0,False,False,False,False,
ID2022244B66FKP,PT. Jiale Indonesia Garment,"Jl. Leuwidulang Cimaranggi No. 288, Desa Sukamaju, Kecamatan Majalaya, Kabupaten Bandung, Jawa Barat, ,",ID,Indonesia,-7.047117,107.7530209,ID-JB,False,ID-JB,True,primary,False,False,False,True,False,Tier 1 (finished goods),adidas list,0,,KORRUN INTERNATIONAL PTE,False,False,3426.0,False,False,False,False,
ID2022249CRPZ72,PT.  TAH SUNG HUNG,"Jl. Pemuda No.35 A, Jagapura, Kec. Kersana, Kabupaten Brebes, Jawa Tengah,, ,",ID,Indonesia,-6.9299772,108.8760379,ID-JT,False,ID-JT,True,primary,False,False,False,True,False,Tier 1 (finished goods),adidas list,0,Rubber,SWARM INT L TRADING,False,False,8000.0,False,False,False,False,
ID2022292NYCXKF,Cisarua,"Kompleks Ruko Green Garden Blok Aa2 No.31, 1St Floor, Tangerang 1",ID,Indonesia,-6.173055199999999,106.6853484,ID-BT,False,ID-BT,True,wet process,False,False,False,True,False,Tier 2 (materials and processing),adidas list,0,,,False,False,,False,False,False,False,
ID2022292YRRAJA,PT. DONG JIN TEXTILE INDONESIA,"Artha Industrial Hill, JL Trans Heksa A1, No. 6 Wanajaya, Teluk Jambe Barat, Karawang, Jawa Barat 41361",ID,Indonesia,-6.3801909,107.2358409,ID-JB,False,ID-JB,True,wet process,False,False,False,True,False,Tier 2 (materials and processing),adidas list,0,Fabric|Fabric,DONG JIN TEXTILE,False,False,400.0,False,False,False,False,
ID2022296CYA6VS,PT Long Harmony Industry,"Jl. Raya Batujajar No.Km, 3.5, Giriasih, Kec. Batujajar, Kabupaten Bandung Barat, Jawa Barat 40561",ID,Indonesia,-6.894472100000001,107.5026551,ID-JB,False,ID-JB,True,wet process,False,False,False,True,False,Tier 2 (materials and processing),adidas list,0,,JADE LONG JOHN,False,False,339.5,False,False,False,False,
ID20223003NH9AJ,PT. Gistex Garmen Indonesia,"Jalan. Banjarnegara - Wonosobo, Kelurahan Kalibenda, Kecamatan Sigaluh,  Banjarnegara, Jawa Tengah",ID,Indonesia,-7.3921979,109.7303158,ID-JT,False,ID-JT,True,licensee,False,False,False,True,False,Tier 1 (finished goods),adidas list,0,,GISTEX GARMEN INDONESIA 1,False,False,495.0,False,False,False,False,
ID20223009T5V4X,PT Glory Star Wisesa,"Jl Raya Cirebon Bandung Desa Paningkiran Kecamatan Sumberjaya, West Java, Indonesia, Majalengka, Jawa Barat",ID,Indonesia,-6.7041092,108.3593958,ID-JB,False,ID-JB,True,licensee,False,False,False,True,False,Tier 1 (finished goods),adidas list,0,,,False,False,513.0,False,False,False,False,
ID20223089C9VRF,Pt Eclat Textile International ,"Kawasan Ekonomi Khusus Kendal Jl., Saptarengga No. 11, Kel. Wonorejo, Kec. Kaliwungu, Kendal, Jawa Tengah, Indonesia 51372",ID,Indonesia,-6.9361826,110.2484203,ID-JT,False,ID-JT,False,,True,True,False,True,False,Tier 1 (finished goods),Nike labels,0,Garment,ECLAT TEXTILE|ECLAT,False,True,3000.5,False,False,False,False,
ID20223286YXFJ2,PT MAS Arya II,"Jl Tugu Wijaya VI No. 7, Kawasan Industri Wijayakusuma, Randugarut Tugu Kota Semarang 50181, Jawa Tengah, Indonesia",ID,Indonesia,-6.9624701,110.335646,ID-JT,False,ID-JT,False,,True,True,False,True,False,Tier 1 (finished goods),Nike labels,0,Activewear ,MAS AMITY PTE|MAS|MAS KREEDA,False,True,2110.0,False,False,False,False,
ID20230606H7WAY,PT. Sambu Fine Chemical Koin,"Jl. Kenari Raya Blok G.2 No. 12 B - 12 D, Delta Silicon V, Lippo Cikarang Industrial Park, Desa Cicau, Kec. Cikarang Pusat, Kab. Bekasi - 17530",ID,Indonesia,-6.3572042,107.1612137,ID-JB,False,ID-JB,False,,True,True,False,True,False,Tier 2 (materials and processing),Nike labels,0,NIKE|FOOTWEAR|MATERIALS,SAMBU FINE CHEMICAL,False,False,55.0,False,False,False,True,
ID202307580Q7V1,PT FORMOSA BAG INDONESIA,"JL RAYA JEPARA KUDUS KM 28 DESA SENGONBUNGEL,KECAMATAN MAYONG",ID,Indonesia,-6.7435525,110.7511359,ID-JT,False,ID-JT,True,primary,False,False,False,True,False,Tier 1 (finished goods),adidas list,0,,ANHUI KORRUN|KORRUN INTERNATIONAL PTE,False,True,3000.5,False,False,False,False,
ID2023086E4977B,PT. Daewon Eco Indonesia,"Kawasan Industri Delta Silicon 3 Jl. Pinang Blok F23 No. 11E-11F Kel. Cicau Kec. Cikarang Pusat, Kab. Bekasi",ID,Indonesia,-6.3588014,107.1456745,ID-JB,False,ID-JB,False,,True,False,True,False,False,unknown,none,0,NIKE|FOOTWEAR|MATERIALS,DAEWON,False,False,29.0,True,False,False,False,
ID20231862VK19X,Pt Gelindo Garmentama,"Jl. Cangkuang Kulon No.38, Moh Toha, Bandung 40239, Bandung, ",ID,Indonesia,-6.96779,107.6158317,ID-JB,False,ID-JB,False,,True,True,False,True,False,Tier 1 (finished goods),Nike labels,0,,EAGLE NICE DEVELOPMENT|EAGLE NICE,False,True,1875.0,False,False,False,False,
ID2023215WW2FAF,PT. Indonesia Rabboni Garment,"Jl. Raya Banjaran Km.10,2,",ID,Indonesia,-7.0019294,107.6185713,ID-JB,False,ID-JB,True,primary,False,False,False,True,False,Tier 1 (finished goods),adidas list,0,,,False,False,1747.5,False,False,False,False,
ID20232175QYC04,PT. SUNJIN HJ,Jl. Raya Serang KM.68 Modern Cikande Industrial Estate,ID,Indonesia,-6.178852399999999,106.3397404,ID-BT,False,ID-BT,True,wet process,False,False,False,True,False,Tier 2 (materials and processing),adidas list,0,,SUN JIN,False,False,290.0,False,False,False,False,
ID2024024SY33JA,PT. COATS REJO INDONESIA,"RAYA TAJUR STREET NUMBER 24, BOGOR, WEST JAVA",ID,Indonesia,-6.644551000000001,106.841844,ID-JB,False,ID-JB,True,wet process,False,False,False,True,False,Tier 2 (materials and processing),adidas list,0,TRIMS,COATS THREAD|COATS,False,True,633.0,False,False,False,False,
ID20240662F1DYY,PT GOLSTAR INDONESIA (PGS),"DESA TITISAN,Desa Titisan, Kecamatan Sukalarang,Kabupaten Sukabumi,SUKABUMI,Jawa Barat",ID,Indonesia,-6.870200499999999,107.0214647,ID-JB,False,ID-JB,True,primary,False,False,False,True,False,Tier 1 (finished goods),adidas list,0,,THE LOOK MACAO COMMERCIAL OFFSHORE,False,False,9418.0,False,False,False,False,
ID2024066BX794X,PT.Chun Cherng Indonesia,"AE NO. 77 KEL, JL. INDUSTRI RAYA III BLOK,SUKADAMAI LEC.CIKUPA KAB,TANGERANG PROP.BANTEN,Banten",ID,Indonesia,-6.1938794,106.5444131,ID-BT,False,ID-BT,True,wet process,False,False,False,True,False,Tier 2 (materials and processing),adidas list,0,,YEE CHAIN,False,False,207.0,False,False,False,False,
ID2024066RF9J9C,PT. Apparel One Indonesia 2,"Jl. Tugu Wijaya IV No. 08 ,Kawasan Industri Wijaya Kusuma, ,Kel. Randu Garut, Kec. Tugu,Semarang,Jawa Tengah",ID,Indonesia,-6.968583600000001,110.3338742,ID-JT,False,ID-JT,True,primary,False,False,False,True,False,Tier 1 (finished goods),adidas list,0,,TRIPUTRA INVESTINDO ARYA,False,False,2268.0,False,False,False,False,
ID20241328Y7T24,PT. CHANGSHIN REKSA JAYA,Kp Karang Mekar RT 002 RW 008 GARUT Jawa Barat 44152,ID,Indonesia,-7.501220399999999,107.763621,ID-JB,False,ID-JB,False,,True,True,False,True,False,Tier 1 (finished goods),Nike labels,0,,CHANGSHIN,False,False,10785.5,False,False,False,False,
ID2024132BP111Z,PT. TKG TAEKWANG INDONESIA,"Belendung II RT 17 RW 06 Belendung, Cibogo Jawa Barat 41285",ID,Indonesia,-6.5481374,107.7917513,ID-JB,False,ID-JB,False,,True,True,False,True,False,Tier 1 (finished goods),Nike labels,0,,TAEKWANG,False,False,27579.5,False,False,False,False,
ID2024132BSKVZC,PT Shoetown Kasokandel Indonesia,Jalan Raya Sumedang Cirebon Majalengka Jawa Barat 45453,ID,Indonesia,-7.0776396,108.094935,ID-JB,False,ID-JB,False,,True,True,False,True,False,Tier 1 (finished goods),Nike labels,0,,SHOETOWN,False,False,4888.0,False,False,False,False,
ID2024132Y18AFV,PT DAEWON ECO INDONESIA,Jl Pinang Blok F23 No 11E and 11F Delta Silicon 3 Bekasi Jawa Barat 17530,ID,Indonesia,-6.3588014,107.1456745,ID-JB,False,ID-JB,False,,True,True,False,True,False,Tier 2 (materials and processing),Nike labels,0,,DAEWON,False,False,37.0,True,False,False,False,
ID2024225DSBJNP,PT HWA SEUNG INDONESIA,"RT. 01 RW. 01 KEL. BUMIMULYO, KEC. BATANGAN, KAB. PATI, JAWA TENGAH",ID,Indonesia,-6.6950514,111.2040191,ID-JT,False,ID-JT,True,primary,False,False,False,True,False,Tier 1 (finished goods),adidas list,0,,HWASEUNG INDUSTRIES,False,False,5497.0,False,False,False,False,
ID2024329CZE6RT,PT TRIGOLDENSTAR WISESA,"JL. RUMAMBE DESA ANGGADITA KEC. KLARI, KARAWANG, WEST JAVA, 41371, INDONESIA",ID,Indonesia,-6.350918,107.3346229,ID-JB,False,ID-JB,False,,True,True,False,True,False,Tier 1 (finished goods),Nike labels,0,GARMENTS|NIKE|APPAREL,TRIGOLDENSTAR,False,False,139.0,False,False,False,False,
ID20243406Y3J1P,PT Adonia Footwear Indonesia,"Jl Raya Barat Lebaksiu Kidul, Desa/Kelurahan Lebaksiu Kidul, Kecamatan Lebaksiu, Kabupaten Tegal, Jawa Tengah",ID,Indonesia,-7.0459043,109.1362679,ID-JT,False,ID-JT,True,primary,False,False,False,True,False,Tier 1 (finished goods),adidas list,0,,ABLE GRAND HOLIDINGS|ABLE GRAND,False,True,7035.0,False,False,False,False,
ID20250092R983D,PT. Pei Hai International Wiratama Indonesia Unit 2,DUSUN GERIH DESA JANTI KECAMATAN JOGOROTO KABUPATEN JOMBANG JAWA TIMUR,ID,Indonesia,-7.559902099999999,112.2905607,ID-JI,False,ID-JI,True,primary,False,False,False,True,False,Tier 1 (finished goods),adidas list,0,,FLOURISH THRIVE DEVELOPMENTS TAIWAN BRANCH|MIA INTERNATIONAL,False,True,1588.0,False,False,False,False,
ID20251074493VD,PT. Long Rich Indonesia - FIN,"SIDARESMI, PABEDILAN, KAB. CIREBON, JAWA BARAT",ID,Indonesia,-6.876176399999999,108.7734616,ID-JB,False,ID-JB,True,primary,False,False,False,True,False,Tier 1 (finished goods),adidas list,0,,WORLD TOP INDUSTRIES,False,False,201.0,False,False,False,False,
ID2025196HCMKCP,PT Dong Jin Textile Indonesia (Kendal),"Jl. Pareanom No.6, Kawasan Industri Kendal, Desa Wonorejo, Kec Kaliwungu, Kab. Kendal 51372 Jawa Tengah",ID,Indonesia,-6.9229326,110.2675957,ID-JT,False,ID-JT,True,wet process,False,False,False,True,False,Tier 2 (materials and processing),adidas list,0,,DONG JIN TEXTILE,False,False,,False,False,False,False,
ID20252117VW631,PT INDONESIA SNOWFLYING GARMENT,"KM.10.2, BANDUNG, ANDIR BALEENDAH KAB, JAWA BARAT",ID,Indonesia,-6.9136276,107.5776047,ID-JB,False,ID-JB,True,primary,False,False,False,True,False,Tier 1 (finished goods),adidas list,0,,BOSIDENG INTERNATIONAL FASHION SINGAPORE PTE,False,False,1984.0,False,False,False,False,
ID2026042N1PZ7F,PT HARDASES ABADI INDONESIA (PCA),"JL RAYA WANGANDOWO, Desa/Kelurahan Sampih, Kec. Wonopringgo, Kab. Pekalongan, Provinsi Jawa Tengah, Kode Pos: 51181, Kab. Pekalongan, Jawa Tengah",ID,Indonesia,-6.9802418,109.6137435,ID-JT,False,ID-JT,True,primary,False,False,False,True,False,Tier 1 (finished goods),adidas list,0,,THE LOOK MACAO COMMERCIAL OFFSHORE,False,False,1432.0,False,False,False,False,
ID2026042SAG45S,PT AROMA FOOTWEAR INDONESIA,"JL.RAYA TEGAL-PEMALANG, KEDUNGKELOR NO.02, KAB. TEGAL, JAWA TENGAH",ID,Indonesia,-6.8721122,109.3376153,ID-JT,False,ID-JT,True,primary,False,False,False,True,False,Tier 1 (finished goods),adidas list,0,,,False,False,1578.0,False,False,False,False,
IL2019098QEAJVE,Delta Socks Ltd.,"1 Hayotzrim St.,Karmiel,Karmiel,Israel",IL,Israel,32.914671,35.292417,IL-Z,False,IL-Z,False,,True,True,False,True,False,Tier 1 (finished goods),Nike labels,0,NIKE|EQUIPMENT|Socks/Hosiery,VANESSA|DELTA,False,True,195.0,False,False,False,False,
IN201908358BY59,Wintex Exports,"G.T. Road  Suranussi, Jalandhar, Punjab, 144003",IN,India,31.3733903,75.55035649999999,IN-PB,False,IN-PB,True,licensee,False,False,False,True,False,Tier 1 (finished goods),adidas list,0,,,False,False,330.0,False,False,False,False,
IN20190856M1FVN,MAGNOLIA MARTINIQUE,"A-13, Phase II, Sector 80, Noida, Uttar Pradesh, 201301",IN,India,28.5565541,77.4056451,IN-UP,False,IN-UP,True,licensee,False,False,False,True,False,Tier 1 (finished goods),adidas list,0,,PASCH DESIGN|MAGNOLIA MARTINIQUE CLOTHING|KSP,False,True,748.75,False,False,False,False,
IN2019085HF2RCP,EAST WIND FOOTWEAR COMPANY LIMITED (INDIA BRANCH),"PLOT NO.3D, SIPCOT INDUSTRIAL PARK, MATHUR MANGAL VILLAGE CHENNAI CHENNAI 631701",IN,India,12.7245734,79.6699347,IN-TN,False,IN-TN,False,,True,True,False,True,False,Tier 1 (finished goods),Nike labels,0,NIKE|FOOTWEAR,FENG TAY,False,False,5010.0,True,False,False,False,
IN2019085WQJS4J,LOTUS FOOTWEAR ENTERPRISES LIMITED UNIT-2,"PLOT 3C, SIPCOT INDUSTRIAL PARK, MATHUR MANGAL VILLIAGE, CHEYYAR TALUK NEAR KANCHIPURAM TAMIL NADU 631701",IN,India,12.7245734,79.6699347,IN-TN,False,IN-TN,False,,True,True,False,True,False,Tier 1 (finished goods),Nike labels,0,NIKE|FOOTWEAR,FENG TAY,False,False,4772.0,True,False,False,False,
IN2019085Z5GW33,FAIRWAY ENTERPRISES COMPANY LIMITED,"SIPCOT INDUSTRIAL COMPLEX, BARGUR AT POCHAMPALLI UTHANGARAI TALUK TAMIL NADU PIN 635304",IN,India,12.3017989,78.41094629999999,IN-TN,False,IN-TN,False,,True,False,True,False,False,unknown,none,0,FOOTWEAR,FENG TAY ENTERPRISES,False,False,3587.5,False,False,False,False,
IN2019086A215SW,Avery Dennison (India ) Pvt. Limited,"Plot no. 6B, Pahse 1, KIADB Industrial Area, Peenya Industrial Area, Peenya, Bangalore, India - 560058",IN,India,13.0509828,77.5044581,IN-KA,False,IN-KA,False,,True,True,False,True,False,Tier 2 (materials and processing),Nike labels,0,"Raw Material|Packaging & Printing|Labels, Tag, RFID, Sticker , Heat transfer|Raw Material|LABELS",AVERY DENNISON,False,False,395.0,False,False,False,False,
IN2019093KX5N3W,Shahi Exports Pvt Ltd. Unit-26,"Plot No.44-51, Sy No.172, 179 & 181, Gejjalgere Industrial Area, Maddur Taluk, Mandya Bangalore",IN,India,12.5720379,77.010977,IN-KA,False,IN-KA,False,,True,True,False,True,False,Tier 1 (finished goods),Nike labels,0,NIKE|APPAREL,SHAHI,False,False,5426.0,False,False,False,False,
IN2019096CEHTNC,Shahi Exports Pvt. Ltd. (Unit 23),#9&10 Berentana Agrahara Hosur Main Road ( Nh7) BANGALORE Karnataka,IN,India,12.9116783,77.6258373,IN-KA,False,IN-KA,True,primary,False,False,False,True,False,Tier 1 (finished goods),adidas list,0,,SHAHI EXPORTS,False,False,3000.5,False,False,False,False,
IN201909846CREG,Mochiko Shoes Pvt. Ltd. (Unit III),"Khasra No-3912,  Lal Tappar, Industrial Area, Mouza Majri Grant, NH-72, Dehradun,DEHRADUN,Uttarakhand,India",IN,India,30.3055997,78.020609,IN-UT,False,IN-UT,True,primary,False,False,False,True,False,Tier 1 (finished goods),adidas list,0,,MOCHIKO SHOES,False,False,471.0,True,False,False,False,
IN20190984802XZ,M/S SOLTEC,"Khasra no. 3901,3903 Lal Tappar Ind. area, Dehradun,Dehradun,Uttarakhand,India",IN,India,30.3055997,78.020609,IN-UT,False,IN-UT,True,primary,False,False,False,True,False,Tier 1 (finished goods),adidas list,0,,,False,False,1091.0,True,False,False,False,
IN20190987G91J7,Mochiko Shoes (Unit IV),"KHASRA NO.3914,LALTAPPAR IND.AREA,MAJRIGRANT,Dehradun,Uttarakhand,India",IN,India,30.14667709999999,78.1493247,IN-UT,False,IN-UT,True,primary,False,False,False,True,False,Tier 1 (finished goods),adidas list,0,,MOCHIKO SHOES,False,False,315.25,False,False,False,False,
IN2019098JCG3BG,Alpine Shoes Pvt. Ltd [Baddi],"76 A/B,HPSIDC INDUSTRIAL AREA,Baddi - HP ,BADDI,Himachal Pradesh,India",IN,India,31.40992589999999,76.34363979999999,IN-PB,False,IN-PB,True,primary,False,False,False,True,False,Tier 1 (finished goods),adidas list,0,,ALPINE APPARELS,False,False,281.5,False,False,False,False,
IN2019108KRCD8R,Shahi Exports Pvt. Ltd. - Unit 1,"2/4, 2/5 Beratena Agrahara, Hosur Road, Electronic Post Bangalore Karnataka India",IN,India,12.861062,77.658937,IN-KA,False,IN-KA,True,primary,False,False,False,True,False,Tier 1 (finished goods),adidas list,0,,SHAHI EXPORTS,False,False,3000.5,False,False,False,False,
IN2019108R5WWTV,Indigo Blues,"Plot No. 2, K.I.A.D.B. Industrial A, Doddaballapur Bangalore Karnataka India",IN,India,12.9828553,77.58558,IN-KA,False,IN-KA,True,primary,False,False,False,True,False,Tier 1 (finished goods),adidas list,0,Apparel,GOKALDAS EXPORTS|MATRIX DESIGN AND INDUSTRIES,False,True,2181.5,False,False,False,False,
IN20191433CN5WG,APEX Gudur Footwear Pvt. Ltd,"No. 438, Writerchatram Village, Palicheriavaripalem Post, Chillakuru Mandal,  Nellore District 0 Andhra Pradesh India",IN,India,14.1279145,79.8618833,IN-AP,False,IN-AP,True,primary,False,False,False,True,False,Tier 1 (finished goods),adidas list,0,,APACHE FOOTWEAR,False,False,997.0,False,False,False,False,
IN20191436DF6XG,Camphor Shoes (India) Private Limited,APIIC Industrial Park  (Apache SEZ Development) Mambatuu Village Ta da Mandal SPSR Nellore District 524401 Andhra Pradesh India,IN,India,13.589216,80.0283415,IN-AP,False,IN-AP,True,primary,False,False,False,True,False,Tier 1 (finished goods),adidas list,0,,APACHE FOOTWEAR INDIA,False,False,1042.0,False,False,False,False,
IN2019143C25QVG,CARNIVAL CLOTHING COMPANY ,"No. 2/A-1, Chikkaveeranna Road Cross Bannimantap Extension  Mysore 570015 Karnataka India",IN,India,12.3315803,76.6519161,IN-KA,False,IN-KA,True,primary,False,False,False,True,False,Tier 1 (finished goods),adidas list,0,,GOKALDAS EXPORTS,False,False,2126.75,False,False,False,False,
IN2019143CS8DY3,Euro Clothing Company,"122/1, Doddabidarekallu Village Yeshwanthpur Hobli, Tumkur Road N/A Bangalore 560 073 Karnataka India",IN,India,13.0547253,77.4807537,IN-KA,False,IN-KA,True,primary,False,False,False,True,False,Tier 1 (finished goods),adidas list,0,,GOKALDAS EXPORTS,False,False,1674.25,False,False,False,False,
IN2019143DNDBAF,Arnit Creations Pvt Ltd,C-117-118 Hosiery Complex Phase - II Extension Noida 201305 Uttar Pradesh India,IN,India,28.534238,77.412607,IN-UP,False,IN-UP,True,licensee,False,False,False,True,False,Tier 1 (finished goods),adidas list,0,,,False,False,384.0,False,False,False,False,
IN2019143N00H5P,High Street Fashions Ltd (Unit I),"Plot No : B-17,  &  B-18 22 Godown  Industrial Estate, Jaipur Jaipur 302006 Rajasthan India",IN,India,26.8882463,75.7858387,IN-RJ,False,IN-RJ,True,primary,False,False,False,True,False,Tier 1 (finished goods),adidas list,0,,HIGH STREET FASHIONS,False,False,80.5,False,False,False,False,
IN2019143TJATQJ,Aryan Apparels Pvt. Ltd. (Plot No. 109),Plot No. 109 Sec-04 IMT Manesar   Gurgaon 122050 Haryana India,IN,India,28.3742772,76.8858383,IN-HR,False,IN-HR,True,primary,False,False,False,True,False,Tier 1 (finished goods),adidas list,0,,ARYAN APPARELS,False,False,97.5,False,False,False,False,
IN2019143WEDJ6T,Aryan Apparels Pvt. Ltd. (Plot No. 266),Plot No. 266  Sec-06 IMT Manesar Gurgaon  Haryana India,IN,India,28.3792102,76.9001086,IN-HR,False,IN-HR,True,primary,False,False,False,True,False,Tier 1 (finished goods),adidas list,0,,ARYAN APPARELS,False,False,620.0,False,False,False,False,
IN2019143Z9VT4C,MaxKing (India) Footwear Private Limited,"MaxKing (India) Footwear Private Limited,  Mambattu Village, Tada Mandal, SPSR Nellore District   Nellore 524401 Andhra Pradesh India",IN,India,13.6560007,79.99138169999999,IN-AP,False,IN-AP,True,primary,False,False,False,True,False,Tier 1 (finished goods),adidas list,0,,APACHE FOOTWEAR,False,False,807.5,False,False,False,False,
IN201922194N0V5,SNQS International Private Limited,"Old SF.No.280, New SF.No.4/146-2, Sundakkampalayam, Nambiampalayam(PO), Avinashi(TK), Tirupur(DT)",IN,India,11.2029461,77.2326569,IN-TN,False,IN-TN,True,licensee,False,False,False,True,False,Tier 1 (finished goods),adidas list,0,Accessories|Accessories|Accessories,SNQS INTERNATIONALS,False,False,750.5,False,False,False,False,
IN2019266NRYQP9,Shahi Export Pvt Ltd,"SY. No 35, 43/2 & 43/3, BASEMENT, AREKERE, B G ROAD, BANGALORE- 560076.",IN,India,12.8843712,77.596473,IN-KA,False,IN-KA,True,primary,False,False,False,True,False,Tier 1 (finished goods),adidas list,0,Wovens,SHAHI EXPORTS,False,False,2486.0,False,False,False,False,
IN2020016ZXCTHN,"GOKALDAS EXPORTS PVT LTD., UNIT 1","PLOT NO 119, KIADB GROWTH CENTRE SH-57, HAASAN, Karnataka, 573201",IN,India,12.9734823,76.1229208,IN-KA,False,IN-KA,True,primary,False,False,False,True,False,Tier 1 (finished goods),adidas list,0,Apparel,GOKALDAS EXPORTS,False,False,2649.25,False,False,False,False,
IN20200535WN1RJ,Active Clothing Co. Limited,"Active Clothing Co. Limited  Village Badali Ala Singh, Distt. Fategarh Sahib, Punjab   140406",IN,India,30.6478985,76.5178348,IN-PB,False,IN-PB,True,primary,False,False,False,True,False,Tier 1 (finished goods),adidas list,0,"KNITWEAR|JACKETS|T-SHIRTS|SWEATERS|Sweaters|Jackets|T-shirts|SWAETERS, T-SHIRTS, JACKETS|Knitted fabric | Crocheted fabric |KNITWEAR",ACE TURTLE OMNI,False,False,1808.5,False,True,False,False,
IN2020080VG2GGG,ALPHA APPARELS A UNIT OF BEST CORPO,"106/1, AVINASHI ROAD, 641407 Coimbatore",IN,India,11.024123,77.0069857,IN-TN,False,IN-TN,True,licensee,False,False,False,True,False,Tier 1 (finished goods),adidas list,0,,BEST,False,False,984.0,False,False,False,False,
IN2020085D5GP55,Sri Raam Dyeing,"1/1-2, Bhavani-Anthiyur-Kollegal Road, Kaadayampatti, Erode, 638312",IN,India,11.4626494,77.6755446,IN-TN,False,IN-TN,True,licensee,False,False,False,True,False,Tier 1 (finished goods),adidas list,0,Wet Processing,IR EXPORTS,False,False,,False,False,False,False,
IN202013972M5P0,"Shahi Exports (P) Ltd., - Unit 30","No. 351/2533, B.H.Road, Opp Gayathri Kalyana Mandira",IN,India,10.0192708,76.3010335,IN-KL,False,IN-KL,True,primary,False,False,False,True,False,Tier 1 (finished goods),adidas list,0,,,False,False,,False,False,False,False,
IN2021139M26X13,Lotus Footwear Enterprises Ltd. (India Branch) - Unit 1,"PLOT NO.3B, SIPCOT INDUSTRIAL PARK, MANGAL, VILLAGE, MATHUR POST, VEMBAKKAM TALUK, TIRUVANNAMALAI DISTRICT – 631701",IN,India,12.7233435,79.66612479999999,IN-TN,False,IN-TN,False,,True,True,False,True,False,Tier 1 (finished goods),Nike labels,0,NIKE|FOOTWEAR,FENG TAY,False,False,6548.0,False,False,False,False,
IN2021189KEBJBQ,AHP APPARELS PVT LTD UNIT 61,"Sy no 34/3 , 35/1, 37/1A to 37/1H,Nandi, Halli Ghrama, Anjanapura Hobli,, Shikaripura, Shivamogga, Karnataka,, SHIVPURI 577427",IN,India,14.2596485,75.3579788,IN-KA,False,IN-KA,False,,True,True,False,True,False,Tier 1 (finished goods),Nike labels,0,,SHAHI,False,False,1573.0,False,True,False,False,
IN2022064VB0RJQ,AHP APPAREL PVT LTD,"# 293/2, 294/3, 294/4, POLLUPALLI VILLAGE, ENNEGOLE PANCHAYAT, BILLANKUPPAM PO, Tamil Nadu, 523128",IN,India,12.633775,78.1507209,IN-TN,False,IN-TN,True,primary,False,False,False,True,False,Tier 1 (finished goods),adidas list,0,,,False,False,1483.0,False,False,False,False,
IN20220656GZ3WW,BRANDIX APPL INDIA(P) LTD,"Plot No 18  BIAC SEZ, India., Andhra Pradesh, 531011",IN,India,17.5252746,82.97739,IN-AP,False,IN-AP,False,,True,True,False,True,False,Tier 1 (finished goods),Nike labels,0,NIKE|APPAREL,BRANDIX ASIA,True,False,3985.0,False,False,False,False,
IN2022065P2KSM0,Fairway Enterprises Company Ltd (India Branch) - Unit 1 ,"Plot no G 1B SIPCOT Industrial Complex, KRISHNAGIRI, Tamil Nadu, 635304",IN,India,12.2595091,78.4069732,IN-TN,False,IN-TN,False,,True,True,False,True,False,Tier 1 (finished goods),Nike labels,0,NIKE|FOOTWEAR|NIKE|FOOTWEAR,FENG TAY,False,False,6706.5,False,False,False,False,
IN2022074RR7MK6,AHP APPARELS PVT LTD U60,"PLOT NO#207, A,B,D,E & F HASSAN GROWTH CENTER, Haasana, Karnataka, India, 573201",IN,India,13.0186337,76.0949844,IN-KA,False,IN-KA,False,,True,True,False,True,False,Tier 1 (finished goods),Nike labels,0,Apparel,SHAHI EXPORTS|SHAHI,False,True,3000.5,False,True,False,False,
IN202209567JV8D,Madura Coats Pvt Ltd - Threads,"Omega Zips, 10 A - Mela Ambasamudram, Papanasam Main Road, Ambasamudram, Tamil Nadu.",IN,India,8.7042903,77.4384999,IN-TN,False,IN-TN,True,wet process,False,False,False,True,False,Tier 2 (materials and processing),adidas list,0,,COATS THREAD,False,False,,False,False,False,False,
IN2022228KA156J,APACHE FOOTWEAR INDIA PRIVATE LTD (A SEZ UNIT),"Mambattu Village, Tada Mandal, Nellore District,",IN,India,13.589852,80.03280269999999,IN-AP,False,IN-AP,True,primary,False,False,False,True,False,Tier 1 (finished goods),adidas list,0,,,False,False,10979.0,False,False,False,False,
IN2023061M4DXBJ,Maral Overseas Limited - 2,"D 347,Sector 63,Noida,Gautam Buddha Nagar,Uttar Pradesh",IN,India,28.6209681,77.3811702,IN-UP,False,IN-UP,True,primary,False,False,False,True,False,Tier 1 (finished goods),adidas list,0,,MARAL OVERSEAS,False,False,822.0,False,False,False,False,
IN2023102B842JC,Super Creation,"NO.69,1st Phase, Jigani Industrial Area, Jigani, Bangalore, Karnataka, 562106",IN,India,12.7856782,77.63003049999999,IN-KA,False,IN-KA,True,licensee,False,False,False,True,False,Tier 1 (finished goods),adidas list,0,LEATHER GOODS| Leather skirts |Leather tops | Leather Jacket| Leather trousers |Outerwear|LEATHER GOODS|Multiple,BHARTIYA INTERNATIONAL,False,False,428.0,False,False,False,False,
IN2023198XM2VKH,Maral Overseas Limited - 3,"A-37,SECTOR - 64,NOIDA,Uttar Pradesh",IN,India,28.6025292,77.3676163,IN-UP,False,IN-UP,True,primary,False,False,False,True,False,Tier 1 (finished goods),adidas list,0,Garments|clothing|fashion apparel,MARAL OVERSEAS,False,False,750.5,False,True,False,False,
IN2023300Q9KWAT,ACER DESIGNERS A UNIT OF BEST CORPORATION PRIVATE LIMITED,"SF.NO.564/2A,2B,2C,Avinashi To Vanjipalayam Road, Puthupalayam Village, Avinashi Taluk, Tiruppur District - 641663.",IN,India,11.1169166,77.27425,IN-TN,False,IN-TN,True,licensee,False,False,False,True,False,Tier 1 (finished goods),adidas list,0,,,False,False,395.0,False,False,False,False,
IN2023319PSXB9B,Alpine Apparels Pvt. Ltd.[Unit 68],"Plot no. 68,Sector 27A, 121003 Faridabad",IN,India,28.4875253,77.3124526,IN-HR,False,IN-HR,True,primary,False,False,False,True,False,Tier 1 (finished goods),adidas list,0,,ALPINE APPARELS PLOT NO 19,False,False,250.5,False,False,False,False,
IN2024066RGD2EG,Universal Sports Industries,"18-Leather Complex ,Pin Code-144021,Jalandhar,Jalandhar,Punjab",IN,India,31.3297411,75.5404375,IN-PB,False,IN-PB,True,licensee,False,False,False,True,False,Tier 1 (finished goods),adidas list,0,,,False,False,367.0,False,False,False,False,
IN2024097SA175Z,M/S AHP APPAREL PVT LTD,"SY NO 34/3,35/1,37/1A,37/1B,37/1C,37/1D, 37/1E,37/1F,37/1G,37/1H,37/2A,SHIMOGA,Karnataka,577427",IN,India,14.0085797,75.1545381,IN-KA,False,IN-KA,True,primary,False,False,False,True,False,Tier 1 (finished goods),adidas list,0,Knits,SHAHI EXPORTS,False,False,2414.0,False,False,False,False,
IN2024225AZ1QCN,MOCHIKO SPORTS PRIVATE LIMITED,"LAL TAPPAR INDUSTRIAL AREA, MOUZA MARJRI GRANT, DOIWALA, DEHRADUN",IN,India,30.1522481,78.15786829999999,IN-UT,False,IN-UT,True,primary,False,False,False,True,False,Tier 1 (finished goods),adidas list,0,,MOCHIKO SHOES,False,False,2260.0,False,False,False,False,
IN20250719PD1RD,GOOD LEATHER SHOES PVT LTD,"THIMIRI TO KALAVAI ROAD, VELLORE, Tamil Nadu",IN,India,12.9039096,79.3340626,IN-TN,False,IN-TN,True,primary,False,False,False,True,False,Tier 1 (finished goods),adidas list,0,,,False,False,267.0,False,False,False,False,
IN2026042W0DZ4K,SSA FOOTWEAR PRIVATE LIMITED,"KHASRA NO 3967 LAL TAPPAR, OPP BIRLA YAMHA LTD, UTTARAKHAND, DEHRADUN, Uttarakhand",IN,India,30.140126,78.1542327,IN-UT,False,IN-UT,True,primary,False,False,False,True,False,Tier 1 (finished goods),adidas list,0,,,False,False,698.0,False,False,False,False,
IN2026042X5W1V1,BBK LEATHERS PVT LTD UNIT III,"NO 43, SIPCOT INDUSTRIAL COMPLEX, RANIPET, CHENNAI, Tamil Nadu",IN,India,13.0843007,80.2704622,IN-TN,False,IN-TN,True,primary,False,False,False,True,False,Tier 1 (finished goods),adidas list,0,,,False,False,,False,False,False,False,
IN2026233C91QQD,AVERY DENNISON (INDIA) PRIVATE LIMITED,"KIADB LAYOUT, PHASE 1, PEENYA INDUSTRIAL AREABANGALORE",IN,India,13.0387671,77.5261129,IN-KA,False,IN-KA,True,wet process,False,False,False,True,False,Tier 2 (materials and processing),adidas list,0,,AVERY DENNISON,False,False,,False,False,False,False,
IT20190854KJH0G,STYLDEA SRL,VIA BUSTA 9/3 CASELLE DI ALTIVOLE TREVISO 30030,IT,Italy,45.74522899999999,11.9913886,IT-TV,False,IT-TV,False,,True,True,False,True,False,Tier 1 (finished goods),Nike labels,0,CONVERSE|FOOTWEAR,STYLDEA,False,False,12.0,False,False,False,False,
IT201908582RN3G,SARNO DISPLAY S.R.L.,"VIA GALILEO GALILEI, 30 CARNATE LOMBARDIA 20866",IT,Italy,45.647645,9.374315000000001,IT-MB,False,IT-MB,False,,True,True,False,True,False,Tier 1 (finished goods),Nike labels,0,EQUIPMENT|NIKE,GATTO,True,False,88.0,False,False,False,False,
IT20190858RHESE,MARCHON ITALIA SRL,V.LE ALPAGO 151 PUOS D’ALPAGO VENETO 32015,IT,Italy,46.1323964,12.3226291,IT-BL,False,IT-BL,False,,True,True,False,True,False,Tier 1 (finished goods),Nike labels,0,EQUIPMENT|NIKE,MARCHON,True,False,285.0,False,False,False,False,
IT20190859K1MJS,DIAMANT SRL #2,"VIA GIORGIO PERLASCA, 6/B MONTEBELLUNA VENETO 31044",IT,Italy,45.7757296,12.0154708,IT-TV,False,IT-TV,False,,True,True,False,True,False,Tier 1 (finished goods),Nike labels,0,NIKE|FOOTWEAR,DIAMANT,False,False,58.0,False,False,False,False,
IT2019085EV9DK8,LIM GROUP SRL,"VIA FRASSENARA, 21 ITALY VENETO",IT,Italy,45.22643100000001,11.485871,IT-PD,False,IT-PD,False,,True,False,True,False,False,Tier 1 (finished goods),Nike labels,0,CONVERSE|FOOTWEAR,LIM,False,False,22.5,True,False,False,False,
IT2019085F1VS2W,DIAMANT SRL,VIALE DEL LAVORO 8 SORGA VERONA 37060,IT,Italy,45.1827546,11.0168809,IT-VR,False,IT-VR,False,,True,True,False,True,False,Tier 1 (finished goods),Nike labels,0,NIKE|FOOTWEAR,DIAMANT,False,False,250.0,False,False,False,True,
IT2019085FF8RN9,DOMINAE SRL,VIALE DELLE INDUSTRIE 43 DOSSON DI CASIER TV 31030,IT,Italy,45.6243912,12.2620427,IT-TV,False,IT-TV,False,,True,False,True,False,False,unknown,none,0,,,False,False,14.0,False,False,False,False,
IT2019085WRBYK6,IDEA STAMPA S.R.L. UNIPERSONALE,"VIA DELLE INDUSTRIE II, 52 MEOLO (VENEZIA) VENETO 30020",IT,Italy,45.6374816,12.4431844,IT-VE,False,IT-VE,False,,True,False,True,False,False,unknown,none (keyword guess removed),0,,,False,False,26.0,False,False,False,False,
IT2019085YYSF82,COLLITEX S.R.L.,"STRADA PROVINCIALE BONIFICA, 41 ANCARANO ABRUZZI 64010",IT,Italy,42.853555,13.743505,IT-TE,False,IT-TE,False,,True,False,True,False,False,unknown,none,0,,,False,False,406.0,False,False,False,False,
IT2019097NKJ09W,Calzaturificio Jumbo S.p.A.,"Via Fenil Novo, 6, I-37036 Lavagno (VR)",IT,Italy,45.41858209999999,11.0896975,IT-VR,False,IT-VR,True,primary,False,False,False,True,False,Tier 1 (finished goods),adidas list,0,,,False,False,169.0,False,False,False,False,
IT20200534VXQEA,Pellemoda Srl,Via I Maggio 12-14-16   50053,IT,Italy,43.70783,10.91004,IT-FI,False,IT-FI,False,,True,False,True,False,False,unknown,none (keyword guess removed),0,Wovens|Wovens,PELLEMODA SRL SOCIETA BENEFIT,False,False,174.0,False,False,False,False,
IT2020053XCJKZP,Isa S.p.a.,statale dei giovi 251 Lentate sul Seveso Monza e della Brianza ,IT,Italy,45.6909885,9.1014856,IT-MB,False,IT-MB,False,,True,False,True,False,False,unknown,none,0,Apparel|Fabrics,CARISMA SPA|ISA SPA|CARISMA,False,True,300.25,False,False,False,False,
IT20201140W4H0R,GIANEL SHOES SRL,"ZONA INDUSTRIALE, CASARANO, LECCE, 73042, ITALY",IT,Italy,40.0113573,18.1614311,IT-LE,False,IT-LE,False,,True,True,False,True,False,Tier 1 (finished goods),Nike labels,0,NIKE|FOOTWEAR,GIANEL,False,False,157.0,False,False,False,False,
IT2020114EH3Z7F,SELF MAGLIERIA SRL,Via Risorgimento 48 22070 Vertemate con Minoprio (Como),IT,Italy,45.7324203,9.0704953,IT-CO,False,IT-CO,False,,True,True,False,True,False,Tier 1 (finished goods),Nike labels,0,NIKE|APPAREL,SELF MAGLIERIA,False,False,30.0,False,False,False,True,
IT2020114Z3PWWQ,POVOLO SRL,"VIA GRAN BRETAGNA 1, GALLARATE, VARESE, 21013, ITALY",IT,Italy,45.6497519,8.819472200000002,IT-VA,False,IT-VA,False,,True,True,False,True,False,Tier 1 (finished goods),Nike labels,0,NIKE|APPAREL,POVOLO,False,False,24.0,False,False,False,True,
IT2020191EKF4TT,G.B. SRL,"VIA MONTE BIANCO, 1, VILLA GUARDIA",IT,Italy,45.7717422,9.0186311,IT-CO,False,IT-CO,False,,True,False,True,False,False,unknown,none,0,Fabrics,,False,False,50.0,False,False,False,False,
IT2020191ZRFZP7,Facopel Produzione s.r.l.,"Via Della Lama 15/A, Chiesina Uzzanese",IT,Italy,43.844838,10.724925,IT-PT,False,IT-PT,False,,True,False,True,False,False,unknown,none (keyword guess removed),0,Fashion Accessories|Silk,GALIGANI,False,False,50.0,False,False,False,False,
IT202113944QMNQ,GALLO TESSILE SRL.,"CORSO PIAVE, 11, MORTARA, PAVIA",IT,Italy,45.2512213,8.7335137,IT-PV,False,IT-PV,False,,True,False,True,False,False,unknown,none (keyword guess removed),0,RTW,,False,False,50.0,False,False,False,False,
IT20211397GXVDB,OTS SRL,"VIA GALILEO GALILEI, 10, PIOVE DI SACCO, VENETO",IT,Italy,45.2895368,12.0555382,IT-PD,False,IT-PD,False,,True,False,True,False,False,unknown,none (keyword guess removed),0,,,False,False,,False,False,False,False,
IT20211397KY06D,SORELLE VANIN,"VIA DEL LAVORO, 39, VIGONOVO, VENEZIA",IT,Italy,45.39443920000001,11.9951875,IT-VE,False,IT-VE,False,,True,False,True,False,False,unknown,none,0,,,False,False,,False,False,False,False,
IT2021139GN2FEK,VANNI CONFEZIONI DI VASTA GIOVANNI,"VIA SANGALLO 11, CEREA, VERONA",IT,Italy,45.1894866,11.1911396,IT-VR,False,IT-VR,False,,True,False,True,False,False,unknown,none,0,,,False,False,,False,False,False,False,
IT2021139GQ6905,MATIA,"VIA MEGOLO, 24, ANZOLA DOSSOLA, VERBANO-CUSIO-OSSO",IT,Italy,45.990209,8.3451667,IT-VB,False,IT-VB,False,,True,False,True,False,False,unknown,none,0,,,False,False,,False,False,False,False,
IT2021139RFR0WA,CALZIFICIO DE PIO  DI CHIARUTTINI & C. SNC,"VIA TITO SPERI 29, BOTTICINO, BRESCIA",IT,Italy,45.5353501,10.3012822,IT-BS,False,IT-BS,False,,True,False,True,False,False,unknown,none (keyword guess removed),0,Fashion Accessories,,False,False,100.0,False,False,False,False,
IT2021139VK32Y0,GHERARDI SRL,"VIA CANONICO COUPERS, 11, PIEVE SANTO STEFANO, AREZZO",IT,Italy,43.6657742,12.0451863,IT-AR,False,IT-AR,False,,True,False,True,False,False,unknown,none,0,,,False,False,,False,False,False,False,
IT2022013HZC66F,L.I.M. SRL,VIA FRASSENARA 21,IT,Italy,45.22643100000001,11.485871,IT-PD,False,IT-PD,False,,True,True,False,True,False,Tier 1 (finished goods),Nike labels,0,,LIM,False,False,39.0,True,False,False,False,
IT20220646HB7RE,AVEY DENNISON RIS ITALIA SRL,"STRADA PROVINCIALE BONIFICA 41, ANCARANO, 64010",IT,Italy,42.84015249999999,13.7462948,IT-TE,False,IT-TE,False,,True,True,False,True,False,Tier 1 (finished goods),Nike labels,0,MATERIALS|NIKE|APPAREL|Trimmings,AVERY DENNISON,False,False,384.0,False,False,False,False,
IT20221090AHCF3,TCS S.R.L,"VIA REGINA TEODOLINDA 47, 22100 Como",IT,Italy,45.8018208,9.0818583,IT-CO,False,IT-CO,False,,True,True,False,True,False,Tier 1 (finished goods),Nike labels,0,Fabrics,TCS,False,False,17.0,False,False,False,False,
IT2022300XFEA0A,SORDELLI FRANCO SRL,"VIA IV NOVEMBRE 17   ,  VENEGONO INFERIORE (VA), Lombardia",IT,Italy,45.7360025,8.8989384,IT-VA,False,IT-VA,True,licensee,False,False,False,True,False,Tier 1 (finished goods),adidas list,0,,,False,False,34.0,False,False,False,False,
IT2024132EYFRB9,DESTRO PAOLO SPA,Viale dell Artigianato 11 PD Padova 35010,IT,Italy,45.5358449,11.8298506,IT-PD,False,IT-PD,False,,True,True,False,True,False,Tier 1 (finished goods),Nike labels,0,,DESTRO,False,False,145.0,False,False,False,False,
IT2024132NQFQJF,TIGAMARO SRL,Via Cristoforo Colombo 164 Macerata Macerata 62029,IT,Italy,43.1649531,13.41906,IT-MC,False,IT-MC,False,,True,True,False,True,False,Tier 1 (finished goods),Nike labels,0,,TIGAMARO,False,False,118.0,False,False,False,False,
IT2024144GYVSXD,Calzaturificio Portland's S.p.A.,"Via Fonte Giugliano, 9/11, 63812 Montegranaro FM, Italy",IT,Italy,43.2383155,13.6479606,IT-FM,False,IT-FM,True,primary,False,False,False,True,False,Tier 1 (finished goods),adidas list,0,,CALZATURIFICIO JUMBO SPA,False,False,106.0,False,False,False,False,
IT2024214HQDJ9W,Dal Dosso Group SRL,"Via Aldo Moro, 9, 28011 Armeno (NO), Armeno, Italy",IT,Italy,45.8192146,8.4367255,IT-NO,False,IT-NO,True,primary,False,False,False,True,False,Tier 1 (finished goods),adidas list,0,,,False,False,37.0,False,False,False,False,
IT2024337ASJV02,PROPEL SRL,VIA PISANA 314 SCANDICCI SCANDICCI FIRENZE 50018 ITALY,IT,Italy,43.7659982,11.1605788,IT-FI,False,IT-FI,True,primary,False,False,False,True,False,Tier 1 (finished goods),adidas list,0,,,False,False,,False,False,False,False,
IT2025071GQ2ZB1,PELLEROSSA SRL,"Via Venezia, 60, Vigonza/PD, Veneto",IT,Italy,45.4165944,11.9903103,IT-PD,False,IT-PD,True,primary,False,False,False,True,False,Tier 1 (finished goods),adidas list,0,,,False,False,32.0,False,False,False,False,
IT2025071HKPX27,Confezioni Di Lou Suiying,"Vaile Del Lavoro 620, Solesino",IT,Italy,45.1800709,11.7544605,IT-PD,False,IT-PD,True,primary,False,False,False,True,False,Tier 1 (finished goods),adidas list,0,,,False,False,32.0,False,False,False,False,
IT2025071HRRXDS,Racing Force S.p.A.,"via Bazzano 5, Ronco Scrivia (Genova)",IT,Italy,44.604389,8.9518496,IT-GE,False,IT-GE,True,primary,False,False,False,True,False,Tier 1 (finished goods),adidas list,0,,,False,False,142.0,False,False,False,False,
IT2025071ZVD7VQ,Inovika SRL,"Via Cal Trevisana 26/A, Montebelluna",IT,Italy,45.7683258,12.071433,IT-TV,False,IT-TV,True,primary,False,False,False,True,False,Tier 1 (finished goods),adidas list,0,,,False,False,30.0,False,False,False,False,
JO20190858ZXB01,STERLING APPAREL MANUFACTURING L.L.C. (SAHAB),BUILDING D ALTAJAMOUAT INDUSTRIAL CITY SAHAB JORDAN 11636,JO,Jordan,31.8694268,36.0064582,JO-AM,False,JO-AM,False,,True,True,False,True,False,Tier 1 (finished goods),Nike labels,0,NIKE|APPAREL,MAS,False,False,1609.0,False,False,False,False,
JO2019085H5HT1M,Pine Tree Company For Textile Manufacturing PSC,"""Al Muwaqqar Industrial Estate, Amman, Hashemite Kingdom of Jordan P.O Box 110109,  Amman 11110""",JO,Jordan,31.8120723,36.1062993,JO-AM,False,JO-AM,False,,True,True,False,True,False,Tier 1 (finished goods),Nike labels,0,NIKE|APPAREL,TAI WAH|RAMATEX,False,True,2319.0,False,False,False,False,
JO2020035EFYEYC,Classic Fashion Apparel Industry Ltd Co. - Unit 02,"Sector # 21, Plot # 1-7, Al Hassan Industrial Estate, Sector No 21, ramtha, Irbid, Jordan 21467, Irbid, Irbid",JO,Jordan,32.5009223,36.0299444,JO-IR,False,JO-IR,True,primary,False,False,False,True,False,Tier 1 (finished goods),adidas list,0,Apparel|Apparel,CLASSIC FASHION APPAREL INDUSTRY,False,False,4050.0,True,False,False,False,
JO2021139BTPED1,STERLING APPAREL MANUFACTURING L.L.C,"DULAILET ALHAMAIDEH , LEB & MLAIH, MADABA, MADABA",JO,Jordan,31.7177122,35.7941993,JO-MD,False,JO-MD,False,,True,False,True,False,False,Tier 1 (finished goods),Nike labels,0,NIKE|APPAREL,MAS,False,False,433.0,False,False,False,False,
JO202130554FRD3,Sidney Apparels LLC,"Plot 5B Sector 19 of AIIE, Dead Sea Road, Aqaba, Aqaba",JO,Jordan,31.8744958,35.7763049,JO-AM,False,JO-AM,True,primary,False,False,False,True,False,Tier 1 (finished goods),adidas list,0,Knits Tops|Woven Bottoms|Jacket|Knits Bottoms|Sports Wear|Woven Bottoms|Knits Top|Nits Bottoms|Jacket|Sports Wear|RELATED KNIT BOTTOMS|RELATED WOVEN BOTTOMS|DENIM|KNIT BOTTOMS|WOVEN BOTTOMS,QUANG VIET ENTERPRISE,False,False,2850.0,False,False,False,False,
JO202230455YCJC,JERASH GARMENTS & FASHIONS MANUFACTURING CO LTD [UNIT 2],"Al-Tajamouat Industrial Estate-Sahab Alazraq Street, Al Eman  Khrlba  Al Souq Sahab - Block T and  V, Amman, Amman",JO,Jordan,31.9539494,35.910635,JO-AM,False,JO-AM,True,licensee,False,False,False,True,False,Tier 1 (finished goods),adidas list,0,,INTRADECO APPAREL|TREASURE SUCCESS INTERNATIONAL,False,True,1384.0,False,False,False,False,
JO2023277GNDP3V,MAS Al Safi Apparel Manufacturing LLC - Madaba,"Dulailet Alhamaideh, Leb & Mlaih, Madaba 17629, Jordan",JO,Jordan,31.586415,35.8071021,JO-MD,False,JO-MD,False,,True,True,False,True,False,Tier 1 (finished goods),Nike labels,0,,MAS|MAS AL SAFI APPAREL MANUFACTURING,False,True,575.0,False,False,False,False,
JO20241323WS3NQ,Ad Dulyal,Part of land no 1075 Basin 5 Ad Dulayl Zarqa Az Zarqa 11183,JO,Jordan,32.1188861,36.2637664,JO-AZ,False,JO-AZ,False,,True,True,False,True,False,Tier 1 (finished goods),Nike labels,0,,MAS,False,False,1303.0,False,False,False,False,
JO2024132NA71Q5,Sidney Apparels LLC,PLOT 909 and 910 Lot 25 Aqaba AlAqaba 77110,JO,Jordan,29.5320522,35.0063209,JO-AQ,False,JO-AQ,False,,True,True,False,True,False,Tier 1 (finished goods),Nike labels,0,,QUANG VIET,False,False,1414.5,False,False,False,False,
JO2024228J733DS,Classic Fashion Apparel Industry Ltd Co. Printing Unit,"Plot # 470, Basin # 67, Al Hassan Industrial Estate, Ramtha, Irbid, Jordan, Postal Code 21467, Irbid, Irbid",JO,Jordan,32.5009223,36.0299444,JO-IR,False,JO-IR,True,primary,False,False,False,True,False,Tier 1 (finished goods),adidas list,0,,CLASSIC FASHION APPAREL INDUSTRY UNIT 02|CLASSIC FASHION APPAREL INDUSTRY,False,True,213.0,True,False,False,False,
JO20252129A81FJ,GIA APPARELS INDUSTRY - Unit 3,"Plot No: 27, Lot No: 37, Northern Plain - New Industrial City, opposite King Hussein International Airport -Factory No. 3, Aqaba, Aqaba",JO,Jordan,29.6090989,35.0207934,JO-AQ,False,JO-AQ,True,primary,False,False,False,True,False,Tier 1 (finished goods),adidas list,0,,CLASSIC FASHION APPAREL INDUSTRY UNIT 02,False,False,2472.0,False,False,False,False,
JP20190854KBBYY,"KITAI  CO., LTD",32 TAKA KASHIBA NARA 639-0241,JP,Japan,34.5551827,135.7035546,JP-29,False,JP-29,True,primary,True,True,False,True,False,Tier 1 (finished goods),adidas list,0,NIKE|APPAREL,,False,False,73.0,False,False,False,False,
JP20190855XMPXW,HAYAFUJI,"96-9, HARADANIINUI-CHO, OOKITAYAMA KYOTO-SHI KYOTO-FU 603-8487",JP,Japan,35.0469111,135.7177574,JP-26,False,JP-26,False,,True,True,False,True,False,Tier 1 (finished goods),Nike labels,0,NIKE|FOOTWEAR,,False,False,5.0,False,False,False,False,
JP20190856FYM3X,SEWING JONAH,"11-71 8-CHOME, CHIKAMI, MINAMI-KU KUMAMOTO -CITY KUMAMOTO 861 4101",JP,Japan,32.7597691,130.6943068,JP-43,False,JP-43,False,,True,True,False,True,False,Tier 1 (finished goods),Nike labels,0,NIKE|APPAREL,,False,False,40.0,False,False,False,False,
JP201908595WZRM,HIGUCHI KABAN KOBO,2-4-18 MOTOGO SAITAMA SAITAMA 332-0011,JP,Japan,35.7930414,139.7326223,JP-11,False,JP-11,False,,True,True,False,True,False,Tier 1 (finished goods),Nike labels,0,EQUIPMENT|NIKE,CROSTER,False,False,19.0,False,False,False,False,
JP2019085FKJWAD,"TOYAMA SPORTS GOODS CO., LTD.",345 FUKUMITSU NANTO TOYAMA 939-1637,JP,Japan,36.5622282,136.8687067,JP-16,False,JP-16,False,,True,True,False,True,False,Tier 1 (finished goods),Nike labels,0,EQUIPMENT|NIKE,TOYAMA SPORTS,False,False,3.0,False,False,False,False,
JP2019085H3JHNZ,MATSUDA BABY SANGYO,"82-2,TERADA-CHO KASHIHARA NARA 634-0817",JP,Japan,34.5015159,135.7769817,JP-29,False,JP-29,False,,True,False,True,False,False,unknown,none,0,,,False,False,24.0,False,False,False,False,
JP2019085HNKT4A,"SATO KNIT CO., LTD",2653 -1 KITAHAMA-MACHI AMAKUSA-CITY KUMAMOTO 863 0011,JP,Japan,32.469323,130.2065428,JP-43,False,JP-43,True,primary,True,True,False,True,False,Tier 1 (finished goods),adidas list,0,NIKE|APPAREL,,False,False,39.0,False,False,False,False,
JP2019085VHAMYV,Eishin Co Ltd.,"43-1 Izumizaki Bouzukubo, Izumizakimura Nishishirakawagun Fukushima",JP,Japan,37.15371830000001,140.3019717,JP-07,False,JP-07,True,licensee,False,False,False,True,False,Tier 1 (finished goods),adidas list,0,,,False,False,79.5,False,False,False,False,
JP2019097CRTRX9,"Teijin Frontier Apparel Industry Co., Ltd.","88 Gouseimachi, Ohmuta, Fukuoka",JP,Japan,33.0301948,130.4461388,JP-40,False,JP-40,True,primary,False,False,False,True,False,Tier 1 (finished goods),adidas list,0,Apparel,TEIJIN FRONTIER,False,False,23.0,False,False,False,False,
JP20191431Z1BRJ,Suzuki kako,5-489-7 Aioi-cho  Kiryu 376-0011 Gunma Japan,JP,Japan,36.4140225,139.2878137,JP-10,False,JP-10,True,licensee,False,False,False,True,False,Tier 1 (finished goods),adidas list,0,,,False,False,6.5,False,False,False,False,
JP2019143B7S812,"KANKO GAKUSEIFUKU CO.,LTD. SHIBUSHI FACTORY",143  Anraku Shibushi Shibushi-shi 899-7104 Kagoshima Japan,JP,Japan,31.49712,131.0768,JP-46,False,JP-46,True,licensee,False,False,False,True,False,Tier 1 (finished goods),adidas list,0,,,False,False,160.0,False,False,False,False,
JP2019143E49AH4,"KANKO APPAREL CO.,LTD. SAKITA FACTORY",582 Ohazasakita  Kushima-shi 888-0009 Miyazaki Japan,JP,Japan,31.40128159999999,131.2557545,JP-45,False,JP-45,True,licensee,False,False,False,True,False,Tier 1 (finished goods),adidas list,0,,,False,False,51.5,False,False,False,False,
JP2019143JBDMP2,"Mitsubishi Pencil Co.,Ltd. Gunma Factory","1091, Tateishi   Fujioka 375-8051 Gunma Japan",JP,Japan,36.2724401,139.0796809,JP-10,False,JP-10,True,licensee,False,False,False,True,False,Tier 1 (finished goods),adidas list,0,,,False,False,250.0,False,False,False,False,
JP2019143M87ZQ7,"KANKO APPAREL CO.,LTD. OHDA FACTORY","437-1, SHIZUMA SHIZUMA MACHI  OODA City  694-0031 Shimane Japan",JP,Japan,35.1954832,132.4680316,JP-32,False,JP-32,True,licensee,False,False,False,True,False,Tier 1 (finished goods),adidas list,0,,,False,False,82.5,False,False,False,False,
JP2019143RKQWW8,"KANKO APPAREL CO.,LTD. HIGASHINEJIME FACTORY","2388 Yokobeppu, Nejime Minamiosumi-Machi  Kimotsuki-Gun 893-2503 Kagoshima Japan",JP,Japan,31.1614665,130.8070391,JP-46,False,JP-46,True,licensee,False,False,False,True,False,Tier 1 (finished goods),adidas list,0,,,False,False,79.0,False,False,False,False,
JP2019143TNYWH8,"KANKO GAKUSEIFUKU CO.,LTD. YONAGO FACTORY",1-2-1  KuzumoMinami Yonago 683-0008 Tottori Japan,JP,Japan,35.4291643,133.3571466,JP-31,False,JP-31,True,licensee,False,False,False,True,False,Tier 1 (finished goods),adidas list,0,,,False,False,239.5,False,False,False,False,
JP2019143Y6RQBC,"KANKO APPAREL CO.,LTD. SHIMANE FACTORY",5432-1 Nonami Shimane-cho Matsue-shi 690-1212 Shimane Japan,JP,Japan,35.5820106,133.0979442,JP-32,False,JP-32,True,licensee,False,False,False,True,False,Tier 1 (finished goods),adidas list,0,,,False,False,69.5,False,False,False,False,
JP2019143YAAQJ9,Masaoka Towel Co Ltd. Nagasawa Factory,"Ko, 24 Nagasawa-Aza Tsuchitori Imabari 799-1527 Ehime Japan",JP,Japan,34.0024988,133.0396738,JP-38,False,JP-38,True,licensee,False,False,False,True,False,Tier 1 (finished goods),adidas list,0,,MASAOKA TOWEL|NULL,False,True,60.0,False,False,False,False,
JP2019346YXYMPP,"Fashionsky Co.,Ltd.","1448-25 Uekita, Kumagun Asagiricho, Kumamoto 868-0422 Japan",JP,Japan,32.2257578,130.9056567,JP-43,False,JP-43,True,primary,False,False,False,True,False,Tier 1 (finished goods),adidas list,0,,,False,False,22.0,False,False,False,False,
JP2020053NJA573,TEIJIN CORDLEY LIMITED,"I 446 Nagahisa, Nagahisa-cho Oda Shimane ",JP,Japan,35.1994904,132.4949493,JP-32,False,JP-32,True,wet process,True,True,False,True,False,Tier 2 (materials and processing),adidas list,0,MATERIALS|NIKE|FOOTWEAR,SUN JIN|TEIJIN,False,True,183.0,False,False,False,False,
JP2020114JKPKZH,FUKUI,"45-163, SHIMIZUSUGITANI-CHO, FUKUI, HUKUI, 910-3607, JAPAN",JP,Japan,36.03151500000001,136.1571462,JP-18,False,JP-18,False,,True,False,True,False,False,unknown,none,0,,,False,False,,False,False,False,False,
JP20210772FXE4D,"Syuyusya Co.,Ltd.","5-1-10, shinozaki-machi",JP,Japan,35.7090558,139.9078616,JP-12,False,JP-12,True,licensee,False,False,False,True,False,Tier 1 (finished goods),adidas list,0,,,False,False,,False,False,False,False,
JP20210775E3RNG,"Yamagata Mitsubishi Pencil Precision Co.,ltd.","4026-1, kamikomatsu",JP,Japan,33.8891631,134.4019661,JP-36,False,JP-36,True,licensee,False,False,False,True,False,Tier 1 (finished goods),adidas list,0,,,False,False,,False,False,False,False,
JP2021077G9K5PM,Yorks Co Ltd,609-2 Minato,JP,Japan,35.65808130000001,139.7515077,JP-13,False,JP-13,True,licensee,False,False,False,True,False,Tier 1 (finished goods),adidas list,0,,,False,False,12.0,False,False,False,False,
JP2021077VYX0NR,"Totsuya Echo Co.,ltd.",13-2 Sasame Kita-machi,JP,Japan,35.7640871,139.6579635,JP-13,False,JP-13,True,licensee,False,False,False,True,False,Tier 1 (finished goods),adidas list,0,,,False,False,,False,False,False,False,
JP20220655M92YD,KURARAY CO LTD (CLARINO) (TR1) (TR1) (TAIWAN),"1 2 1  Kaigan dori  Minami ku, Osaka, Okayama, 7028601",JP,Japan,34.6088501,133.9560865,JP-33,False,JP-33,False,,True,True,False,True,False,Tier 2 (materials and processing),Nike labels,0,MATERIALS|NIKE|FOOTWEAR,KURARAY,False,False,1700.0,False,False,False,False,
JP2022292M1KPQ2,The Naigai Corporation (Factory),"1095, Matsubara, Higashi Kagawa City, Kagawa 769-2796",JP,Japan,34.2489045,134.3730859,JP-37,False,JP-37,True,primary,False,False,False,True,False,Tier 1 (finished goods),adidas list,0,,THE NAIGAI,False,False,73.0,False,False,False,False,
JP20223006YF4C6,TIGRAO Planning Inc.,"12-2 Alpus5-3F, Ichiba Higashi Naka-cho, Tsurumi-ku,  Yokohama-Shi, Kanagawa",JP,Japan,35.4391099,139.6139644,JP-14,False,JP-14,True,licensee,False,False,False,True,False,Tier 1 (finished goods),adidas list,0,,,False,False,3.0,False,False,False,False,
JP2022300E73NWC,"Seed Co.,Ltd.","3-5-25 Uchindai-cho,  Miyakojima-ku, Osaka",JP,Japan,34.7111719,135.5381684,JP-27,False,JP-27,True,licensee,False,False,False,True,False,Tier 1 (finished goods),adidas list,0,,,False,False,,False,False,False,False,
JP2022300EP2ZBK,GUNZE LIMITED YANASE-FACTORY,"186 GAKUONJI, SANTOU-CHO,  ASAGO CITY, Hyogo",JP,Japan,35.312803,134.875418,JP-28,False,JP-28,True,licensee,False,False,False,True,False,Tier 1 (finished goods),adidas list,0,,GUNZE,False,False,,False,False,False,False,
JP2022300Q7NERW,Gunze Limited Miyazu Factory,"262, Sou, Miyazu-City, Kyoto",JP,Japan,35.5352578,135.2038833,JP-26,False,JP-26,True,licensee,False,False,False,True,False,Tier 1 (finished goods),adidas list,0,,GUNZE,False,False,,False,False,False,False,
JP20240662JDV4E,"Toyooka Housei Co.,Ltd.","1575 Yoka,Yoka  cho,Yabu,Hyogo",JP,Japan,35.4024143,134.7703361,JP-28,False,JP-28,True,licensee,False,False,False,True,False,Tier 1 (finished goods),adidas list,0,,,False,False,8.0,False,False,False,False,
JP2024066XT6W29,"RARAYA CO., LTD. [New Location]","2-2 Kougyoudanchi Kawahigashi-cho,Aiduwakamatu-city　,Fukushima",JP,Japan,37.7607991,140.4747856,JP-07,False,JP-07,True,licensee,False,False,False,True,False,Tier 1 (finished goods),adidas list,0,,,False,False,58.0,False,False,False,False,
JP2024132X4WM1T,"Atoms., Inc","156-4, DAIFUKU SAKURAI Nara 6330067",JP,Japan,34.51124490000001,135.8265066,JP-29,False,JP-29,False,,True,True,False,True,False,Tier 1 (finished goods),Nike labels,0,EQUIPMENT|NIKE,,True,False,2.5,False,False,False,False,
JP20260429AJ4RB,"Y's Labo Co., Ltd","1007-1, Oaza-Tono, Nogata City, Fukuoka",JP,Japan,33.7675403,130.7481672,JP-40,False,JP-40,True,primary,False,False,False,True,False,Tier 1 (finished goods),adidas list,0,,,False,False,29.0,False,False,False,False,
KH201908323DFZA,Sabrina (Cambodia) Garment Manufacturing Corp.,National Rd. No.4 Phum Trapaing Reussey Khum Sambo Samrong Torng District Kampong Spoe,KH,Cambodia,11.493001,104.650374,KH-5,False,KH-5,False,,True,False,True,False,False,Tier 1 (finished goods),Nike labels,0,Apparel |Accessories|NIKE|APPAREL|Accessories,SABRINA FASHION INDUSTRIAL|SABRINA,False,True,5943.0,False,False,False,False,
KH2019083FKJ4XZ,"Horizon Outdoor (Cambodia) Co., Ltd.",Phum Phsar Trach Khum Lungvek Khum Lungvek Kampong Tralach District Kampong Chhnang,KH,Cambodia,11.9394336,104.7141792,KH-4,False,KH-4,True,primary,False,False,False,True,False,Tier 1 (finished goods),adidas list,0,,,False,False,8256.0,False,False,False,False,
KH2019083JW33WT,"Sixplus Industry Co., Ltd.",Phum Kandal Khum Prek Anhchanh Mockompoul District Mockompoul Kandal,KH,Cambodia,11.7521146,104.9505671,KH-8,False,KH-8,True,primary,False,False,False,True,False,Tier 1 (finished goods),adidas list,0,Apparel|Apparel,SINTEX INTERNATION|SPORTSCITY INTERNATIONAL|SPORTS CITY,False,True,3000.5,False,False,False,False,
KH2019083ZWWEM3,Dewhirst (Cambodia) Co Ltd ,Tuorl Pongror Village Sangkat Chom Chao,KH,Cambodia,11.8830943,105.8723337,KH-3,False,KH-3,False,,True,True,False,True,False,Tier 1 (finished goods),Nike labels,0,NIKE|APPAREL,DEWHIRST|CASTLECRAFTS,True,True,2500.5,False,False,False,False,
KH20190851B8Q5W,"Olive Apparel (Cambodia) Co., Ltd","National Road No. 3 Phum Prey Kambot, Sangkat Choam Chao, Khan Posenchey, Phnom Penh, Cambodia",KH,Cambodia,11.5039133,104.8224795,KH-12,False,KH-12,False,,True,True,False,True,False,Tier 1 (finished goods),Nike labels,0,NIKE|APPAREL,TAI WAH|RAMATEX,False,True,3404.0,False,False,False,False,
KH20190852KCDF9,"KKN APPAREL CO., LTD",NEANG KOK VILLAGE. PAKKLONG. COMMUNE. MOND/AL SEYMA NEANG KOK VILLAGE KAOH KONG ,KH,Cambodia,11.648951,102.9346451,KH-9,False,KH-9,True,primary,True,False,True,True,False,Tier 1 (finished goods),adidas list,0,NIKE|APPAREL,NICE APPAREL,False,False,3415.5,False,False,False,False,
KH2019085FA89YM,Top Summit Garment Inc.,"National Rd. No. 4, Phum Trapaing Toul, Khum Kambol, Srok Ang Snoul, Kandal, Phnom Penh",KH,Cambodia,11.5385528,104.7809008,KH-8,False,KH-8,False,,True,True,False,True,False,Tier 1 (finished goods),Nike labels,0,Accessories|NIKE|APPAREL|Apparel,SABRINA FASHION INDUSTRIAL COPR|SABRINA FASHION INDUSTRIAL|SABRINA,False,True,5908.0,False,False,False,False,
KH2019085P3C4G5,"HI TECH APPAREL (CAMBODIA) CO., LTD",A35-36 POIPET5 O'NEANG SPECIAL ECONOMIC ZONE POIPET CITY KANDAL,KH,Cambodia,13.695561,102.6539175,KH-1,False,KH-1,False,,True,True,False,True,False,Tier 1 (finished goods),Nike labels,0,NIKE|APPAREL,HI TECH|HI TECH APPAREL,False,True,3173.0,False,False,False,False,
KH2019085PWFWGS,FOOTMARK(CAMBODIA)CORPORATION,"SANGKAT KANTOUK,  KHAN POSENCEY PHNOM PENH KANDAL ",KH,Cambodia,11.5605899,104.9220943,KH-12,False,KH-12,False,,True,True,False,True,False,Tier 1 (finished goods),Nike labels,0,NIKE|APPAREL,FOOTMARK,False,False,132.5,True,False,False,False,
KH2019085Y4X3XB,"DAQIAN TEXTILE (CAMBODIA) CO., LTD","PHUM TROPAING THLEOUNG, SANGKAT CHAOM CHAOV PHNOM PENH POUTHISAT 0",KH,Cambodia,11.5605899,104.9220943,KH-12,False,KH-12,False,,True,False,True,False,False,Tier 1 (finished goods),Nike labels,0,NIKE|APPAREL,SHENZHOU,False,False,5137.5,True,False,False,False,
KH2019086FWSTCQ,"SHEN ZHOU (CAMBODIA) CO., LTD","BUILDING K&L,SOUN OUK SAHAKOM VATTANAC SANGKAT STUNG MEAN CHEY KHAN MEAN CHEY PHNOM PENH  ",KH,Cambodia,11.5474227,104.8366287,KH-12,False,KH-12,False,,True,False,True,False,False,Tier 1 (finished goods),Nike labels,0,NIKE|APPAREL,SHENZHOU,False,False,6216.0,False,False,False,False,
KH2019086VJQKEJ,"Berry Apparel (Cambodia) Co., Ltd","Phum Chumpou Voin, Sangkat Choam Chao, Khan Posenchey, Phnom Penh, Cambodia",KH,Cambodia,11.5333135,104.8246027,KH-12,False,KH-12,False,,True,True,False,True,False,Tier 1 (finished goods),Nike labels,0,NIKE|APPAREL|NIKE|APPAREL,TAI WAH|RAMATEX,False,True,2132.5,True,False,False,False,
KH2019096YQRW2S,"Sportex Industry Co., Ltd.",National Road #5 Phum Spean Kpos Sangkat Kilometre #6 Khan Russey Keo Phnom Penh Phnom Penh,KH,Cambodia,11.6382476,104.8831902,KH-12,False,KH-12,True,primary,False,False,False,True,False,Tier 1 (finished goods),adidas list,0,,SINTEX INTERNATION,False,False,1687.5,False,False,False,False,
KH2019098D7C6VH,"Trax Apparel (Cambodia) Co., Ltd","PHUM CHONG THNAL KHANG KERT,SANGKAT  TEUK  THLA,KHAN SEN SOK,Phnom Penh,Phnom Penh,Cambodia",KH,Cambodia,11.5594594,104.87757,KH-12,False,KH-12,True,primary,False,False,False,True,False,Tier 1 (finished goods),adidas list,0,,,False,False,2753.0,False,False,False,False,
KH2019098K1A9VJ,"PILOT KNIT SPORT WEAR (CAMBODIA) CO., LTD","Building 1, Vattanac II Industrial Park,Highway No.3,  ,Sangkat  Krang  Pongror,  Khan  Dangkor,Phnom Penh,Phnom Penh,Cambodia",KH,Cambodia,11.4523739,104.8079932,KH-12,False,KH-12,False,,True,False,True,False,False,Tier 1 (finished goods),Nike labels,0,NIKE|APPAREL,,True,False,658.0,False,False,False,False,
KH20191007WGZH3,TOP SPORTS TEXTILE LTD.,"Manhattan S.E.Z.(Svay Rieng). Bavet Commune, Bavet Commune, Bavet city, Svaay Rieng [Svay Rieng]",KH,Cambodia,11.0504606,106.120034,KH-20,False,KH-20,True,wet process,False,False,False,True,False,Tier 2 (materials and processing),adidas list,0,,TOP STAR,False,False,750.5,False,False,False,False,
KH20191430DMQQP,Suntex Private Limited,"No. 8 Street Choam Chao, Sangkat Choam Chao, Khan Por Senchey  Phnom Penh 12412  Cambodia",KH,Cambodia,11.5333135,104.8246027,KH-12,False,KH-12,True,primary,False,False,False,True,False,Tier 1 (finished goods),adidas list,0,,YUEN THAI INDUSTRIAL|YUENTHAI INDUSTRAIL,False,True,1489.0,True,True,False,False,
KH20191432NTEAG,"Elite (Cambodia) Co., Ltd",Special Economic Zone of MANHATTAN Sangkat Bavet  Bavet City 06311 Svay Rieng Cambodia,KH,Cambodia,11.0581075,106.1165239,KH-20,False,KH-20,True,primary,False,False,False,True,False,Tier 1 (finished goods),adidas list,0,,TMI VIETNAM,False,False,4836.5,False,False,False,False,
KH20191436V35ZF,Bowker Garment Factory (Cambodia) Company Limited,"NATIONAL ROAD NO.4, PONG TEUK VILLAGE, BEK CHAN COMMUNE ANG SNOUL DISTRICT, KANDAL PROVINCE, CAMBODIA Kandal 8301 Kandal Cambodia",KH,Cambodia,11.5339915,104.8267332,KH-12,False,KH-12,True,primary,False,False,False,True,False,Tier 1 (finished goods),adidas list,0,,,False,False,3986.5,False,False,False,False,
KH2019143FJ5JED,"Papillion Textile (Cambodia) Co., Ltd.","VattanakII Industry Park, Building O, National Road No.3 Phum Preysampor, Sangkat Kraing Pongror  Khan Dangkor Phnom Penh 12400  Cambodia",KH,Cambodia,13.3609864,103.8704136,KH-17,False,KH-17,False,,True,True,False,True,False,Tier 1 (finished goods),Nike labels,0,APPAREL|NIKE,TUNTEX,False,False,1169.0,False,False,False,False,
KH2019143GSGAHV,"Meng Da Footwear Industrial Co., Ltd","St. Veng Sreng, Phoum Tropeang Thloeng, Sangkat Chorm Chao, Khan Dangkor  Phnom Penh 12000 Phnom Penh Cambodia",KH,Cambodia,11.5311221,104.858437,KH-12,False,KH-12,True,primary,False,False,False,True,False,Tier 1 (finished goods),adidas list,0,,EVERVAN INTERNATIONAL VIETNAM,False,False,4796.0,False,False,False,False,
KH2019143X46VQ0,"Can Sports Shoes Co., Ltd.","National Road NO. 5, Chamkar Svay Village, Sethey Commune, Samaky Meanchey District  Kampong Chhang 4457 Kampong Chhnang Cambodia",KH,Cambodia,12.2555059,104.6680873,KH-4,False,KH-4,True,primary,False,False,False,True,False,Tier 1 (finished goods),adidas list,0,,SPORTS GEAR TAIWAN BRANCH,False,False,5545.0,False,False,False,False,
KH2019143ZAAB05,Yorks (Cambodia) Co Ltd,"Tai Seng Bavet SEZ, National Road No.1, Sangkat  Chrak Mates , Bavet City, Svay Rieng Province, Svay Rieng",KH,Cambodia,11.0603031,106.1132461,KH-20,False,KH-20,True,licensee,False,False,False,True,False,Tier 1 (finished goods),adidas list,0,,YORKS,False,False,141.0,False,False,False,False,
KH2019181BEMPYA,Grace Glory (Cambodia) Garment Ltd,"National Road 4 Prey Kor Village Lum Hach Commune,",KH,Cambodia,11.4977189,104.67056,KH-8,False,KH-8,True,primary,False,False,False,True,False,Tier 1 (finished goods),adidas list,0,SWIMWEAR|Swimwear|Swimwear|SWIMWEAR,FOOK WAH KUN KEE KNITTING FACTORY|FOOK WAH KUN KEE KNITTING FTY|FOOK WAH KUN KEE KNITTING FTY HONG KONG|FOOK WAH KUN KEE KNITTING,False,True,2900.25,False,False,True,False,
KH2020114GJ05JP,"SISOPHON HONG SENG SPORTSWEAR CO.,LTD.","7 MACKARA THREET, SEREY SOPHOAN, BANTEAY MEAN CHEY, 1250, CAMBODIA",KH,Cambodia,13.5836237,102.9737739,KH-1,False,KH-1,False,,True,False,True,False,False,unknown,none,0,,,False,False,,False,False,False,False,
KH2020339JS76B9,P P S E C Company Limited,"Lot No.: P-112-B, Phnom Penh Special Economic Zone, National Road No. 4, Phum Beung Thom Ti.3, Sangkat Beung Thom, Khan Posenchey",KH,Cambodia,11.4705474,104.7659497,KH-8,False,KH-8,False,,True,True,False,True,False,Tier 1 and 2 (conflicting reports),Nike labels,0,Raw Material|Accessories|APPAREL|MATERIALS|NIKE|Heat Transfers,S E C ACCESSORIES|S E C|SEC ACCESSORIES|SEC,False,True,370.0,False,False,False,False,
KH20220656EXTXC,"PRESTIGE GARMENT CO., LTD.","National Road No.3 PHUM KRANGKRONG, Kandal  Province, Kandaal, 8371",KH,Cambodia,11.4574826,104.6939571,KH-8,False,KH-8,False,,True,False,True,False,False,Tier 1 (finished goods),Nike labels,0,APPAREL|NIKE,,True,False,1167.0,False,False,False,False,
KH2022065MCDGZ0,EVERMAX GARMENT ACCESSORIES (CAMBODIA) CO LTD,"No 430 Phlov Lum Kok Chambork Sangkat Chaom Chao, Phnom Penh, Phnom Penh, 12452",KH,Cambodia,11.5653675,104.8868196,KH-12,False,KH-12,False,,True,False,True,False,False,unknown,none,0,APPAREL|MATERIALS|NIKE,MAXIM,False,False,53.0,False,False,False,False,
KH2022065VA3FZT,Walt Technology Cambodia Co Ltd,"NO 212 km Highway No 4, Sihanouk ville, Krong Preah Sihano, 18205",KH,Cambodia,10.6267867,103.5115545,KH-18,False,KH-18,False,,True,True,False,True,False,Tier 1 (finished goods),Nike labels,0,NIKE|EQUIPMENT,ZHEJIANG WALT,False,False,796.0,False,False,False,False,
KH2022075P45PC6,"Xo Tex Industrial Co., Ltd","Phum Trapaing Thloeng, Sangkat Choam Chao, Khan Por Senchey, Phnom Penh, Cambodia.",KH,Cambodia,11.5333135,104.8246027,KH-12,False,KH-12,True,primary,False,False,False,True,False,Tier 1 (finished goods),adidas list,0,,YUEN THAI INDUSTRIAL,False,False,3419.0,True,False,False,False,
KH2022076H6NDKJ,"MARVEL GARMENT CO.,LTD","Phnom Penh Special  Economic Zone,, National road number 4, Phase 3, Beung Thom 3 village,, Sangkat Beung Thom,, KHAN PORSENCHEY, PHNOM PENH, Cambodia",KH,Cambodia,11.520599,104.7788039,KH-8,False,KH-8,True,primary,True,True,False,True,False,Tier 1 (finished goods),adidas list,0,APPAREL|NIKE|Knits|knit apparel|Knits,MASTER|SHENZHOU|NINGBO SHENZHOU KNITTING,False,True,15000.0,False,False,False,False,
KH20222924CW8QH,"CHARMGO (CAMBODIA) CO., LTD","PHUM BOSTANIE KHUM KAHEING SROK SAMRONGTONG KAMPONG SPEU, Kampong Speu, Kampong Speu 12402",KH,Cambodia,11.4650455,104.5072722,KH-5,False,KH-5,True,primary,True,True,False,True,False,Tier 1 (finished goods),adidas list,0,Accessories,CHARMGO,False,False,1610.0,True,False,False,False,
KH20222926P7XKS,"SPARKBAGS (CAMBODIA) CO.,LTD","National Road#4, KontockZheng Village, Kantaok Commune, Kamboul District, Phnom Penh, Kampong Speu 120905",KH,Cambodia,11.5227409,104.7864042,KH-8,False,KH-8,True,primary,False,False,False,True,False,Tier 1 (finished goods),adidas list,0,Accessories,,False,False,1500.5,False,False,False,False,
KH2022292FF8D1T,"Hip Keung (Cambodia) Manufacturing Co., Ltd.","Preah Khe Village, Kaheng Commune, Samrong Tong District, Kampong Speu, Kampong Speu",KH,Cambodia,11.4650455,104.5072722,KH-5,False,KH-5,False,,True,True,False,True,False,Tier 1 (finished goods),Nike labels,0,Accessories,HIP SING CHINA INDUSTRIAL|HIP KEUNG,False,True,723.0,True,True,False,False,
KH202303021QAFG,Hongs One (Cambodia) Garment Co Ltd,"Building #6-7 Tropaing Thleung street, Tropaing Thleung Village, Chom Chao Commune, Porsenchey District, Phnom Penh",KH,Cambodia,11.5303818,104.8520001,KH-12,False,KH-12,True,primary,False,False,False,True,False,Tier 1 (finished goods),adidas list,0,,,False,False,946.0,False,True,False,False,
KH2023087WS6AFX,"Young Clothing (Cambodia) Co., Ltd.","Romlech Village, Rolaing Krerl Commune, Samroung Torng District,Kampong Spueu",KH,Cambodia,11.7288377,104.6792839,KH-5,False,KH-5,False,,True,True,False,True,False,Tier 1 (finished goods),Nike labels,0,Textile,OVED APPAREL AND FIVE STAR APPAREL|YOUNG CLOTHING,False,True,554.5,False,False,True,False,
KH20231028HA4AE,Beauty Silk Screen Ltd,"Veng Sreng St, Phum Trapaing Thloeng, Sangkat Chom Chao, Khan Porsenchey   Phnom Penh  ",KH,Cambodia,11.5333135,104.8246027,KH-12,False,KH-12,True,primary,False,False,False,True,False,Tier 1 (finished goods),adidas list,0,,PCCS,False,False,372.25,True,False,False,False,
KH2023344WRZ5C9,"CHENTAI-YUE CHANG (KHM) WOVEN TAPES ENTERPRISE CO.,LTD","National Road No.41, Oukha tab village, Trapeang kong Commune, Samraong Tong districk, Kampong Speu,",KH,Cambodia,11.4865065,104.6296338,KH-5,False,KH-5,True,wet process,False,False,False,True,False,Tier 2 (materials and processing),adidas list,0,,CHEN TAI,False,False,,False,False,False,False,
KH2024066BQ3Y3D,"RONG WIN GARMENT CO., LTD.","PHUM TROPAING TLOEUNG 1,SANGKAT CHOM CHAO 1,KHAN PORSENCHEY,Phnom Penh ,Phnom Penh",KH,Cambodia,11.5333135,104.8246027,KH-12,False,KH-12,True,primary,False,False,False,True,False,Tier 1 (finished goods),adidas list,0,,BUDDIES MACAO COMMERCIAL OFFSHORE,False,False,5426.0,True,False,False,False,
KH2024066DPP2RT,"Splendor Industry Co., Ltd.","National Road #5, PHUM KHLANG SANG,SANGKAT RUSSEY KEO,KHAN RUSSEY KEO,Phnom Penh,Phnom Penh",KH,Cambodia,11.6051762,104.8962385,KH-12,False,KH-12,True,primary,False,False,False,True,False,Tier 1 (finished goods),adidas list,0,,SINTEX INTERNATION,False,False,715.0,False,False,False,False,
KH20241322RDV14,"AROMA SUCCESS GARMENT CO., LTD",Taing Kantout Village Phnom Penh Kampong Spueu 050107,KH,Cambodia,11.584062,104.337187,KH-5,False,KH-5,False,,True,True,False,True,False,Tier 1 (finished goods),Nike labels,0,,SABRINA,False,False,2000.0,False,False,False,False,
KH20241323FFA9N,Sabrina Cambodia Garment Manufacturing,National Rd Samrong Torng District Otdar Mean Chey 13256,KH,Cambodia,14.2419164,103.5702011,KH-22,False,KH-22,False,,True,True,False,True,False,Tier 1 (finished goods),Nike labels,0,,SABRINA,False,False,5887.0,False,False,False,False,
KH2024132VMPP1X,"FOREVER FUG GARMENT CO., LTD.",Lot BRoad127TbongAngVillage Cambodia Kampong Spueu 050306,KH,Cambodia,12.3417736,105.3313039,KH-3,False,KH-3,False,,True,True,False,True,False,Tier 1 (finished goods),Nike labels,0,,FOREVER FUG,False,False,830.0,False,False,False,False,
KH2024132XPFB9Q,"KKN Apparel Co., ltd",KKSEZ Neangkok Paklong Commune Modulsiem Koh Kong Cambodia Koh Kong Kaoh Kong 09401,KH,Cambodia,11.5685258,102.9546816,KH-9,False,KH-9,False,,True,True,False,True,False,Tier 1 (finished goods),Nike labels,0,,NICE APPAREL,False,False,6775.5,False,False,False,False,
KH2024132Z1V7MQ,"Evermax Garment Accessories (Cambodia)Co., LTD",Phum Trapeang Thnong Khan Por Sen Chey Phnom Penh 120901,KH,Cambodia,11.5592568,104.8592211,KH-12,False,KH-12,False,,True,True,False,True,False,Tier 2 (materials and processing),Nike labels,0,,MAXIM,False,False,67.0,False,False,False,False,
KH2024159HZG3K0,"Y&W Garment Co., LTD",Ka To Factory Building Cheung Yue Street Phnom Penh Phnom Penh 120501,KH,Cambodia,11.5563738,104.9282099,KH-12,False,KH-12,False,,True,False,True,False,False,Tier 1 (finished goods),Nike labels,0,,Y W GARMENT,False,False,3750.0,False,False,False,False,
KH2025009P4GMY1,"Din Ling Garment Co., Ltd.","Street. Doung Ngeab2, Domnak Thom 3 Village, Steung Meanchey3 Communce, Meanchey District",KH,Cambodia,11.5395107,104.8941564,KH-12,False,KH-12,True,primary,False,False,False,True,False,Tier 1 (finished goods),adidas list,0,,,False,False,834.0,False,False,False,False,
KH202521128286T,"ELITE SVAY RIENG (CAMBODIA) CO., LTD.","HOUSE/BUILDING NO. A1-2 & A1-3, PREAEK TOB, SVAY CHRUM, SVAY CHRUM, SVAY RIENG, SVAY RIENG, SVAY RIENG",KH,Cambodia,11.1194541,105.7122448,KH-20,False,KH-20,True,primary,False,False,False,True,False,Tier 1 (finished goods),adidas list,0,,,False,False,177.0,False,False,False,False,
KH2025211AFWXWE,"SUNFAIR GARMENT CO., LTD.","DOEUM REOS COMMUNE ., TEN VILLAGE-SAMOR VILLAGE, KANDAL STOEUNG DISTRICT, KANDAL PROVINCE",KH,Cambodia,11.4129466,104.8250329,KH-8,False,KH-8,True,primary,False,False,False,True,False,Tier 1 (finished goods),adidas list,0,,,False,False,5500.0,False,False,False,False,
KH20252121MGTQQ,"JUHAI BAOSHUN (CAMBODIA) CO., LTD","Sihanoukville S E Z - Phum Pou Thoeung, BET TRANG COMMUNE & Phum SMACH DEANG, REAM COMMUNE, PREY NOB DISTRICT, Sihanoukville",KH,Cambodia,10.5859743,103.6739008,KH-18,False,KH-18,True,licensee,False,False,False,True,False,Tier 1 (finished goods),adidas list,0,,,False,False,372.0,False,False,False,False,
KH202529075KC9V,"PHNOM PENH TALENT SOCKS CO., LTD.","Thmey Chongrok Village, YeaAng Commune, Thpong District, Kompong speu Province",KH,Cambodia,11.7544464,104.4286639,KH-5,False,KH-5,True,licensee,False,False,False,True,False,Tier 1 (finished goods),adidas list,0,,,False,False,401.5,False,True,False,False,
KH2026042ZWRX4Q,"EVERGROWING HF (CAMBODIA) CO., LTD.","TRACH VILLAGE, KAHAENG COMMUNE, SAMRONG TONG DISTRICT, SAMRONG TONG, Kampong Speu",KH,Cambodia,11.4268118,104.4584085,KH-5,False,KH-5,True,licensee,False,False,False,True,False,Tier 1 (finished goods),adidas list,0,,,False,False,540.0,False,False,False,False,
KR201908523DWAE,FRAMAS KOREA,"120-2, UNYONG-RI, DOONPO-MYUN, ASAN CHOONGNAM 336-875",KR,"Korea, Republic of",36.9305809,127.0758272,KR-41,False,KR-41,False,,True,False,True,False,False,Tier 1 (finished goods),Nike labels,0,FOOTWEAR|NIKE,,False,False,45.0,False,False,False,False,
KR20190852J6WM0,DUCKSAN YANBEOL RI,OPO-EUP GWANGJU-SI GYEONGGI 12796,KR,"Korea, Republic of",37.3662344,127.2285778,KR-41,False,KR-41,False,,True,False,True,False,False,unknown,none (keyword guess removed),0,,,False,False,26.0,True,False,False,False,
KR2019085792PYW,BAIKSAN CO. LTD.,1735-15 SONGJEONG-DONG SIHEUNG-SI BUSAN 0,KR,"Korea, Republic of",35.0869367,128.8548204,KR-48,False,KR-48,False,,True,False,True,False,False,unknown,none,0,,,False,False,,False,False,False,False,
KR2019085EF2Y5R,YOU YOUNG (KOREA),"140, SINSAN-RO, SAHA-GU BUSAN",KR,"Korea, Republic of",35.089323,128.9707144,KR-26,False,KR-26,False,,True,True,False,True,False,Tier 1 (finished goods),Nike labels,0,FOOTWEAR|NIKE,YOU YOUNG,False,False,174.0,False,False,False,False,
KR2019085KC9PE2,"YOON TEXTILE CO., LTD","30, HASINBEONYEONG-RO 73BEON-GIL BUSAN BUSAN 604-838",KR,"Korea, Republic of",35.1042661,128.9600424,KR-26,False,KR-26,False,,True,False,True,False,False,unknown,none,0,,,False,False,,False,False,False,False,
KR2019085NMTZ7Z,"TAEKWANG INDUSTRY CO., LTD.","258-9, AN-DONG GIMHAE GYUNGNAM 621-200",KR,"Korea, Republic of",35.2317954,128.9155162,KR-48,False,KR-48,False,,True,True,False,True,False,Tier 1 (finished goods),Nike labels,0,FOOTWEAR|NIKE,TAEKWANG,False,False,862.0,False,False,False,False,
KR2019085QZJ503,JSI,"1746-1, SONGJUNG-DONG, BUSAN BUSAN 0",KR,"Korea, Republic of",37.6208759,127.0315457,KR-11,False,KR-11,False,,True,False,True,False,False,unknown,none,0,,,False,False,640.0,False,False,False,False,
KR2019085RTDTCV,"YOUNG POONG TEXTILE CO., LTD","37, SINSAN-RO 13BEON-GIL BUSAN SOUTH GYEONGSANG 604-838",KR,"Korea, Republic of",35.26893,128.4749749,KR-48,False,KR-48,False,,True,False,True,False,False,unknown,none,0,,,False,False,,False,False,False,False,
KR2019093DT70KP,GB LIGHT (KOREA),"#1733-4 SONGJEONG-DONG,KANGSEO-GU, BUSAN, KOREA BUSAN BUSAN 618-820",KR,"Korea, Republic of",35.0882764,128.8555626,KR-48,False,KR-48,False,,True,False,True,False,False,unknown,none,0,,,False,False,,False,False,False,False,
KR2019093X80MR6,BUMCHANG DOORI,"RM.601, SK BUILDING, #223-28, SANGDAEWON-DONG, JOONGWON-GU SUNGNAM-SI KYUNGGI-DO 461-182",KR,"Korea, Republic of",37.44587569999999,127.1830322,KR-41,False,KR-41,False,,True,False,True,False,False,Tier 1 (finished goods),Nike labels,0,NIKE|EQUIPMENT,,False,False,12.0,False,False,False,True,
KR202005396MG95,Daerim Textile South Korea,"14, Noksansandan 382-ro 14beongil, Gangseogu Busan Busan 46757",KR,"Korea, Republic of",35.0803168,129.0720378,KR-26,False,KR-26,False,,True,True,False,True,False,Tier 2 (materials and processing),Nike labels,0,FOOTWEAR|MATERIALS|NIKE,DAERIM TEXTILE,False,False,75.0,False,False,False,False,
KR2020053FJ88XQ,"Ducksan Co., Ltd","Opo-eup, Opoan-ro 76  Gyeonggi ",KR,"Korea, Republic of",37.3520259,127.1985501,KR-41,False,KR-41,False,,True,True,False,True,False,Tier 1 and 2 (conflicting reports),Nike labels,3,Tabelle1[name]|=_xlfn.XLOOKUP(B73|Tabelle1[sector_product_type])|FOOTWEAR|MATERIALS|NIKE|Fabric|Textile,,False,False,29.0,False,False,False,False,
KR2020053ZFWFSV,Daewon South Korea,"868-14, Gyeonggi-daero, Osan-si, Gyeonggi-do  Gyeonggi 18111",KR,"Korea, Republic of",37.1956568,127.045417,KR-41,False,KR-41,False,,True,False,True,False,False,unknown,none,0,FOOTWEAR|MATERIALS|NIKE,DAEWON,False,False,170.0,False,False,False,False,
KR2020191K7TS6Z,"Samil Textile Co.,Ltd","191-7, Noksansaneopjung-Ro, Gangseo-Gu, Busan",KR,"Korea, Republic of",35.0941513,128.8402914,KR-48,False,KR-48,False,,True,True,False,True,False,Tier 2 (materials and processing),Nike labels,0,FOOTWEAR|MATERIALS|NIKE,SAMIL,False,False,46.0,False,False,False,False,
KR2020357E8CCTR,"SHIN HAN IND. CO., LTD.","86 Sanseongno Danwon-gu, Ansan-city, Gyeonggi-do. Korea, 15437",KR,"Korea, Republic of",37.3193953,126.8123263,KR-41,False,KR-41,False,,True,False,True,False,False,Tier 2 (materials and processing),Nike labels,0,APPAREL|MATERIALS|NIKE,SHINHAN,False,False,101.75,False,False,False,False,
KR20211397R0MCE,CHANGSHIN INC.,"242, JANGPYEONG-RO, SAHA-GU, BUSAN, KOREA, BUSAN, BUSAN GWANGYEOGSI",KR,"Korea, Republic of",35.0883662,128.9740248,KR-26,False,KR-26,False,,True,True,False,True,False,Tier 1 (finished goods),Nike labels,0,FOOTWEAR|NIKE,,False,False,995.0,False,False,False,False,
KR20220651YP5S1,EUN SUNG GLOBAL CO LTD (KOREA),"39 DONGBUK RO 473 BEON GIL, Gimhae, Gyeongnam, Gyeongsangnamdo, 621 010",KR,"Korea, Republic of",35.2213923,128.8911057,KR-48,False,KR-48,False,,True,True,False,True,False,Tier 2 (materials and processing),Nike labels,0,FOOTWEAR|MATERIALS|NIKE,EUN SUNG GLOBAL,False,False,31.0,False,False,False,False,
KR2022065ESDR4Y,"JOONGANG DYEING FABRIC CO., LTD","17 Hasinbeonyeong ro, Busan, Busan Gwangyeogsi, 49432",KR,"Korea, Republic of",35.1795543,129.0756416,KR-26,False,KR-26,False,,True,True,False,True,False,Tier 2 (materials and processing),Nike labels,0,FOOTWEAR|MATERIALS|NIKE,JOONGANG TEXTILE,False,False,22.0,True,False,False,False,
KR2022065HF3RGS,BAIKSAN (KOREA),"10 Noksansandan 382 ro , Busan, Gyeongsangnamdo, 46757",KR,"Korea, Republic of",35.1795543,129.0756416,KR-26,False,KR-26,False,,True,True,False,True,False,Tier 2 (materials and processing),Nike labels,0,FOOTWEAR|MATERIALS|NIKE,BAIKSAN,False,False,57.0,True,False,False,False,
KR2022065PWRYC2,JOONGANG TEXTILE CO LTD (WARP/WEFT KNIT),"15 Dadae ro 320beon gil, Busan, Busan Gwangyeogsi, 49469",KR,"Korea, Republic of",35.0746978,128.9711884,KR-26,False,KR-26,False,,True,True,False,True,False,Tier 2 (materials and processing),Nike labels,0,FOOTWEAR|MATERIALS|NIKE,JOONGANG TEXTILE,False,False,75.0,False,False,False,False,
KR2022065TC7B4A,GB LIGHT CO LTD,"22 Beombang 3ro 30beon gil , Gangseo Gu, Busan Gwangyeogsi, 46727",KR,"Korea, Republic of",35.2122157,128.9805666,KR-48,False,KR-48,False,,True,True,False,True,False,Tier 2 (materials and processing),Nike labels,0,FOOTWEAR|MATERIALS|NIKE,,False,False,109.0,True,False,False,False,
KR2022065TNRBVV,SAMBU FINE CHEMICAL CO LTD (KOREA),"167 SEOBU RO 1637 BEON GIL, Gyungnam, Gyeongsangnamdo, 50888",KR,"Korea, Republic of",35.4606,128.2132,KR-48,False,KR-48,False,,True,True,False,True,False,Tier 2 (materials and processing),Nike labels,0,FOOTWEAR|MATERIALS|NIKE,SAMBU FINE CHEMICAL,False,False,105.0,False,False,False,False,
KR2022065VAS1S6,TKG ECO MATERIAL SYNTHETIC (TR1) (KOREA),"11 Noksansandan 382ro 49beongil Gangseogu, Busan, Busan Gwangyeogsi, 46756",KR,"Korea, Republic of",35.2122157,128.9805666,KR-48,False,KR-48,False,,True,True,False,True,False,Tier 1 (finished goods),Nike labels,0,FOOTWEAR|NIKE,JEONG SAN|TKG ECO MATERIAL,False,True,247.0,True,False,False,False,
KR2022213MEEF3B,"SeoHeung Co., Ltd.","87, Jangnimbeonyeong-ro, Saha-gu, Busan",KR,"Korea, Republic of",35.0812354,128.9750037,KR-26,False,KR-26,False,,True,True,False,True,False,Tier 2 (materials and processing),Nike labels,0,3D Flyprint,,False,False,61.0,False,False,False,False,
KR2022299P4TTEK,"Ducksan Co., Ltd.","19 - Marerudeul-gil, 35 Beon-gil, Opo-Eup,, Gwangju-si, Gyeonggi-do 12796",KR,"Korea, Republic of",37.3662344,127.2285778,KR-41,False,KR-41,False,,True,False,True,False,False,unknown,none (keyword guess removed),0,FOOTWEAR|MATERIALS|NIKE,,False,False,27.0,True,False,False,False,
KR2022300A5A2JK,Hyesung Textile,"37, Yeomsaekgongdanceon-ro, Seo-gu, Daegu, Republic of Korea,  Daegu, Daegu",KR,"Korea, Republic of",35.8717686,128.559115,KR-27,False,KR-27,True,wet process,False,False,False,True,False,Tier 2 (materials and processing),adidas list,0,,COATS THREAD,False,False,21.0,False,False,False,False,
KR2022300MQPFZN,Hae Joon Trading Co,"#769-1, Kumjeong-dong, Kunpo City, Kyonggi-do",KR,"Korea, Republic of",37.3632104,126.9454588,KR-41,False,KR-41,True,licensee,False,False,False,True,False,Tier 1 (finished goods),adidas list,0,,,False,False,6.0,False,False,False,False,
KR2022300PGD4QM,SUNJIN TEXTILE CO.,"19, SINSAN-RO 29BEON-GIL, SAHA-GU, BUSAN, KOREA,  BUSAN, ",KR,"Korea, Republic of",35.0901347,128.9693419,KR-26,False,KR-26,True,wet process,False,False,False,True,False,Tier 2 (materials and processing),adidas list,0,,SUN JIN,False,False,74.0,False,False,False,False,
KR2022300S72DNA,"YOON TEXTILE Co., Ltd","Sinsan-ro 13,  Saha-gu, Busan, Korea, Yoon Textile,  Busan, Pusan-gwangyoksi",KR,"Korea, Republic of",35.0905574,128.9573944,KR-26,False,KR-26,True,wet process,False,False,False,True,False,Tier 2 (materials and processing),adidas list,0,,DAE YOUNG,False,False,48.0,False,False,False,False,
KR20233315M2AR8,"Sung Shin Chemical Co., Ltd.","28, Gunpocheomdansaneop 1-ro, Gunpo-si, Gyeonggi-do, 15881, Republic of Korea",KR,"Korea, Republic of",37.32624,126.937269,KR-41,False,KR-41,False,,True,True,False,True,False,Tier 1 (finished goods),Nike labels,0,,JR286,False,False,16.0,False,False,False,True,
KR2023348HZYME3,"Nam Yang Textile Co., Ltd.","913-11, Hwaseong-ro, Mado-myeon, Hwaseong City, Kyunggi-do, South Korea",KR,"Korea, Republic of",37.2036308,126.7885429,KR-41,False,KR-41,True,primary,False,False,False,True,False,Tier 1 (finished goods),adidas list,0,Accessories|socks,,False,False,50.0,False,False,False,False,
KR2024066CYEYCK,Abraham Trading Co Ltd,"30, Jeongjae-ro,Boogok-dong,Sangnok-gu, ,Ansan,Kyonggi-do",KR,"Korea, Republic of",37.3323681,126.8650219,KR-41,False,KR-41,True,licensee,False,False,False,True,False,Tier 1 (finished goods),adidas list,0,,,False,False,7.0,False,False,False,False,
KR2024066DAV205,"DONGJIN TEXTILE CO., LTD."," 16 Sinsan-Ro 13Beon-Gil,Saha-Gu,South Korea,Busan,Pusan-gwangyoksi",KR,"Korea, Republic of",35.0917912,128.9574604,KR-26,False,KR-26,True,wet process,True,True,False,True,False,Tier 2 (materials and processing),adidas list,0,FOOTWEAR|NIKE,DONG JIN TEXTILE|DONGJIN,False,True,41.0,False,False,False,False,
KR2024132EP5FMQ,framas Korea,1426 Nakdong Street Busan Busan Gwangyeogsi 46904,KR,"Korea, Republic of",35.1880035,128.9797743,KR-48,False,KR-48,False,,True,True,False,True,False,Tier 1 (finished goods),Nike labels,0,,FRAMAS,False,False,45.0,False,False,False,False,
KR2024132VS5127,DAEWON (KOREA),868 14 Gyeonggi daero Osan Si Gyeonggido 18111,KR,"Korea, Republic of",37.19422670000001,127.0532184,KR-41,False,KR-41,False,,True,True,False,True,False,Tier 2 (materials and processing),Nike labels,0,,DAEWON,False,False,150.0,False,False,False,False,
KR2025071QGBXKG,WeFAN Factory 1,"468-5 ILPAE-DONG, Namyangju-si, Kyonggi-do",KR,"Korea, Republic of",37.6181713,127.1875891,KR-41,False,KR-41,True,primary,False,False,False,True,False,Tier 1 (finished goods),adidas list,0,,WEFAN,False,False,17.0,False,False,False,False,
KR2025071YHAXW0,B2F Sports,"28, Geobuk-ro, Uijeongbu-si, Gyeonggi-do, Republic of Korea, Gyeonggi-do, Gyeonggi-do",KR,"Korea, Republic of",37.75125209999999,127.0576209,KR-41,False,KR-41,True,licensee,False,False,False,True,False,Tier 1 (finished goods),adidas list,0,,,False,False,2.0,False,False,False,False,
KR2025071ZQ14MX,WeFAN Factory 2,"12-24, Hongyureung-ro 91beon-gil, Namyangju-si, Kyonggi-do",KR,"Korea, Republic of",37.6183914,127.1916737,KR-41,False,KR-41,True,primary,False,False,False,True,False,Tier 1 (finished goods),adidas list,0,,WEFAN,False,False,7.0,False,False,False,False,
LK20190853JG391,MAS FABRICS (PVT) LTD - METHLIYA,MAS FABRIC PARK KEGALLE SRI LANKA 71000,LK,Sri Lanka,7.274062000000001,80.22093500000001,LK-92,False,LK-92,False,,True,True,False,True,False,Tier 1 and 2 (conflicting reports),Nike labels,0,FOOTWEAR|NIKE|APPAREL|NIKE|APPAREL|MATERIALS|NIKE|Apparel,MAS FABRICS|MAS|MAS FABRICS MATRIX|MAS AMITY PTE,False,True,1890.0,True,False,False,False,
LK20190854RE3ZW,MAS ACTIVE (PVT.) LTD - SYNERGY,"A3, SEETHAWAKA EXPORT PROCESSING ZONE AVISSAWELLA WESTERN 10700",LK,Sri Lanka,6.9654494,80.2112164,LK-11,False,LK-11,False,,True,True,False,True,False,Tier 1 (finished goods),Nike labels,0,APPAREL|NIKE,MAS|MAS AMITY PTE,False,True,2432.0,False,False,False,False,
LK20190855VB6YZ,MAS ACTIVE TRADING (PVT) LTD - LINEA INTIMO (MDC),"LOT 49, 58, 59 BEPZ COLOMBO SRI LANKA 4",LK,Sri Lanka,6.9270786,79.861243,LK-11,False,LK-11,False,,True,False,True,False,False,Tier 1 (finished goods),Nike labels,0,APPAREL|NIKE,MAS,False,False,777.0,True,False,False,False,
LK2019085625333,BODYLINE PRIVATE LIMITED III,KALAWELLAWA ROAD AGALAWATTA SRI LANKA 12200,LK,Sri Lanka,6.5400904,80.1531316,LK-13,False,LK-13,False,,True,True,False,True,False,Tier 1 (finished goods),Nike labels,0,APPAREL|NIKE,MAS,False,False,1042.0,False,False,False,False,
LK2019085CWHBQB,Foundation Garments (Pvt) Limited (II),"Lot no. 03, Denvor Estate, Mawathagama Wayamba Mawathagama",LK,Sri Lanka,7.4321631,80.4437781,LK-61,False,LK-61,False,,True,True,False,True,False,Tier 1 (finished goods),Nike labels,0,,FOUNDATION GARMENT|FOUNDATION GARMENTS,False,True,1285.0,False,False,False,True,
LK2019085FRHTWY,BODYLINE (PRIVATE) LIMITED - BALANGODA,WELIGEPOLA ROAD BALANGODA SRI LANKA 70100,LK,Sri Lanka,6.6270577,80.7243737,LK-91,False,LK-91,False,,True,False,True,False,False,Tier 1 (finished goods),Nike labels,0,APPAREL|NIKE,MAS,False,False,1096.0,True,False,False,False,
LK2019085W2J6QX,TEXLAN CENTER (PRIVATE) LIMITED,"WENIWALGODALLE ESTATE, DAGONNA ROAD MINUWANGODA SRI LANKA 11550",LK,Sri Lanka,7.210859699999999,79.93772609999999,LK-12,False,LK-12,False,,True,True,False,True,False,Tier 1 (finished goods),Nike labels,0,NIKE|EQUIPMENT,INTERLOOP,False,False,1049.5,False,False,False,False,
LK2019085YPFBWT,MAS ACTIVE TRADING PVT LTD - VAANAVIL DIVISION,"PLOT NO 2, AGRICULTURE FACULTY ROAD COLOMBO SRI LANKA 42000",LK,Sri Lanka,6.9270786,79.861243,LK-11,False,LK-11,False,,True,False,True,False,False,Tier 1 (finished goods),Nike labels,0,APPAREL|NIKE,MAS,False,False,2055.5,True,False,False,False,
LK2019087Z3R56Q,Hayleys Fabric PLC,"Narthupana Estate, Neboda, Sri Lanka",LK,Sri Lanka,6.6248554,80.078675,LK-13,False,LK-13,False,,True,True,False,True,False,Tier 2 (materials and processing),Nike labels,0,Knits|APPAREL|MATERIALS|NIKE|Fabrics|Childrenswear |Cotton,MAS,False,False,1667.0,False,False,False,False,
LK2019091YP68S8,Trischel Fabric (Ptvt.) Ltd.,Mas Fabric Park Kurunegala Road Thulhiriya Kegalle 71000,LK,Sri Lanka,7.274062000000001,80.22093500000001,LK-92,False,LK-92,False,,True,True,False,True,False,Tier 2 (materials and processing),Nike labels,0,Raw Material|Wet Processing|Wet Processing|APPAREL|MATERIALS|NIKE|Apparel|Apparel,MAS AMITY PTE|TRISCHEL FABRIC|MAS|TRISCHEL FABRICS|GLOBAL INTIMATES KURUNEGALA,False,True,1085.0,True,False,False,False,
LK2019093GBN458,MAS - Kreeda Intimo,"Lot 49, 49A, 58 & 59 Biyagama Export Processing Zone, Walgama, Malwana Biyagama Western",LK,Sri Lanka,6.9507844,80.0157449,LK-12,False,LK-12,False,,True,True,False,True,False,Tier 1 (finished goods),Nike labels,0,Finished Goods,MAS,False,False,235.0,False,False,False,False,
LK202005384TR89,Bodyline (Pvt) Ltd. ,"Rathnapura Road, Gurugoda, Horana Horana, Western Province 12400 Sri Lanka",LK,Sri Lanka,6.87831,80.24325160000001,LK-91,False,LK-91,False,,True,True,False,True,False,Tier 1 (finished goods),Nike labels,0,Sportswear|Sports & activewear|APPAREL|NIKE,BODYLINE TRADING|MAS,False,True,5109.0,False,True,False,False,
LK2020053AAJDMA,MAS Active,"MAS Active Trading (Pvt) Ltd. No. 231, Nawala Road, Nugegoda, Nugegoda Western Province ",LK,Sri Lanka,6.8828121,79.88632070000001,LK-11,False,LK-11,False,,True,False,True,False,False,Tier 1 (finished goods),Nike labels,0,Activewear ,MAS AMITY PTE|MAS,False,True,2678.5,False,False,False,False,
LK2020053HBZYNH,MAS Fabrics PVT Limited - Matrix,"MAS FABRICS (PVT) LTD - MATRIX MAS Fabric Park, Kurunegala Road, Thulhiriya, Sri Lanka Thulhiriya Sabaragamuwa Province ",LK,Sri Lanka,7.274062000000001,80.22093500000001,LK-92,False,LK-92,False,,True,True,False,True,False,Tier 1 and 2 (conflicting reports),Nike labels,0,,MAS|MAS INTIMATES|MAS AMITY PTE,False,True,1976.0,True,True,False,False,
LK2020053XYAP86,Stretchline PVT Limited,"Stretchline (Pvt) Limited, Lot 89, BVPZ,  Walgama, Malwana, Sri Lanka Biyagama Western Province ",LK,Sri Lanka,6.9566644,80.0095609,LK-12,False,LK-12,False,,True,True,False,True,False,Tier 2 (materials and processing),Nike labels,0,Raw Material|Trims|APPAREL|MATERIALS|NIKE,STRETCHLINE HONG KONG,False,False,2570.0,False,False,False,False,
LK20201148RTTC1,MAS Active (Pvt) Limited - MAS KREEDA Mihintale,"DM Lanka, Isuru Uyana, Maradankulama, Mihintale, Anuradhapura, Sri Lanka",LK,Sri Lanka,8.3859178,80.5049445,LK-71,False,LK-71,False,,True,False,True,False,False,Tier 1 (finished goods),Nike labels,0,APPAREL|NIKE,MAS|MAS AMITY PTE,False,True,1107.5,False,False,False,True,
LK2020114XECEJR,ORIGINAL APPAREL PRIVATE LIMITED,"WEERAWILA JUNCTION, WEERAWILA, HAMBANTOTA, 82632, SRI LANKA",LK,Sri Lanka,6.2554732,81.2274431,LK-33,False,LK-33,False,,True,False,True,False,False,Tier 1 (finished goods),Nike labels,0,APPAREL|NIKE,MAS,False,False,540.0,False,False,False,False,
LK2020315SX3F8M,Brandix Apparel Solutions Ltd - Essentials (Koggala),"Koggala Export Processing Zone, Lot 27, Koggala, Habaraduwa Southern Province Galle",LK,Sri Lanka,5.998359,80.3078202,LK-31,False,LK-31,False,,True,True,False,True,False,Tier 1 (finished goods),Nike labels,0,APPAREL|NIKE,BRANDIX ASIA,True,False,1200.0,False,True,False,False,
LK20210062GKFG6,"Bodyline (Pvt) Ltd, Plant 02","Kalawallawa Road,Pimbura, Agalawatta , Sri Lanka",LK,Sri Lanka,6.668494,80.1686735,LK-13,False,LK-13,False,,True,False,True,False,False,Tier 1 (finished goods),Nike labels,0,Sportswear|Sports & activewear|APPAREL|NIKE,MAS,False,False,2100.0,False,True,False,False,
LK20210771KXHYA,MAS Active (Pvt) Ltd - Contourline Division,"Kandy Industrial Park , BOI Pallekele , Kandy , Sri Lanka N/A Pallekele 20000 Central Province Sri Lanka",LK,Sri Lanka,7.282199599999999,80.7231339,LK-21,False,LK-21,False,,True,False,True,False,False,Tier 1 (finished goods),Nike labels,0, Home Goods|Accessories|APPAREL|NIKE|Accessories|Apparel,MAS AMITY PTE|MAS|MAS AMITY|MAS ACTIVE TRADING,False,True,2082.0,False,True,False,False,
LK2021139M8XTPJ,BRANDIX APPAREL SOLUTION LTD - ESSENTIALS,"449,NEW KALMUNAI ROAD ARYAMPATHY BATTICALOA, BATTICALOA, BATTICALOA",LK,Sri Lanka,7.721254999999999,81.70122099999999,LK-51,False,LK-51,False,,True,True,False,True,False,Tier 1 (finished goods),Nike labels,0,APPAREL|NIKE,BRANDIX ASIA PTE|BRANDIX ASIA,True,True,3134.0,False,False,False,False,
LK20220650R6TRR,MAXIM IMPRESSION LANKA (PVT) LTD,"62 4 Habarakada Homagama Road, Homagama, Colombo, 10200",LK,Sri Lanka,6.889452,80.01652039999999,LK-11,False,LK-11,False,,True,True,False,True,False,Tier 2 (materials and processing),Nike labels,0,APPAREL|MATERIALS|NIKE,MAXIM,False,False,168.0,False,False,False,False,
LK20220653WEJMV,MAS Active (Pvt) Limited - MAS KREEDA Shadeline,"Mapakadawewa, Gemunupura, Mahiyanganaya, Badulla, Sri Lanka",LK,Sri Lanka,7.3139587,81.0561458,LK-81,False,LK-81,False,,True,False,True,False,False,Tier 1 (finished goods),Nike labels,0,APPAREL|NIKE,MAS|MAS AMITY PTE,False,True,1910.0,False,False,False,False,
LK20222993KXDXE,JK Garments (Pvt) Ltd.,"64/1, Madagalla road, Ibbagamuwa Kurunegala, Ibbagamuwa, North Western 11410",LK,Sri Lanka,7.6337365,80.4346293,LK-61,False,LK-61,False,,True,True,False,True,False,Tier 1 (finished goods),Nike labels,0,APPAREL|NIKE|Apparel manufacturing-Knit and woven casual wear. ,HONSIN|J K GARMENTS,False,True,991.0,False,False,False,False,
LK202413288YM6D,MAS KREEDA Shadeline,MAPAKADEWEWA MAHIYANGANAYA Monaragala 90730,LK,Sri Lanka,7.2893212,81.02577629999999,LK-81,False,LK-81,False,,True,True,False,True,False,Tier 1 (finished goods),Nike labels,0,,MAS ACTIVE|MAS,False,True,156.0,False,False,False,False,
LK2024132V3CH00,MAS KREEDA Balangoda,Weligepola Road Balangoda Ratnapura 70100,LK,Sri Lanka,6.6270577,80.7243737,LK-91,False,LK-91,False,,True,True,False,True,False,Tier 1 (finished goods),Nike labels,0,,MAS,False,False,1170.0,True,False,False,False,
LK2024132VE53G6,MAS KREEDA Vaanavil,Plot No 2 Agriculture Faculty Road Kilinochchi Kilinochchi 42000,LK,Sri Lanka,9.3802886,80.3769999,LK-42,False,LK-42,False,,True,True,False,True,False,Tier 1 (finished goods),Nike labels,0,,MAS,False,False,2353.0,False,False,False,False,
LK2024159SYR838,MAS KREEDA Mihintale,Isuru Uyana Mihintale Anuradhapura 50300,LK,Sri Lanka,8.3534232,80.5049445,LK-71,False,LK-71,False,,True,False,True,False,False,Tier 1 (finished goods),Nike labels,0,,MAS,False,False,1121.0,False,False,False,False,
LK2024192HH90TG,Unichela (Pvt) Ltd – Vidiyal Divisi,"Bharathipuram Road, Ariviyalnagar, Kilinochchi",LK,Sri Lanka,9.3124249,80.402048,LK-42,False,LK-42,False,,True,True,False,True,False,Tier 1 (finished goods),Nike labels,0,APPAREL|NIKE,MAS AMITY PTE SL|MAS,True,True,1968.0,False,False,False,False,
LT2019346AFMNHC,UAB Haltex,"Pramones Str. 1, Alytus, Lt-62175 Lithuania",LT,Lithuania,54.37079629999999,24.0298558,LT-AL,False,LT-AL,False,,True,True,False,True,False,Tier 1 (finished goods),Nike labels,0,APPAREL|NIKE,,True,False,327.0,False,False,False,False,
MA2025212HSQQJ6,AVA MARIE (SITE 1 & SITE 2),"INDUSTRIAL PARK GZENAYA, 174 & 265, Tangier",MA,Morocco,35.7594651,-5.833954299999999,MA-01,False,MA-01,True,licensee,False,False,False,True,False,Tier 1 (finished goods),adidas list,0,,,False,False,820.0,False,False,False,False,
MC202422587GPJ8,COTY Monaco,"6 Avenue Prince Albert II, Monaco",MC,Monaco,43.73841760000001,7.424615799999999,MC-X01~,False,MC-X01~,True,licensee,False,False,False,True,False,Tier 1 (finished goods),adidas list,0,,COTY BV,False,False,148.0,False,False,False,False,
MD201908552WTZ6,ASENA 4,"LENIN STREET NO. 243  KONGAZ,COMRAT   3819",MD,"Moldova, Republic of",46.2921193,28.6550533,MD-GA,False,MD-GA,False,,True,True,False,True,False,Tier 1 (finished goods),Nike labels,0,APPAREL|NIKE,YESIM,False,False,602.0,False,False,False,True,
MD2019085JQZ47X,ASENA TEXTILE,STR KIROVA 142 KAZAYAK CEADIR LUNGA  6113,MD,"Moldova, Republic of",46.0061596,28.6615749,MD-GA,False,MD-GA,False,,True,False,True,False,False,unknown,none,0,,,False,False,248.5,False,False,False,False,
MD2019085QAK7W1,ASENA 3 TEXTIL S.R.L.,SOVETSKAYA NO:5/1 CEADIR LUNGA  7401,MD,"Moldova, Republic of",46.0613723,28.8287662,MD-GA,False,MD-GA,False,,True,False,True,False,False,unknown,none,0,,,False,False,352.0,False,False,False,False,
MD20220655NKRY5,YSA MOL,"STR CEBANOV, TARAKLIA, Gagauzia-- Unitate, 7400",MD,"Moldova, Republic of",46.0979435,28.6384645,MD-GA,False,MD-GA,False,,True,True,False,True,False,Tier 1 (finished goods),Nike labels,0,APPAREL|NIKE,YESIM,False,False,425.0,False,False,False,False,
MG20222929FWGY9,World Knits - Mada S.A.,"Bat. Gross View II -Par Futura Andranomena - Analamanga, Antananarivo, Madagascar",MG,Madagascar,-18.853431,47.4796907,MG-T,False,MG-T,True,primary,False,False,False,True,False,Tier 1 (finished goods),adidas list,0,Apparel,WORLD KNITS|WORLD KNITS MADA WORLD KNITS,False,True,1462.25,False,True,False,False,
MM20191439MJYB6,Myanmar Pou Chen Company Limited,"No.(112/121),NO.4, High Way Road, Thardu Kan Industrial Zone, Shwe Pyi Thar Township, Yangon Region, Myanmar",MM,Myanmar,16.993594,96.0906808,MM-06,False,MM-06,True,primary,False,False,False,True,False,Tier 1 (finished goods),adidas list,0,Footwear,IDEA MACAO COMMERCIAL OFFSHORE|POU CHEN,False,True,3684.0,False,False,False,False,
MM2019143VZ493R,"Bago Sports Gloves Co., Ltd","Plot-32, Bago-Tite Kyi Road,Foreign Industrial Area, Nyang Inn Village ,Bago,Bago",MM,Myanmar,17.2487629,96.4600046,MM-02,False,MM-02,True,primary,False,False,False,True,False,Tier 1 (finished goods),adidas list,0,Golf gloves,NAIGAI,False,False,722.0,False,False,False,False,
MM20212780WE9WZ,Thong Thai Textile (Myanmar) TM2,"No. 151 and 152,Twinthin Teik won U Tun Nyo,Yangon",MM,Myanmar,16.8437193,96.0842454,MM-06,False,MM-06,True,primary,False,False,False,True,False,Tier 1 (finished goods),adidas list,0,Garments,THONG THAI TEXTILE,False,False,1183.5,False,False,False,False,
MM2022145C8S0VJ,Tsang Yih Company Limited,"Plot No.X3-X6, Block No.20, Sabei Street, Anawrahta Industrial Zone, Hlaingtharya Township, Yangon Region, Myanmar",MM,Myanmar,16.8535247,96.0264981,MM-06,False,MM-06,True,primary,False,False,False,True,False,Tier 1 (finished goods),adidas list,0,,RIGHT SOURCE INVESTMENTS,False,False,6824.0,False,False,False,False,
MM202319827FRHM,BAGO SPORTS GLOVES COMPANY LIMITED,"WARD NO. (9), BAGO OAKTHAR MYOTHIT ,PLOT NO.(42), LOCAL INDUSTRIAL ZONE,BAGO TOWNSHIP,BAGO REGION,Bago",MM,Myanmar,17.2733605,96.454676,MM-02,False,MM-02,True,primary,False,False,False,True,False,Tier 1 (finished goods),adidas list,0,Other,,False,False,613.0,False,False,False,False,
MT20240664PBYA2,Playmobil Malta Ltd.,"HF 80 Industrial Estate,Hal Far,",MT,Malta,35.818058,14.5101844,MT-05,False,MT-05,True,primary,False,False,False,True,False,Tier 1 (finished goods),adidas list,0,,GEOBRA BRANDSTATTER AND KG,False,False,877.0,False,False,False,False,
MU2019143K3WEE4,World Knits Ltd. (Quartier Militaire),New Road Vuillemin Quartier Militaire  Militaire 81106  Mauritius,MU,Mauritius,-20.2483065,57.5971647,MU-MO,False,MU-MO,True,primary,False,False,False,True,False,Tier 1 (finished goods),adidas list,0,Apparel,WORLD KNITS MADA WORLD KNITS|WORLD KNITS,False,True,683.0,False,True,False,True,
MU2022299AC66NK,RT KNITS LTD,"Sldc Industrial Estate, La Tour Koenig, Pointe Aux Sables 11123",MU,Mauritius,-20.1765564,57.4703783,MU-PL,False,MU-PL,True,primary,False,False,False,True,False,Tier 1 (finished goods),adidas list,0,,SECTOR APPAREL|SECTOR APPAREL CC,False,True,1500.5,False,True,False,False,
MU2023117CVTHMR,CMT New Phoenix 5,"DBM Industrial Estate, Vacoas-Phoenix, Valentina, 73553 Phoenix",MU,Mauritius,-20.2984026,57.4938355,MU-VP,False,MU-VP,True,primary,False,False,False,True,False,Tier 1 (finished goods),adidas list,0,Fashion|Apparel |Fashion|Fashion,CMT LTEE|COMPAGNIE MAURICIENNE DE TEXTILES LTEE,False,True,1500.5,False,False,False,False,
MX2019083NS3Z6J,Delta Campeche,Carretera Federal No. 180 Km. 175 Colonia El Molon Seybaplaya Campeche,MX,Mexico,19.6386521,-90.6889211,MX-CAM,False,MX-CAM,False,,True,False,True,False,False,Tier 1 (finished goods),Nike labels,0,APPAREL|NIKE,FUN TEES,False,False,808.0,False,False,False,False,
MX20190855AQVYX,CALCETINES DE EXPORTACIÓN SAN JOSÉ S.A. DE C.V,MIRASOLES 12 PUEBLA PUEBLA 0,MX,Mexico,19.0114269,-98.21518890000002,MX-PUE,False,MX-PUE,False,,True,False,True,False,False,Tier 1 (finished goods),Nike labels,0,CONVERSE|APPAREL,,True,False,2.0,False,False,False,False,
MX20190858EE90B,VERTICAL KNITS S.A. DE C.V. (MDC - TIZIMIN),"TABLAJE CATASTRAL 2269 TIZIMIN YUCATAN, MEXICO 97702",MX,Mexico,21.1599834,-88.1434733,MX-YUC,False,MX-YUC,False,,True,True,False,True,False,Tier 1 (finished goods),Nike labels,0,,VERTICAL KNITS,False,False,801.0,False,False,False,True,
MX20190859B3RFW,STYLE MANUFACTURERS,BLVD. SAN JUAN BOSCO NO. 4273  COLONIA LOMAS DEL MIRADOR LEON GUANAJUATO 37358,MX,Mexico,21.1573655,-101.731888,MX-GUA,False,MX-GUA,False,,True,False,True,False,False,unknown,none,0,,,False,False,257.0,False,False,False,False,
MX2019085QMXTRR,"TEXTURERIAS, S.A. DE C.V.",MARIANO ABASOLO 206 SANTIAGO TIANGUISTENCO ESTADO  DE MEXICO 52600,MX,Mexico,19.1823269,-99.471001,MX-MEX,False,MX-MEX,True,primary,True,True,False,True,False,Tier 1 (finished goods),adidas list,0,APPAREL|NIKE,TEXTURERIAS,False,False,331.0,False,False,False,False,
MX2019085WDCMX4,"LEOTEX TEXTILE, S.A. DE C.V.",BLVD. C.T.M. S/N CD. OBREGON SONORA 85097,MX,Mexico,27.4495427,-109.9127378,MX-SON,False,MX-SON,False,,True,False,True,False,False,unknown,none,0,,,False,False,434.0,False,False,False,False,
MX2019085Z6TXME,INOVA TEXTILES S.A. DE C.V.,"EJE 3 Y 4 LOTE, 10 Y 11 PARQUE INDUSTRIAL DE JILOTEPEC JILOTEPEC ESTADO DE MEXICO 54240",MX,Mexico,19.9750829,-99.5214385,MX-MEX,False,MX-MEX,False,,True,False,True,False,False,Tier 1 (finished goods),Nike labels,0,CONVERSE|APPAREL,,True,False,386.0,False,False,False,False,
MX2019093HMJAGE,Vertical Knits - Tizimin,Calle 45 A X 74 Y 76 # 496-A Tizimin Yucatán,MX,Mexico,21.1454686,-88.1496087,MX-YUC,False,MX-YUC,False,,True,False,True,False,False,Tier 1 (finished goods),Nike labels,0,APPAREL|NIKE,VERTICAL KNITS DE CV|VERTICAL KNITS,False,True,727.5,False,False,False,False,
MX2019093X8XKAW,VERTICAL KNITS S.A. DE C.V.,CALLE 20 #131 C  X 27 Y 29 BACA YUCATAN 97450,MX,Mexico,21.1006647,-89.398269,MX-YUC,False,MX-YUC,False,,True,True,False,True,False,Tier 1 and 2 (conflicting reports),Nike labels,0,APPAREL|NIKE,VERTICAL KNITS DE CV|VERTICAL KNITS,False,True,2236.0,False,False,False,False,
MX2019143FBQ0KX,"Industrias Manufactureras Myr, S.A. de C.V. - Sewing plant",Carretera Irapuato-Abasolo Km 5 Col. La Garrida  Irapuato 36590 Guanajuato Mexico,MX,Mexico,20.6425342,-101.3796562,MX-GUA,False,MX-GUA,True,primary,False,False,False,True,False,Tier 1 (finished goods),adidas list,0,,INDUSTRIAS MANUFACTURERAS MYR,False,False,1579.25,False,False,False,True,
MX2020070B4JSJW,Contratistas y Maquilas de México SA de CV   –  Planta de Terminado  (previously Manufacturas Kaltex),"Rancho los Mejia S/N, Barrio del Espiritu Santo",MX,Mexico,20.4060183,-100.0127158,MX-QUE,False,MX-QUE,False,,True,False,True,False,False,Tier 1 (finished goods),Nike labels,0,CONVERSE|APPAREL,,True,False,1387.0,False,False,False,False,
MX2020315XRC27W,Intimark S.A. De C.V. (Intimark II),Av. Ricardo Blanco S/N Esq. Preparatoria Colonia Barrio Primero State of Mexico San Bartolo Morelos,MX,Mexico,19.7772666,-99.6716369,MX-MEX,False,MX-MEX,True,primary,False,False,False,True,False,Tier 1 (finished goods),adidas list,0,,BRANDIX ASIA PTE,False,False,218.25,False,False,False,False,
MX20220656ANXSH,STYLE MANUFACTURERS,"CARRETERA LEON LAGOS DE MORENO 2237 INTERIOR 1 Y 2, LEON, Guanajuato, 37690",MX,Mexico,21.168274,-101.6929941,MX-GUA,False,MX-GUA,False,,True,False,True,False,False,Tier 1 (finished goods),Nike labels,0,APPAREL|NIKE,,True,False,333.0,False,False,False,False,
MX202234706QG17,Vertical Knits – Campeche,"Street Baja Velocidad Número 108 Por Prolongación Ramon Espinola Blanco, Campeche",MX,Mexico,19.8427178,-90.4871957,MX-CAM,False,MX-CAM,False,,True,True,False,True,False,Tier 1 (finished goods),Nike labels,0,,VERTICAL KNITS DE CV|VERTICAL KNITS S A,False,True,210.0,False,False,False,False,
MX2022347H3AR4K,Coats Mexico S.A. de C.V.,"Anillo Perif. 3325, San Jerónimo Lídice, Jardines Del Pedregal, Álvaro Obregón, Mexico City",MX,Mexico,19.3304396,-99.21073709999999,MX-DIF,False,MX-DIF,True,wet process,False,False,False,True,False,Tier 2 (materials and processing),adidas list,0,,COATS THREAD|COATS,False,True,,False,False,False,False,
MX2023198DH9PC7,Lecteus S.A de C.V,"Dr. Andrade No. 47 Local B,Colonia Doctores,Delegación Cuauhtémoc,México,Distrito Federal",MX,Mexico,19.4219005,-99.14551800000001,MX-DIF,False,MX-DIF,True,primary,False,False,False,True,False,Tier 1 (finished goods),adidas list,0,,,False,False,23.0,False,False,False,False,
MX2024132EDV9VD,Zentrix Huamantla,Calle Virgen de la Caridad 1 Huamantla Tlaxcala 90500,MX,Mexico,19.3164542,-97.92152999999999,MX-TLA,False,MX-TLA,False,,True,True,False,True,False,Tier 1 (finished goods),Nike labels,0,,ZENTRIX,False,False,1331.5,False,False,False,False,
MX2024132G09TDK,DOG STYLE SA DE CV,CARRETERA LEON LAGOS DE MORENO NO 2237 LEON GTO Guanajuato 37690,MX,Mexico,21.1952497,-101.750828,MX-GUA,False,MX-GUA,False,,True,True,False,True,False,Tier 1 (finished goods),Nike labels,0,,DOG STYLE,False,False,371.0,False,False,False,False,
MX2024132J667ND,Grumax,Av Lazaro Cardenas S N Xalapa Veracruz 91180,MX,Mexico,19.5689092,-96.9290805,MX-VER,False,MX-VER,False,,True,True,False,True,False,Tier 1 (finished goods),Nike labels,0,,GRUPO,False,False,591.0,False,False,False,False,
MX2026042B4ZCYD,INTIMARK S de R. L. de C.V.,"Conjunto Urbano Inds, Lote 13, 14Y 15 Ixtlahuaca, Mexico City, Distrito Federal",MX,Mexico,19.4736233,-99.1248628,MX-DIF,False,MX-DIF,True,primary,False,False,False,True,False,Tier 1 (finished goods),adidas list,0,,,False,False,333.0,False,False,False,False,
MY20190856GF7P1,HONSIN APPAREL SDN. BHD.,531 BATU 2 1/2 BATU PAHAT JOHOR 83000,MY,Malaysia,1.8630868,102.9640818,MY-01,False,MY-01,False,,True,True,False,True,False,Tier 1 (finished goods),Nike labels,0,APPAREL|NIKE|Apparel|Apparel,HONSIN|PROLEXUS BERHAD|TECHBASE INDUSTRIES BERHAD,False,True,949.5,False,False,False,False,
MY20190856KTYWC,UNITED SWEETHEARTS GARMENT SDN BHD,"846, JALAN RAYA SUNGAI  BAKAP PENANG 14209",MY,Malaysia,5.226061,100.4948269,MY-07,False,MY-07,False,,True,False,True,False,False,Tier 1 (finished goods),Nike labels,0,APPAREL|NIKE,UNITED SWEETHEART,False,False,1069.5,False,False,False,False,
MY20190858E1X0K,SOUTH ISLAND GARMENT SDN. BHD.,"2468, SOLOK PERUSAHAAN DUA, KAWASAN PERUSAHAAN PRAI PRAI PENANG 13600",MY,Malaysia,5.3746369,100.3838757,MY-07,False,MY-07,False,,True,True,False,True,False,Tier 1 (finished goods),Nike labels,0,APPAREL|NIKE,SOUTH ISLAND,False,False,539.0,False,False,False,False,
MY2019085FRD84Z,Ramatex Textiles Industrial Sdn Bhd,"PLO 230, Kawasan Perindustrian Sri Gading, 83000 Batu Pahat, Johor, Malaysia.",MY,Malaysia,1.863813,102.99937,MY-01,False,MY-01,False,,True,True,False,True,False,Tier 2 (materials and processing),Nike labels,0,MATERIALS|APPAREL|NIKE|Cotton,RAMATEX|TAI WAH,False,True,3678.0,False,False,False,False,
MY2019085J8QCZV,Tai Wah Garments Industry Sdn Bhd,"G-15-2, JALAN TAN YOKE FONG JOHOR DARUL TAKZIM JOHOR 81000 - Malaysia",MY,Malaysia,1.6655695,103.6022729,MY-01,False,MY-01,False,,True,True,False,True,False,Tier 1 (finished goods),Nike labels,0,APPAREL|NIKE,GIMMEL|TAI WAH|RAMATEX,False,True,1391.0,False,False,False,False,
MY2019085QGYADV,TAI WAH GARMENTS INDUSTRY SDN. BHD (SEGAMAT),"LOT  451, JALAN PERKASA SEGAMAT JOHOR 85000",MY,Malaysia,2.5057084,102.8359718,MY-01,False,MY-01,False,,True,False,True,False,False,Tier 1 (finished goods),Nike labels,0,APPAREL|NIKE,TAI WAH,False,False,842.0,False,False,False,True,
MY2019085VBGEJN,TAI WAH GARMENTS INDUSTRY SDN. BHD.- KL1,"60 & 70B, JALAN HAJI MANAN KLUANG JOHOR 86000",MY,Malaysia,3.059962,101.59334,MY-10,False,MY-10,False,,True,False,True,False,False,Tier 1 (finished goods),Nike labels,0,APPAREL|NIKE,TAI WAH,False,False,474.0,False,False,False,False,
MY2023291VG3GH8,Song Lin Garment Sdn Bhd,"Lot 2552, Jalan Kluang, Mukim Simpang Kanan, 83000 Batu Pahat, Johor, Malaysia.",MY,Malaysia,1.8649694,102.9716424,MY-01,False,MY-01,False,,True,True,False,True,False,Tier 1 (finished goods),Nike labels,0,,RAMATEX,False,False,925.0,False,False,False,False,
NI2019085EEBP7M,ANNIC II - ,"Parque Industrial Las Palmeras, Km 45 1/2, Carretera San Marcos-Masatepe, Nicaragua ",NI,Nicaragua,11.904937,-86.172938,NI-CA,False,NI-CA,True,primary,True,True,False,True,False,Tier 1 (finished goods),adidas list,0,APPAREL|NIKE|Apparel,GILDAN|GILDAN ACTIVEWEAR,False,True,5128.0,False,True,False,False,
NI2019085MYRGQ1,NEW HOLLAND APPAREL DE NICARAGUA S A,"PARQUE INDUSTRIAL ASTRO NICARAGUA, MODULO 2 MANAGUA",NI,Nicaragua,12.16342,-86.09073,NI-MN,False,NI-MN,False,,True,False,True,False,False,Tier 1 (finished goods),Nike labels,0,APPAREL|NIKE,TEGRA,False,False,0.0,False,False,False,False,
NI201909863RQV7,"Istmo Textil Nicaragua, S.A. (Masaya)","Union Fenonsa, 200 mts,Al Sur Km 32 carretera al Masaya,Masaya,Masaya,Nicaragua",NI,Nicaragua,11.9952228,-86.1012995,NI-MS,False,NI-MS,True,licensee,False,False,False,True,False,Tier 1 (finished goods),adidas list,0,,SHINSUNG TONGSANG,False,False,3241.0,False,False,False,False,
NL2019085ANA4ZZ,BADGE PROMOTIONS BV,INDUSTRIEWEG 3 WOERDEN,NL,Netherlands,52.0809967,4.8813352,NL-UT,False,NL-UT,False,,True,False,True,False,False,Tier 1 (finished goods),Nike labels,0,APPAREL|NIKE,EUROCAP,False,False,18.0,False,False,False,False,
NL2019085GWAVW0,Rietveld Serigrafie B.V.,"Industrieweg 50, 2382NW, Zoeterwoude, NL",NL,Netherlands,52.1368792,4.5241003,NL-ZH,False,NL-ZH,False,,True,True,False,True,False,Tier 1 (finished goods),Nike labels,0,Apparel|APPAREL|NIKE,AVERY DENNISON|RIETVELD,False,True,31.0,False,False,False,False,
NL2024225DQ61TG,Moton Lubricants BV,"Wiltonstraat 17, Assen, Drenthe",NL,Netherlands,53.0082823,6.5754381,NL-DR,False,NL-DR,True,licensee,False,False,False,True,False,Tier 1 (finished goods),adidas list,0,,,False,False,23.0,False,False,False,False,
NL2024225E9RJ1D,HYGENIQ BV,"Lenteweg 15, Enschede, Overijssel",NL,Netherlands,52.2229268,6.949674099999999,NL-OV,False,NL-OV,True,licensee,False,False,False,True,False,Tier 1 (finished goods),adidas list,0,,,False,False,24.0,False,False,False,False,
NL2025071D9YFQ5,Allshoes Benelux,"Koivistokade 80, Amsterdam",NL,Netherlands,52.3967622,4.8725464,NL-NH,False,NL-NH,True,primary,False,False,False,True,False,Tier 1 (finished goods),adidas list,0,,BUNZL,False,False,205.0,False,False,False,False,
NL2025071NYARGG,VIP VOF,"Etruskenweg 32 g, OSS, BRABANT, Noord-Brabant",NL,Netherlands,51.763542,5.559868,NL-NB,False,NL-NB,True,licensee,False,False,False,True,False,Tier 1 (finished goods),adidas list,0,,,False,False,30.0,False,False,False,False,
NL20252119CGN78,INUTEQ INTERNATIONAL,"Osnabrückstraat 30, BN Deventer",NL,Netherlands,52.2396509,6.1853998,NL-OV,False,NL-OV,True,primary,False,False,False,True,False,Tier 1 (finished goods),adidas list,0,,,False,False,8.0,False,False,False,False,
PH2019083JHCJFZ,Feeder Apparel Corp.,"Block C5,5th St. Cor. 2nd Ave. MEZ 1,Lapu-Lapu / Cebu",PH,Philippines,10.3285407,123.9848224,PH-LAP,False,PH-LAP,False,,True,False,True,False,False,Tier 1 (finished goods),Nike labels,0,Apparel|APPAREL|NIKE,SPORTS CITY,False,False,1049.5,False,False,False,False,
PH2020344XQ5G3K,Vertex One Apparel Philippines,"Lot 8  Crescent Road, Cebu Light Industrial Park, Basak, Lapu-Lapu City 6015   Lapu-Lapu",PH,Philippines,10.2947258,123.9644937,PH-LAP,False,PH-LAP,False,,True,True,False,True,False,Tier 1 (finished goods),Nike labels,0,Apparel|Apparel|Jacket|Shorts|T-shirt|Pants,SPORTS CITY|SINTEX INTERNATIONAL SPORTS CITY INTERNATIONAL,False,True,2151.0,False,False,False,False,
PH2022300XM71KD,"TMX Philippines., Inc","MEPZ 1, Ibo, Cebu,  Lapu Lapu City, Central Visayas",PH,Philippines,10.327697,123.9839609,PH-LAP,False,PH-LAP,True,licensee,False,False,False,True,False,Tier 1 (finished goods),adidas list,0,,TIMEX NETHERLAND B V,False,False,1090.0,False,False,False,False,
PH2024047CYV9C5,Maxpro Sports Manufacturing Inc.,"Phil Bright Corp. Lot 1, Block 8 Hermosa Ecozone Industrial Park, Bataan, Philippines",PH,Philippines,14.8419509,120.4625544,PH-BAN,False,PH-BAN,False,,True,True,False,True,False,Tier 1 (finished goods),Nike labels,0,,MAXPRO,False,False,271.5,False,False,False,False,
PK2019085N3PBYB,STYLE TEXTILE (PVT) LTD.,"126/3, KOT LAKHPAT INDUSTRIAL ESTATE LAHORE PUNJAB 54770",PK,Pakistan,31.4519336,74.32553130000001,PK-PB,False,PK-PB,False,,True,True,False,True,False,Tier 1 (finished goods),Nike labels,0,APPAREL|NIKE,,False,False,3524.0,False,False,False,False,
PK2019085NN7HA0,STYLE TEXTILE IV,"25 KM, MULTAN ROAD LAHORE PUNJAB 54500",PK,Pakistan,31.3956176,74.1535132,PK-PB,False,PK-PB,False,,True,True,False,True,False,Tier 1 (finished goods),Nike labels,0,APPAREL|NIKE,STYLE TEXTILE,False,False,3491.5,False,False,False,False,
PK20190913BBJ2Y,Interloop Ltd HD 2,7 Km Khurrianwala Jaranwala Road Khurrianwala Faisalabad,PK,Pakistan,31.4903319,73.278021,PK-PB,False,PK-PB,True,primary,True,True,False,True,False,Tier 1 (finished goods),adidas list,0,Baby|Accessories|Textile|Accessories| Baby|Textile| Socks|Textile|EQUIPMENT|NIKE|Acessories|socks|Textile|ACCESSORIES|socks,POWERPLAY BRANDS|EURO SOX PLUS BV|INTERLOOP|EURO SOX PLUS BV VOORHEEN INTERLOOP 87954|INTERLOOP HOSIERY DIVISION II,False,True,7500.0,False,True,False,False,
PK2019143HMYKEK,Veer Sports ( Pvt ) Ltd,"Export Processing Zone, Wazirabad Road   Sialkot 51070  Pakistan",PK,Pakistan,32.4944991,74.5228916,PK-PB,False,PK-PB,True,primary,False,False,False,True,False,Tier 1 (finished goods),adidas list,0,,FORWARD GEAR,False,False,1024.0,False,False,False,False,
PK2019143MB0KJK,Style Textile (Pvt) Ltd.Unit 5,"37, KM, Multan Road   Lahore  55270 Punjab Pakistan",PK,Pakistan,31.48463439999999,74.2548563,PK-PB,False,PK-PB,True,primary,False,False,False,True,False,Tier 1 (finished goods),adidas list,0,,STYLE TEXTILE,False,False,3803.0,False,False,False,False,
PK2019143S854B4,Style Textile (Pvt) Ltd - Sundar,Block A (Plot No.-143) Block B (Plot No.152-A) Block C (Plot No.154-A) & Block D (Plot No.153-B) Sundar Industrial Estate,PK,Pakistan,31.2883215,74.17390569999999,PK-PB,False,PK-PB,True,primary,True,False,True,True,False,Tier 1 (finished goods),adidas list,0,APPAREL|NIKE,STYLE TEXTILE,False,False,3812.5,False,False,False,False,
PK2019266805FK4,Ali Trading Company (Pvt) Ltd.,6KM Daska Road Sialkot Punjab,PK,Pakistan,32.429872,74.4762245,PK-PB,False,PK-PB,True,licensee,False,False,False,True,False,Tier 1 (finished goods),adidas list,0,Accessories,,False,False,750.5,False,False,False,False,
PK2020084TFF3CJ,INTERLOOP LTD. HOISERY DIVISION-03,"8-KM MANGA RAIWIND ROAD, RAIWIND 54600, LAHORE",PK,Pakistan,31.2469396,74.2045119,PK-PB,False,PK-PB,True,primary,False,False,False,True,False,Tier 1 (finished goods),adidas list,0,Accessories|Accessories|Accessories|socks|ACCESSORIES|socks,INTERLOOP,False,False,2938.75,False,False,False,False,
PK2020191W50PCD,Penna overseas corporation,"12 KM Daska Road Sialkot, Sialkot",PK,Pakistan,32.40838,74.45406910000001,PK-PB,False,PK-PB,True,licensee,False,False,False,True,False,Tier 1 (finished goods),adidas list,0,,,False,False,802.0,False,False,False,False,
PK20210771BTZF2,Forward Sports,"Forward Sports (Pvt.) Ltd. Adda Sahowala Wazirabad Road, Sialkot",PK,Pakistan,32.479188,74.415063,PK-PB,False,PK-PB,True,primary,False,False,False,True,False,Tier 1 (finished goods),adidas list,0,,FORWARD EGYPT,False,False,3311.0,False,False,False,False,
PK2021077HXAZGN,Capital Sports Corporation (Pvt) Ltd.,"Village Kopra Wazirabad Road Sambrial, Sialkot Sambrial, Sialkot 51070 Punjab Pakistan",PK,Pakistan,32.47799850000001,74.4168625,PK-PB,False,PK-PB,True,primary,False,False,False,True,False,Tier 1 (finished goods),adidas list,0,,,False,False,176.0,False,False,False,False,
PK2021139JNYSCQ,"STYLE TEXTILE(PVT.) LIMITED, (MANGA)","2.5 KM, OFF MANGA RAIWIND ROAD, KASUR/LAHORE, PUNJAB",PK,Pakistan,31.267799,74.1175988,PK-PB,False,PK-PB,True,wet process,True,True,False,True,False,Tier 2 (materials and processing),adidas list,0,MATERIALS|APPAREL|NIKE,STYLE TEXTILE,False,False,9968.5,True,True,False,False,
PK20211592C9N0V,Force FIve,"14km Daska Road Fazalabad Stop., Sialkot",PK,Pakistan,32.4381071,74.4835197,PK-PB,False,PK-PB,True,licensee,False,False,False,True,False,Tier 1 (finished goods),adidas list,0,Sportswears,,False,False,646.0,True,False,False,False,
PK2022173WAZBQK,Interloop Ltd. (Denim Unit),"8-KM Manga Raiwind Road, District Kasur, Punjab",PK,Pakistan,31.2557627,74.1728486,PK-PB,False,PK-PB,True,primary,False,False,False,True,False,Tier 1 (finished goods),adidas list,0,Garment Textiles,INTERLOOP,False,False,5533.0,False,False,False,False,
PK2022216DKSSEA,Interloop Limited-Apparel Division,"Chak No 117 / JB Millat Road, Dhanola, Faisalabad,  , Faisalabad, Punjab, 38000",PK,Pakistan,31.4692511,73.0287209,PK-PB,False,PK-PB,True,primary,False,False,False,True,False,Tier 1 (finished goods),adidas list,0,KNIT TOPS|Circular Knit|Flat Knit,BRAND MACHINE INTERNATIONAL|INTERLOOP HOSIERY DIVISION II|INTERLOOP,False,True,3000.0,False,True,False,False,
PK20222927827AG,Mansha & Brothers PVT.Ltd.,"Wazirabad Road, Ugoki, Sialkot, Punjab 51310",PK,Pakistan,32.4784473,74.41684889999999,PK-PB,False,PK-PB,True,licensee,False,False,False,True,False,Tier 1 (finished goods),adidas list,0,,,False,False,1300.0,False,False,False,False,
PK2022300EKG00N,BOX RING,"MAQBOOL ROAD ,NOAL MORE OPP WAZIRABAD ROAD,  SIALKOT, Punjab",PK,Pakistan,31.3978407,73.0877736,PK-PB,False,PK-PB,True,licensee,False,False,False,True,False,Tier 1 (finished goods),adidas list,0,,,False,False,248.0,False,False,False,False,
PK2022300J8CE1S,Anwar Khawaja Composite,"Anwar Khawaja Yard, Sadra Badra, Daska road,  Sialkot, Punjab",PK,Pakistan,32.47305950000001,74.518245,PK-PB,False,PK-PB,True,licensee,False,False,False,True,False,Tier 1 (finished goods),adidas list,0,,,False,False,652.0,False,False,False,False,
PK2022300K0JHD7,XPRO Sportswear PVT. LLC.,"Near Catholic Church, AADHA, Daska Road,  Sialkot, Punjab",PK,Pakistan,32.4362412,74.4810947,PK-PB,False,PK-PB,True,licensee,False,False,False,True,False,Tier 1 (finished goods),adidas list,0,,,False,False,31.0,False,False,False,False,
PK2023146JM6FAJ,YKK Pakistan Pvt. Ltd.,"Plots#1-23, Sectors E-I & E-II, KARACHI",PK,Pakistan,24.8607343,67.0011364,PK-SD,False,PK-SD,True,wet process,False,False,False,True,False,Tier 2 (materials and processing),adidas list,0,Fastening Products |Zip pullers |Zips |Apparels,YKK|YKK YOSHIDA KOGYO KABUSHIKIKAISHA,False,True,357.25,False,False,True,False,
PK2023271EJPGF1,Style Textile (Pvt) Limited (Raiwind),"8-KM Manga Raiwind Road , District Kasur, 55150 Lahore, Punjab",PK,Pakistan,31.267799,74.1175988,PK-PB,False,PK-PB,True,primary,False,False,False,True,False,Tier 1 (finished goods),adidas list,0,,STYLE TEXTILE QIE|STYLE TEXTILE,False,True,20120.0,True,True,False,False,
PK2023271W6DRZJ,STYLE TEXTILE (PVT.) LTD. UNIT NO. 2,"112/18, KOT LAKHPAT INDUSTRIAL ESTATE LAHORE PUNJAB 54770",PK,Pakistan,31.446742,74.3264869,PK-PB,False,PK-PB,False,,True,False,True,False,False,Tier 1 (finished goods),Nike labels,0,APPAREL|NIKE,STYLE TEXTILE,False,False,339.0,False,False,False,False,
PK202400957HKMG,Paxar Pakistan Pvt Ltd.,"Plot # 26, Sector # 24, Korangi Industrial Area",PK,Pakistan,24.8378192,67.1252007,PK-SD,False,PK-SD,True,wet process,False,False,False,True,False,Tier 2 (materials and processing),adidas list,0,Labels|LABELS,AVERY DENNISON,False,False,300.0,False,False,False,False,
PK2024132MFPNRF,M S STYLE TEXTILE (PVT.) LIMITED (SUNDER) - unit VI,PLOT NO 143 to 146 and 151 to 155 Lahore Punjab 54700,PK,Pakistan,31.4831365,74.4003113,PK-PB,False,PK-PB,False,,True,True,False,True,False,Tier 1 (finished goods),Nike labels,0,,STYLE TEXTILE,False,False,4837.5,False,False,False,False,
PK2024132YZ2ZS0,Style Raiwind,8 Km Off Manga Raiwind Road Kasur Punjab 55140,PK,Pakistan,31.2633166,74.1388542,PK-PB,False,PK-PB,False,,True,True,False,True,False,Tier 1 (finished goods),Nike labels,0,,STYLE TEXTILE,False,False,13213.0,False,False,False,False,
PK2024197MJ7Z22,Interloop Limited Apparel Park,"Bypass Khurrianwala, Jaranwala Road, Khurrianwala, Tehsil Jaranawala, District Faisalabad, 37630",PK,Pakistan,31.489147,73.2824691,PK-PB,False,PK-PB,True,primary,False,False,False,True,False,Tier 1 (finished goods),adidas list,0,Legwear|Accessories|Accessories| Legwear|Accessories,INTERLOOP,False,False,9151.0,True,False,False,False,
PK202421488ZAPS,Interloop Limited (Hosiery Division I),"1-Km Khurrianwala-Jaranwala Road, Khurrianwala-faisalabad, Faisalabad, Pakistan",PK,Pakistan,31.489147,73.2824691,PK-PB,False,PK-PB,True,primary,False,False,False,True,False,Tier 1 (finished goods),adidas list,0,Accessories|Accessories|Accessories|Apparel|socks|ACCESSORIES|socks,INTERLOOP HOSIERY DIVISION II|INTERLOOP|BAREFOOT INTERNATIONAL BV|BAREFOOT INTERNATIONAL BV INTERLOOP,False,True,4250.5,True,True,False,False,
PK2024225VKVN8J,Awan Sports Industries Pvt. Ltd (Unit 5),"9km Aadah, Daska Road, Sialkot, 51310, Pakistan, Sialkot, Punjab",PK,Pakistan,32.4381071,74.4835197,PK-PB,False,PK-PB,True,primary,False,False,False,True,False,Tier 1 (finished goods),adidas list,0,,,False,False,1908.0,True,False,False,False,
PK202623356SSR2,J&P COATS PAKISTAN (PVT) LTD.,"MOUZA BHOBTIAN, 10.5 KM, RAIWIND R, 51451, LAHORELAHORE",PK,Pakistan,31.2448759,74.213717,PK-PB,False,PK-PB,True,wet process,False,False,False,True,False,Tier 2 (materials and processing),adidas list,0,,COATS THREAD,False,False,,False,False,False,False,
PL201931810PH95,Lynka Spólka z organiczona odpowiedzialnoscia [Lynka Limited Liability Company],"Majdzika 16, Skawina",PL,Poland,49.9922924,19.8277885,PL-MA,False,PL-MA,False,,True,False,True,False,False,unknown,none,0,,,False,False,,False,False,False,False,
PL2022065SYJKQ0,Lynka Sp. z o.o.,"Majdzika 16, Skawina, Malopolskie, 32-050",PL,Poland,49.9919316,19.8295723,PL-MA,False,PL-MA,False,,True,False,True,False,False,Tier 1 (finished goods),Nike labels,0,APPAREL|NIKE,LYNKA,False,False,286.0,False,False,False,False,
PL2022300R7KJDP,ColepCCL Polska,"Ul. Przemyslowa 10,  Kleszczów, Lodz",PL,Poland,51.213821,19.296488,PL-LD,False,PL-LD,True,licensee,False,False,False,True,False,Tier 1 (finished goods),adidas list,0,,RAR SOCIEDADE DE CONTROLE S A,False,False,558.0,False,False,False,False,
PT20191437CHJR6,P&R Texteis S. A.,"Avenida Central, nr. 45 Tamel São Veríssimo   Barcelos 4750 - 721 Braga Portugal",PT,Portugal,41.538311,-8.597396,PT-03,False,PT-03,True,primary,False,False,False,True,False,Tier 1 (finished goods),adidas list,0,Technical Sports Apparel|Technical Sports Apparel|Apparel |Technical Sports Apparel,P AND R TEXTEIS,False,False,185.0,False,False,False,False,
PT2019143GEAZCB,P&R (Esposende),"Rua do Agrelo - Rio de Moínhos, 4740-577 - Marinhas, Esposende    Esposende 4740  Braga Portugal",PT,Portugal,41.5706732,-8.7865114,PT-03,False,PT-03,True,primary,False,False,False,True,False,Tier 1 (finished goods),adidas list,0,,P AND R TEXTEIS S A,False,False,41.0,False,False,False,False,
PT2022300HRFJKA,"Colep Portugal, SA","Rua Comendador Arlindo Soares Pinho no. 1977, Lordelo Vila Cha., Vale de Cambra, Aveiro",PT,Portugal,40.8437118,-8.4107475,PT-01,False,PT-01,True,licensee,False,False,False,True,False,Tier 1 (finished goods),adidas list,0,Hardware,AEROX AG|RAR SOCIEDADE DE CONTROLE S A,False,True,338.0,False,False,False,False,
PT20231645W9M7V,"J.S.B. OLIVEIRA&OLIVEIRA, LDA","Rua de Campelo, Nº 323 Tamel São Veríssimo 4750-757",PT,Portugal,41.5552112,-8.5920366,PT-03,False,PT-03,True,primary,False,False,False,True,False,Tier 1 (finished goods),adidas list,0,,,False,False,47.0,False,False,False,False,
PT20242637DE2TN,"Carjobel - Modas, Lda","Rua Alberto Miranda da Costa 574, 4760-474 Cavalões",PT,Portugal,41.4244498,-8.5670786,PT-03,False,PT-03,True,primary,False,False,False,True,False,Tier 1 (finished goods),adidas list,0, Textile Product,,False,False,35.0,False,False,False,False,
PT202507138W668,Lopelive unipessoal Lda,"Travessa do Combre Nº80 Lijó, Barcelos, Braga",PT,Portugal,41.5709915,-8.6021215,PT-03,False,PT-03,True,primary,False,False,False,True,False,Tier 1 (finished goods),adidas list,0,,,False,False,10.0,False,False,False,False,
PT2025211W000XA,CM Socks Portugal,"Fojo Carreira, Vila Nova De Famalicao, Portugal, Braga, Carreira, Braga",PT,Portugal,41.3682001,-8.4411082,PT-13,False,PT-13,True,primary,False,False,False,True,False,Tier 1 (finished goods),adidas list,0,,EXCEPTIO,False,False,128.0,False,False,False,False,
SI2019143KPJ12E,Etiketa Tiskarna D.D.,Industrijska ulica 6   Ziri 4226 Ziri Slovenia,SI,Slovenia,46.0515254,14.1077276,SI-147,False,SI-147,True,primary,False,False,False,True,False,Tier 1 (finished goods),adidas list,0,,SIPESA S A,False,False,214.0,False,False,False,False,
SV2019083GRBA74,Varsity Pro Ltda. De. C.V.,"Km. 36 Carretera a Santa Ana, Zona Franca American Park, Calle Canada, Poligono H Cuidad Arce San Salvador",SV,El Salvador,13.8142912,-89.4215937,SV-LI,False,SV-LI,True,primary,False,False,False,True,False,Tier 1 (finished goods),adidas list,0,,,False,False,1724.0,False,False,False,False,
SV2019083M3XTR6,PETTENATI CENTRO AMERICA SA DE CV,"KM. 42, CARRETERA A SANTA ANA, MUNICIPIO DE COATEPEQUE, COATEPEQUE, SAN SALVADOR, N/A, EL SALVADOR",SV,El Salvador,13.6929403,-89.2181911,SV-SS,False,SV-SS,True,wet process,True,True,False,True,False,Tier 2 (materials and processing),adidas list,0,NIKE|APPAREL|MATERIALS|MATERIALS APPAREL NIKE,PETTENATI,False,False,850.0,False,False,False,False,
SV2019083SPJPB2,Textiles La Paz (Fun Tees),Zona Franca El Pedregal Km 46.5 C. Carretara A La Herradura Rosario La Paz La Paz,SV,El Salvador,13.4630073,-89.0165832,SV-PA,False,SV-PA,False,,True,True,False,True,False,Tier 1 (finished goods),Nike labels,0,NIKE|APPAREL|Apparel|Apparel,FUN TEES|DELTA APPAREL|FUNTEES,False,True,2883.0,False,True,False,False,
SV2019085FG7V47,SUPERTEX EL SALVADOR S.A. DE C.V.,KM. 76.5 BY PASS NORTE CHALCHUAPA SANTA ANA,SV,El Salvador,13.9892814,-89.6934879,SV-SA,False,SV-SA,True,primary,True,True,False,True,False,Tier 1 (finished goods),adidas list,0,Apparel,SUPERTEX S A|SUPERTEX,False,True,1851.0,False,False,False,False,
SV2019085X74GZS,"DECOTEX INTERNATIONAL, LDTA DE C.V.",AMERICAN INDUSTRIAL PARK BLOCK H CALLE CANADA CIUDAD ARCE LA LIBERTAD Zona 13,SV,El Salvador,13.814184,-89.4199398,SV-LI,False,SV-LI,False,,True,True,False,True,False,Tier 1 (finished goods),Nike labels,0,Apparel|NIKE|APPAREL|Apparel|Apparel,DECOTEX INTERNATIONAL|TEGRA GLOBAL|TEGRA,False,True,2050.0,False,False,False,False,
SV2019087X2QF1A,"INDUSTRIAS MERLET, S.A. DE C.V.",Calle Circunvalacion No 3 Poligono A Antiguo Cuscatlan La Libertad 1502,SV,El Salvador,13.6696487,-89.2487613,SV-LI,False,SV-LI,False,,True,True,False,True,False,Tier 1 (finished goods),Nike labels,0,KNIT,NEWTIMES AMERICA|INDUSTRIAS MERLET,False,True,1068.0,False,False,False,False,
SV201909666QXEJ,Confecciones del Valle S.A. de C.V.,"Exportsalva Free Zone, Km 24 Carretera a Santa Ana. Colón. La Libertad. El Salvador",SV,El Salvador,13.729986,-89.35695799999999,SV-LI,False,SV-LI,True,primary,False,False,False,True,False,Tier 1 (finished goods),adidas list,0,Apparel,CONFECCIONES DEL VALLE DE CV|CONFECCIONES DEL VALLE S A DE CV,False,True,3628.0,False,False,False,False,
SV2019100PY3A6X,TEXTUFIL,"12 AVENIDA SUR, SOYAPANGO, SAN SALVADOR, San Salvador",SV,El Salvador,13.6998411,-89.1416114,SV-SS,False,SV-SS,True,wet process,False,False,False,True,False,Tier 2 (materials and processing),adidas list,0,,TEXTUFIL S A DE C V,False,False,980.0,False,False,False,False,
SV20191438FTQEK,SUPERTEX LOURDES S.A. DE C.V.,"KM 26.10 Carretera Panamericana Intercomplex Industrial Park, Block A.  San Juan Opico n/a La Libertad El Salvador",SV,El Salvador,13.7508905,-89.3669128,SV-LI,False,SV-LI,True,primary,False,False,False,True,False,Tier 1 (finished goods),adidas list,0,Apparel|Apparel,SUPERTEX|SUPERTEX S A,False,True,600.25,True,False,False,False,
SV2019143EBPYAM,Grupo Miguel SA. de CV.,"Complejo Industrial Intercomplex, km 26 1/2 carretera a Santa Ana   San Juan Opico NA La Libertad El Salvador",SV,El Salvador,13.7508905,-89.3669128,SV-LI,False,SV-LI,True,primary,False,False,False,True,False,Tier 1 (finished goods),adidas list,0,,,False,False,360.0,True,False,False,False,
SV2022064QJYPMA,SCREEN PRINT SOLUTIONS,"ZONA FRANCA, EXPORT SALVA EDIFICIO #9 C KM. 24 A CARRETERA A SANTA ANA, LOURDES, 503",SV,El Salvador,13.9778279,-89.56391190000001,SV-SA,False,SV-SA,True,primary,False,False,False,True,False,Tier 1 (finished goods),adidas list,0,,CONFECCIONES DEL VALLE S A DE CV,False,False,91.0,False,False,False,False,
SV2022292GEG8F1,"Swisstex Direct, LLC","Km 26 + 100 Carretera Santa Ana, Complejo Industrial Intercomplex, San Juan Opico, La Libertad CP 1512",SV,El Salvador,13.7508905,-89.3669128,SV-LI,False,SV-LI,True,wet process,False,False,False,True,False,Tier 2 (materials and processing),adidas list,0,,SWISSTEX,False,False,98.0,True,False,False,False,
SV2023198S5EC1V,Cygnus Investments S.A. de C.V. (M-2),"Carretera a Aeropuerto Internacional, Km. 30.5, Zona Franca Miramar, Nave #2, Olocuilta, La Paz 1101",SV,El Salvador,13.5355137,-89.1099409,SV-PA,False,SV-PA,True,primary,True,True,False,True,False,Tier 1 (finished goods),adidas list,0,Embellishment|Embellishment,CYGNUS|CYGNUS INVESTMENTS S A DE C V|GILDAN USA,False,True,212.5,False,False,False,False,
SV20241231V10RC,"Servicios Coatepeque, S.A de C.V","Km 24 Carretera a Santa Ana , Zona Franca Expo Salva, Planta #7, Colon, La Libertad, La Libertad",SV,El Salvador,13.707793,-89.3487791,SV-LI,False,SV-LI,True,primary,False,False,False,True,False,Tier 1 (finished goods),adidas list,0,,CONFECCIONES DEL VALLE S A DE C V,False,False,850.5,False,False,False,False,
SV2024123C10ETC,Servicios Opico S.a. De C.v.,"Km 24 Carretera a Santa Ana Zona Franca Export Salva Edificio # 7 ( Cut Plant), Colon, La Libertad 99999",SV,El Salvador,13.7319174,-89.3582022,SV-LI,False,SV-LI,True,primary,False,False,False,True,False,Tier 1 (finished goods),adidas list,0,,CONFECCIONES DEL VALLE S A DE C V,False,False,550.5,True,False,False,False,
SV20242281JYSCK,"Servicios San Julian, S.A de C.V","Km 24 Carretera Santa Ana, ExpoSalva Free Zone, Planta #10, Lourdes, La Libertad, La Libertad",SV,El Salvador,13.7319174,-89.3582022,SV-LI,False,SV-LI,True,primary,False,False,False,True,False,Tier 1 (finished goods),adidas list,0,,CONFECCIONES DEL VALLE S A DE C V,False,False,272.0,True,False,False,False,
TH20190830F2AS7,Thai Eastern Industry,"42/220 Moo5 Soi Moobansristhien, Petchkasem Road, Raikhing Sampran Nakorn Pathom",TH,Thailand,13.733255,100.2437843,TH-73,False,TH-73,True,primary,False,False,False,True,False,Tier 1 (finished goods),adidas list,0,,GLOBAL MERINO|TEI,False,True,366.0,False,False,False,False,
TH2019083424YD8,"Nan Yang Knitting Factory Co., Ltd","19 Moo 5 Sethakij 1 Road., T. Thamai, Krathumban, Samutsakorn 74110, Thailand",TH,Thailand,13.6764235,100.2539831,TH-73,False,TH-73,False,,True,True,False,True,False,Tier 2 (materials and processing),Nike labels,0,NIKE|APPAREL|MATERIALS,NAN YANG TEXTILE|NAN YANG|HI TECH LAO APPAREL|HI TECH APPAREL,False,True,788.0,False,False,False,False,
TH2019083PFRG00,"Nan Yang Garment Co., Ltd.","27 Phetkasem 71 Road Nongkangploo Nongkham, Bangkok, Bangkok, Thailand",TH,Thailand,13.707062,100.369563,TH-10,False,TH-10,False,,True,True,False,True,False,Tier 1 (finished goods),Nike labels,0,NIKE|APPAREL|Fabric|Fabric|Cotton,NANYANG|BRIO MAX|NAN YANG|NANYANG GARMENT|NANYANG TEXTILE,False,True,1015.0,False,False,False,False,
TH201908525Q8ZT,HI-TECH APPAREL CO. LTD.(SOI91),"328 PRACHAUTTI ROAD, BANGMOD THUNGKOC BANGKOK BANGKOK 10140",TH,Thailand,13.6593419,100.4714944,TH-10,False,TH-10,False,,True,True,False,True,False,Tier 1 (finished goods),Nike labels,0,NIKE|APPAREL,HI TECH APPAREL|HI TECH,False,True,1123.0,False,False,False,False,
TH2019085850YMM,"NICE APPAREL CO., LTD.",149 MOO 2 HIGHWAY NUMBER 207 ROAD KHONKEAN  40120,TH,Thailand,15.8117,102.5986597,TH-40,False,TH-40,True,primary,False,False,False,True,False,Tier 1 (finished goods),adidas list,0,,JASCO PTE,False,False,1911.5,False,False,False,False,
TH201908589BB0W,"FUTURE GARMENT CO., LTD","211/18-26, NONSEE, CHONGNONSEE BANGKOK BANGKOK METROPOLIS 10120",TH,Thailand,13.7060823,100.5364684,TH-10,False,TH-10,False,,True,True,False,True,False,Tier 1 (finished goods),Nike labels,0,NIKE|APPAREL,HI TECH|HI TECH APPAREL,False,True,427.0,False,False,False,False,
TH201908593H9YS,"HI-TECH  CHAIYAPHUM  APPAREL CO.,LTD.","999 MOO 3 TUMBOL LADYAI, AMPHUR MUANG MUANG CHAIYAPHUM 36000",TH,Thailand,15.8067728,102.0315161,TH-36,False,TH-36,False,,True,True,False,True,False,Tier 1 (finished goods),Nike labels,0,NIKE|APPAREL,HI TECH|HI TECH APPAREL,False,True,1066.5,False,False,False,False,
TH2019085B2QEX4,NICE APPAREL COMPANY LIMITED,"500 SOI NGARMWONGWAN 25, TUMBON BANGKHEN MUANG DISTRICT NONTHABURI 11000",TH,Thailand,13.8599137,100.5383383,TH-10,False,TH-10,False,,True,False,True,False,False,unknown,none (keyword guess removed),0,,,False,False,1187.0,False,False,False,False,
TH2019085CKHWVW,SADESA (CHONBURI),"THUNG SUK LA, SI RACHA DISTRICT 20230 CHONBURI CENTRAL 20230",TH,Thailand,13.0894018,100.9165968,TH-20,False,TH-20,False,,True,False,True,False,False,unknown,none,0,,,False,False,,False,False,False,False,
TH2019085CW5PSH,"RAJA UCHINO CO.,LTD.","630 MOO 11, SUKHAPHIBAL 8 ROAD, NONGKHAM SRIRACHA CHONBURI 20230",TH,Thailand,13.0887995,100.9529918,TH-20,False,TH-20,False,,True,False,True,False,False,Tier 1 (finished goods),Nike labels,0,NIKE|EQUIPMENT,,True,False,260.0,False,False,False,True,
TH2019085HDYD42,SADESA (AYUTTHAYA),SOMKOK-SENA ROAD AYUTTHAYA CENTRAL 0,TH,Thailand,14.2811006,100.4244633,TH-14,False,TH-14,False,,True,False,True,False,False,unknown,none,0,,,False,False,,True,False,False,False,
TH2019085J46JMQ,"HI TECH APPAREL CO LTD, BRANCH 70",5/18 SOI SUKSAWAT 70 SOI 5 MOO 12 TUMBON BANGKRU AMPHER PRAPRADANG BANGKRU SAMUTPRAKARN 10130,TH,Thailand,13.6404186,100.5226066,TH-11,False,TH-11,False,,True,True,False,True,False,Tier 1 (finished goods),Nike labels,0,NIKE|APPAREL,HI TECH APPAREL|HI TECH,False,True,1094.5,False,False,False,False,
TH2019085K10EE5,NICE APPAREL COMPANY LIMITED BRANCH CHUMPHAE,"219 MOO 2 MALIWAN ROAD, T. NON-UDOM CHUMPAE KHONKAEN 40130",TH,Thailand,16.4397599,102.8281666,TH-40,False,TH-40,True,primary,True,True,False,True,False,Tier 1 (finished goods),adidas list,0,NIKE|APPAREL,NICE APPAREL,False,False,3294.0,False,False,False,False,
TH2019085MED2BH,"YRC TEXTILE CO.,LTD.","134, 143/2-3 MOO 6, SATHAKIT 1ST ROAD, OAM NOI KRATOOMBAN SAMUTSAKORN 74130",TH,Thailand,13.7106802,100.3153863,TH-74,False,TH-74,True,wet process,True,True,False,True,False,Tier 2 (materials and processing),adidas list,0,NIKE|APPAREL|MATERIALS|Apparel,,True,False,2707.5,False,False,False,False,
TH2019085MFGEJ8,ELTA COMPANY LIMITED,511 LADKRABANG ROAD LADKRABANG BANGKOK 10520,TH,Thailand,13.7174836,100.7242439,TH-10,False,TH-10,False,,True,False,True,False,False,unknown,none,0,,,False,False,245.0,False,False,False,False,
TH2019085MZ25WB,"VEGA BALL MANUFACTURING CO.,LTD.",653 MOO 4 SOI E 6 PATTANA RD MUANG SAMUTPRAKARN 10280,TH,Thailand,13.5514714,100.6707526,TH-11,False,TH-11,False,,True,False,True,False,False,unknown,none,0,,,False,False,473.0,False,False,False,False,
TH2019085N3HY62,"THAI SOCK CO., LTD.",29/1   MOO 4 PRAPRADAENG SAMUTPRAKARN 10130,TH,Thailand,13.6506752,100.57334,TH-11,False,TH-11,False,,True,True,False,True,False,Tier 1 (finished goods),Nike labels,0,NIKE|APPAREL,THAI SOCKS,False,False,401.5,False,False,False,False,
TH2019085NEFHJA,"OPTECH CO., LTD.","134/6 MOO 7 SAUN LUANG, KRATUMBAN SAMUTSAKORN SAMUTSAKORN 74110",TH,Thailand,13.6323861,100.3086162,TH-74,False,TH-74,False,,True,False,True,False,False,unknown,none,0,,,False,False,96.0,False,False,False,False,
TH2019085PKNP7G,"Pilot Knit Sport Wear Co., Ltd.","89/13 Moo 2, Rama II Road, Khok Krabue, Mueang, Samut Sakhon, 74000",TH,Thailand,13.5895676,100.3302481,TH-74,False,TH-74,False,,True,True,False,True,False,Tier 1 (finished goods),Nike labels,0,Pants |Hoodie|NIKE|APPAREL|Apparel,PILOT|MITSUBISHI,True,True,750.0,False,True,False,False,
TH2019085S33BRQ,"HI-TECH CHAIYAPHUM APPAREL CO.,LTD.","900 MOO 11,  TAMBOL  NASEIW MUANG CHAIYAPHUM 36000",TH,Thailand,15.8675815,102.026135,TH-36,False,TH-36,False,,True,True,False,True,False,Tier 1 (finished goods),Nike labels,0,NIKE|APPAREL,HI TECH APPAREL|HI TECH,False,True,870.0,False,False,False,False,
TH2019085S9NCRG,"HONG SENG KNITTING CO., LTD BRANCH THUNGKHU","519/16, 519/48-50, PRACHAUTHID, RD, TUNGKRU BANGKOK  10140",TH,Thailand,13.6548085,100.4986496,TH-10,False,TH-10,False,,True,False,True,False,False,unknown,none,0,,,False,False,450.0,False,False,False,False,
TH2019085V83GJX,"UNIVERSAL SPORTING GOODS (THAILAND) CO., LTD.","91 MOO 1 PETCHAKASERN RD. SOI WATTHEINTAD, T.BANMAI NAKORNPRATHOM  73110",TH,Thailand,13.8199206,100.0621676,TH-73,False,TH-73,True,licensee,True,True,False,True,False,Tier 1 (finished goods),adidas list,0,NIKE|EQUIPMENT,UNIVERSAL,False,False,517.5,False,False,False,False,
TH2019085VNZ5Z8,HONG SENG KNITTING COMPANY LIMITED.,"287,289  SUKSAWAD 30, SUKSAWAD ROAD, BANGPAKOK RATHJABURANA BANGKOK 10140",TH,Thailand,13.6715304,100.4932705,TH-10,False,TH-10,True,primary,True,False,True,True,False,Tier 1 (finished goods),adidas list,0,NIKE|APPAREL,CENTRAL TRADING|HONG SENG,False,True,780.5,False,True,False,False,
TH2019085WJNSTB,"ORIENTAL GARMENT CO., LTD – NONGBUADANG",178 MOO 17 NONGBUADANG NORTHEASTERN 36210,TH,Thailand,16.4471982,102.7801026,TH-40,False,TH-40,False,,True,True,False,True,False,Tier 1 (finished goods),Nike labels,0,NIKE|APPAREL,ORIENTAL GARMENT,True,False,353.0,False,False,False,False,
TH2019085XHSWPE,"VERTEX APPAREL CO., LTD.",1015 MOO 2 WARINCHAMRAB UBONRATCHATHANI 34190,TH,Thailand,15.2056181,104.7913868,TH-34,False,TH-34,False,,True,True,False,True,False,Tier 1 (finished goods),Nike labels,0,NIKE|APPAREL,HI TECH APPAREL|HONG SENG|HI TECH,False,True,1100.0,False,False,False,False,
TH2019085XZ35HA,NICE APPAREL COMPANY LIMITED BRANCH NONGBUALAMPHU,"183 MOO 8, AMPUR MUANG, NONGBUALAMPOO NONGBUALAMPOO NORTHERN 39000",TH,Thailand,13.8809621,99.6876803,TH-71,False,TH-71,False,,True,False,True,False,False,unknown,none,0,,,False,False,1672.0,False,False,False,False,
TH2019085Z9S796,NAN YANG GARMENT,"37 MOO 5, LADYAO - BANRAI RD. LADYAO, NAKHONSAWAN  60150",TH,Thailand,15.8083564,99.5006143,TH-60,False,TH-60,False,,True,True,False,True,False,Tier 1 (finished goods),Nike labels,0,NIKE|APPAREL,NAN YANG|BRIO MAX|NANYANG GARMENT,False,True,1029.0,False,False,False,False,
TH2019086DJJB0J,"NANYANG GARMENT CO.,LTD","166,168 ,170,172 MOO1 PHETKASEM RD. T. YAYCHA A. SAMPHAN NAKORNPATOM 73110",TH,Thailand,10.5100931,99.1217643,TH-86,False,TH-86,True,primary,True,True,False,True,False,Tier 1 (finished goods),adidas list,0,,NAN YANG,False,False,1439.5,False,False,False,False,
TH2019087CV71T0,"Thong Thai Textile Co.,Ltd.","21 Soi Petchakasem 81, Nongkhaem Bangkok",TH,Thailand,13.7057566,100.3457244,TH-10,False,TH-10,True,primary,False,False,False,True,False,Tier 1 (finished goods),adidas list,0,,THONG THAI TEXTILE VISION GARMENT,False,False,982.5,False,False,False,False,
TH20190980XWTS5,"Trax Intertrade Co., Ltd. [Roi Et] ","No. 61, Village No. 5,,Chang Harn Sub-district,,Chang Harn District, Roi Et Province,Roi Et,Roi Et,Thailand",TH,Thailand,16.0538196,103.6520036,TH-45,False,TH-45,True,primary,False,False,False,True,False,Tier 1 (finished goods),adidas list,0,,TRAX INTERTRADE|WELLCORP TRADING HK,False,True,1500.5,False,False,False,False,
TH2019098FKBF6V,"Universal Apparel Co.,Ltd","110 Moo 13 Mitraphab Rd, Banthat, Udonthani 41150",TH,Thailand,17.7047585,102.8629885,TH-41,False,TH-41,True,licensee,True,False,True,True,False,Tier 1 (finished goods),adidas list,0,"NIKE|APPAREL|T-shirt, Short, Pant, Jacket, Hoodie",,True,False,867.0,False,False,False,False,
TH2019098MEJ0CS,"VAS Garment (Thailand) Co., Ltd.","30 Moo 13, Kaeng Loeng Jan,Muang ,Mahasarakham,Maha Sarakham,Thailand",TH,Thailand,16.1581941,103.249034,TH-44,False,TH-44,True,primary,False,False,False,True,False,Tier 1 (finished goods),adidas list,0,,THONG THAI TEXTILE VISION GARMENT,False,False,1062.0,False,True,False,False,
TH201914321CXPJ,"NB Apparel Co., Ltd.","183 Moo 8 Udonthani-Meunglei rd. Meung, Nongbualamphu Nong Bua Lam Phu 39000 Nong Bua Lamphu Thailand",TH,Thailand,17.3646969,102.8158924,TH-41,False,TH-41,True,primary,False,False,False,True,False,Tier 1 (finished goods),adidas list,0,,JASCO PTE,False,False,1413.0,False,False,False,False,
TH2019143GMCSQG,"Titan Sports Wear Co., Ltd.",244 Moo 5.  Tumbol Donhun Amphur Maung  Khon Kaen 40260 Khon Kaen Thailand,TH,Thailand,16.4442018,102.793687,TH-40,False,TH-40,True,primary,False,False,False,True,False,Tier 1 (finished goods),adidas list,0,,THONG THAI TEXTILE VISION GARMENT,False,False,883.5,False,False,False,False,
TH2019143WGQHNS,"NK Apparel Co., Ltd.","369,370 Moo 4, Banthum Mueangkhonkaen,   Khon Kaen 40000 Khon Kaen Thailand",TH,Thailand,16.4373123,102.8463388,TH-40,False,TH-40,True,primary,False,False,False,True,False,Tier 1 (finished goods),adidas list,0,,JASCO PTE,False,False,2073.0,False,False,False,False,
TH2019143X4VNYZ,"Sincerely Screen Co., Ltd.",30/138 Khok-Kham  Muang 74000 Samut Sakhon Thailand,TH,Thailand,13.5632214,100.3139379,TH-74,False,TH-74,True,primary,False,False,False,True,False,Tier 1 (finished goods),adidas list,0,,THONG THAI TEXTILE VISION GARMENT|NANYANG GARMENT,False,True,301.0,False,False,False,False,
TH20191720K37ZE,Thai Progress Garment Co,"Bang-Pa-In Industrial Estate 587 Moo 2 Export Processing Zone, Khlong Chik Bang Pa-In Phra Nakhon Si Ayutthaya 13160",TH,Thailand,14.205279,100.5871835,TH-14,False,TH-14,True,licensee,False,False,False,True,False,Tier 1 (finished goods),adidas list,0,,DELTA GALIL|DELTA GALIL INDUSTRIES,False,True,1500.0,False,True,False,False,
TH2019176232366,"Thai Namsiri Intertex Co., Ltd.","95 M.1 Sukhumvit Rd., Bangpu Mai, Muang Samut Prakan, Samut Prakan 10280",TH,Thailand,13.5301023,100.6309499,TH-11,False,TH-11,True,wet process,False,False,False,True,False,Tier 2 (materials and processing),adidas list,0,Textile,TEIJIN FRONTIER|TEIJIN,False,True,165.0,False,False,False,False,
TH2019176GSA2Y9,Ykk Thailand,"689 Sukhumvit Rd., Km.35, Bangpoomai Muang District Samut Prakarn 10280",TH,Thailand,13.5264824,100.6380333,TH-11,False,TH-11,True,wet process,True,True,False,True,False,Tier 2 (materials and processing),adidas list,0,NIKE|APPAREL|MATERIALS,YKK YOSHIDA KOGYO KABUSHIKIKAISHA|YKK,False,True,2.0,False,False,False,False,
TH2020028X635H6,"Sadesa (Thailand) Co., Ltd.","139/2 MOO 5, SUWANNASORN ROAD,NOOTEE,KABINBURI,PRACHINBURI 25110,THAILAND,",TH,Thailand,13.861601,101.7523854,TH-25,False,TH-25,False,,True,False,True,False,False,unknown,none,0,FOOTWEAR|NIKE|MATERIALS,SADESA,False,False,490.0,False,False,False,False,
TH2020028ZJXE8E,"Sadesa (Thailand) Co., Ltd.","89 MOO 11, SAMKOK-SENA ROAD,BANGNOMKO,SENA,AYUTTHAYA 13110,THAILAND,",TH,Thailand,14.2811006,100.4244633,TH-14,False,TH-14,False,,True,True,False,True,False,Tier 2 (materials and processing),Nike labels,0,FOOTWEAR|NIKE|MATERIALS,SADESA,False,False,574.0,True,False,False,False,
TH20200294KX29A,Nice Apparel Company Limited (Nakhonratchasima Branch),"188 Moo 4, Ban Pho, Muang - Nakhonratchasima,Nakhonratchasima 30310, Muang-Nakhonratchasima, Nakhon Ratchasima",TH,Thailand,15.061813,102.181813,TH-30,False,TH-30,True,primary,False,False,False,True,False,Tier 1 (finished goods),adidas list,0,,JASCO PTE,False,False,1142.5,False,False,False,False,
TH20200298EJAEB,"UNIVERSAL APPAREL CO.,LTD.(BRANCH2)","333 MOO12 , BANSOKE , KORN-SAWAN CHAIYAPHUM,THAILAND",TH,Thailand,16.013875,101.8891721,TH-36,False,TH-36,True,licensee,False,False,False,True,False,Tier 1 (finished goods),adidas list,0,underwear|C|T-shirt|sportwear,UNIVERSAL APPAREL,False,False,477.0,False,False,False,False,
TH2020114QJ0BF9,HI TECH APPAREL SURIN BRANCH,"489 MOO 7, PATTAMANON (214) ROAD, THATOOM, 32120, THAILAND",TH,Thailand,15.1062073,103.5967226,TH-32,False,TH-32,False,,True,False,True,False,False,Tier 1 (finished goods),Nike labels,0,NIKE|APPAREL,HI TECH APPAREL|HI TECH,False,True,799.0,False,False,False,False,
TH2020314QWZJ1D,"EVEREST TEXTILE (THAILAND) CO., LTD.","49 Moo 1, Taladnadwatsoifa Rd.,, Ban Muang Subdistrict, Banpong District,",TH,Thailand,13.8065019,99.8746183,TH-70,False,TH-70,False,,True,True,False,True,False,Tier 2 (materials and processing),Nike labels,0,NIKE|APPAREL|MATERIALS,EVEREST TEXTILE,False,False,419.0,False,False,False,False,
TH2021075JCXK0V,Nan Yang Garment Co. Ltd. - Pichit,"99/1, Moo4,  Banna, Wachirabaramee, Pichit, 66140",TH,Thailand,16.5015931,100.1031202,TH-66,False,TH-66,False,,True,True,False,True,False,Tier 1 (finished goods),Nike labels,0,NIKE|APPAREL,BRIO MAX|NANYANG GARMENT|NAN YANG|NAN YANG GARMENT|NYG VIETNAM,False,True,1927.0,False,False,False,False,
TH2021077RJEEE3,Advanced Printing (Thailand) Company Limited,"491 Moo 4, Banthum",TH,Thailand,14.0556246,100.3114982,TH-12,False,TH-12,True,primary,False,False,False,True,False,Tier 1 (finished goods),adidas list,0,,,False,False,444.0,False,False,False,False,
TH2021077XQ2BTA,"NK Apparel Co., Ltd.","NK Apparel Co., Ltd. Manjakiri Road 369, 370 Moo 4 Tumbol Ban Toom Amphur Muang 40000 Khon Kaen",TH,Thailand,16.4321938,102.8236214,TH-40,False,TH-40,False,,True,False,True,False,False,Tier 1 (finished goods),Nike labels,0,NIKE|APPAREL,NICE APPAREL,False,False,1391.0,False,False,False,False,
TH2021078N13JMF,"Molten (Thailand) Co., Ltd.","666 Moo 11Sukhaphibarn 8 rdNongkham, Sriracha,Sriracha20230",TH,Thailand,13.1662975,100.9314325,TH-20,False,TH-20,True,licensee,False,False,False,True,False,Tier 1 (finished goods),adidas list,0,,MOLTEN,False,False,512.0,False,False,False,False,
TH20211399P2R4B,HIT SUPHANBURI,"295 MOO 1 DONKUMYAN, SUPHANBURI, SUPHAN BURI",TH,Thailand,12.7280066,101.0863385,TH-21,False,TH-21,False,,True,False,True,False,False,Tier 1 (finished goods),Nike labels,0,NIKE|APPAREL,HI TECH,False,False,475.0,False,False,False,False,
TH2021139QWF78Z,MINONE ENTERPRISES CO  LTD.,"253 MOO.6 NONGBOT SUB-DISTRICT, NANGRONG, BURI RAM",TH,Thailand,14.6335733,102.7934934,TH-31,False,TH-31,False,,True,True,False,True,False,Tier 1 (finished goods),Nike labels,0,NIKE|EQUIPMENT,MINONE,True,False,599.0,False,False,False,False,
TH2021166X9F6JV,"Nanyang Garment Co., Ltd. #3","166-172 M1, T.Yaycha, Ampur Sampran, Nakornprathom,Nakornprathom ",TH,Thailand,13.6866945,100.106741,TH-73,False,TH-73,False,,True,False,True,False,False,unknown,none,0,,NANYANG GARMENT,False,False,1459.0,False,False,False,False,
TH2022082RZ055D,Nice Apparel Company Limited (Nonthaburi Branch),"2,7,8/1-3 Soi Ngamwongwan 25/19, Bangkhen, Mueang Nonthaburi, Nonthaburi, Thailand",TH,Thailand,13.8636318,100.5378024,TH-10,False,TH-10,False,,True,True,False,True,False,Tier 1 (finished goods),Nike labels,0,NIKE|APPAREL,NICE APPAREL,False,False,1062.0,False,False,False,False,
TH2022083ZYWV78,VEGA BALLS MANUFACTURING,"653 Mu4 Soi E6 Phatthana 1Road, Mueang Samut Prakan District, TH - Samut Prakan, 10280",TH,Thailand,13.5444017,100.6634964,TH-11,False,TH-11,False,,True,True,False,True,False,Tier 1 (finished goods),Nike labels,0,NIKE|EQUIPMENT,VEGA BALL,False,False,371.0,False,False,False,False,
TH2022292KWD2Q4,"Hi-Tech Apparel Co., Ltd. (Supanburi Branch)","295 Moo 1, Tumbon Dongamyan, Amphur Muang, Suphanburi, Suphanburi, Suphanburi 72000",TH,Thailand,14.4861012,100.1255164,TH-72,False,TH-72,False,,True,True,False,True,False,Tier 1 (finished goods),Nike labels,0,,HI TECH,False,False,365.0,False,False,False,False,
TH2022300RN0H7A,Sadesa (Thailand) Co.Ltd,"No. 95, Gaoping Industrial Zone, Sanjiao Town, Zhongshan City, Guangdong Province, China,  Zhongshan, Guangdong",TH,Thailand,15.870032,100.992541,TH-67,False,TH-67,True,wet process,False,False,False,True,False,Tier 2 (materials and processing),adidas list,0,,SADESA,False,False,263.0,False,False,False,False,
TH2023270E5WVXK,Cassia Garment Co. Ltd,"287,289 SOI SUKSAWAD 30. SUKSAWAD RD. BANGPAKOK, RATBURANA BANGKOK THAILAND 10140",TH,Thailand,13.6674316,100.4942688,TH-10,False,TH-10,False,,True,True,False,True,False,Tier 1 (finished goods),Nike labels,0,,RAMATEX,False,False,768.0,False,False,False,False,
TH20233486N7FJN,Nice Apparel Company Limited (Khonkaen Branch),369 Moo 4 Manjakiri Road Muang Khon Kaen,TH,Thailand,16.5202475,102.188855,TH-40,False,TH-40,False,,True,True,False,True,False,Tier 1 (finished goods),Nike labels,0,,NICE APPAREL,False,False,1159.0,False,False,False,False,
TH2024132DY4M6K,SADESA THAILAND (KABINBURI),139 2 MOO 5 SUWANASSORN ROAD TAMBON NONSRI Kabinburi Prachin Buri 25110,TH,Thailand,14.0595131,101.6726755,TH-25,False,TH-25,False,,True,True,False,True,False,Tier 2 (materials and processing),Nike labels,0,,SADESA,False,False,735.0,False,False,False,False,
TH2024132MDWKRJ,"Hi-Tech Surin Apparel co., ltd. (Branch 1)",489 Moo 7 Thatoom Surin 32120,TH,Thailand,15.1696104,103.7289167,TH-32,False,TH-32,False,,True,True,False,True,False,Tier 1 (finished goods),Nike labels,0,,HI TECH APPAREL|HI TECH,False,True,727.0,False,False,False,False,
TN201914326ZHM2,VTL2,Route de Korba KM 2   Menzel Temime 8080 Nabeul Tunisia,TN,Tunisia,36.5806067,10.8620804,TN-21,False,TN-21,True,primary,False,False,False,True,False,Tier 1 (finished goods),adidas list,0,,VTL,False,False,691.5,False,False,False,False,
TN2022292MM4H3N,Gantex LTD,"Route Omar El Mokhtar, Bizerte - Ain Mariam, Bizerte 7000",TN,Tunisia,37.290753,9.861379,TN-23,False,TN-23,True,primary,False,False,False,True,False,Tier 1 (finished goods),adidas list,0,Accessories,HOCHMUTH AND KG,False,False,255.25,False,False,False,False,
TR20190832NYHNR,F.İ.T.A.TEKS. KONF. SAN. TİC. LTD. ŞTİ.,"PANAYIR MH. 6. SELVILI SK.NO.55, OSMANGAZİ, BURSA",TR,Türkiye,40.2531112,29.0750971,TR-16,False,TR-16,False,,True,True,False,True,False,Tier 1 (finished goods),Nike labels,0,NIKE|APPAREL,INDOCHINE|YESIM,False,True,400.5,False,False,False,False,
TR2019091AZWDQ5,Almaxtex Tekstil San. ve Tic. A.S.,Karapinar Mah. Ankara Yolu Cad. No. 900 Yildirim  Bursa 16580,TR,Türkiye,40.1991355,29.1902876,TR-16,False,TR-16,False,,True,True,False,True,False,Tier 1 and 2 (conflicting reports),Nike labels,0,Apparel|Fabrics|Home textiles|Apparel|Fabrics|Home textiles|Apparel|NIKE|APPAREL|Household Textiles|Knits|Knits,YESIM SATIS MAGAZALARI VE TEKSTIL|YESIM SATIS MAGAZALARI VE TEKSTIL FABRIKALARI AS|YESIM|YESIM TEKSTIL|YESIM SATIS MAGAZALARI VE TIC FABRICALARI AS|YESIM SATIS MAGAZALA,False,True,2750.5,False,False,False,False,
TR201909837HW3X,Gelal Corap Sanayi ve Ticaret A.S. - IST,"Akcaburgaz Mah. 117. Sok. No:2,Esenyurt,Istanbul,Istanbul,Turkey",TR,Türkiye,41.0614352,28.6387631,TR-34,False,TR-34,True,primary,False,False,False,True,False,Tier 1 (finished goods),adidas list,0,Acessories,GELAL CORAP SANAYI VE TICARET A S|UNIQUE BRANDS TEKSTIL SANAYI VE TICARET A S,False,True,550.0,False,False,False,False,
TR2019098FD0BR2,Erateks Tekstil San. Ve Tic. Ltd. Sti.-Fatsa Organize Branch,Fatsa OSB M.Akif Besik Sokak No:8/2 Fatsa,TR,Türkiye,41.031231,37.50036,TR-52,False,TR-52,True,primary,False,False,False,True,False,Tier 1 (finished goods),adidas list,0,Sportswear,ERATEKS TEKSTIL SAN VE TIC A S IST|ERATEKS TEKSTIL SANAYI VE TICARET A S,False,True,750.5,False,False,True,False,
TR201914329V9S2,Gelal Corap Sanayi ve Ticaret A.S. (Cankiri),Yeni Mah. Organize Sanayi Bolgesi 1.Cad. No:8  Sabanozu 18650 Cankiri Turkey,TR,Türkiye,40.483164,33.2826639,TR-18,False,TR-18,True,primary,False,False,False,True,False,Tier 1 (finished goods),adidas list,0,Fashion,GELAL CORAP SANAYI VE TICARET A S,False,False,750.5,False,False,False,False,
TR2019143HRJN4E,Beybo Seydisehir,"Alaylar 2 Mah. Hafif San. Bol. Cevre Yolu uzeri, Kamil Akkanat Cad.,Seydisehir  Konya 42360 Konya Turkey",TR,Türkiye,37.4370933,31.8592597,TR-42,False,TR-42,True,primary,False,False,False,True,False,Tier 1 (finished goods),adidas list,0,,ARIK BEY TEKSTIL ENERJI VE SINAI YATIRIMLAR ANONIM SIRKETI,False,False,341.5,False,False,False,False,
TR2019143J2NP81,Turkuaz Tekstil San. Ve Tic As,"AKCESME MAH. 2053 SOKAK NO.3 MERKEZEFENDI, Denizli, 20200",TR,Türkiye,37.822641,29.066382,TR-20,False,TR-20,True,primary,False,False,False,True,False,Tier 1 (finished goods),adidas list,0,Textile,OTTO,False,False,222.5,False,False,False,False,
TR2019143NPNDKT,Arikbey,Akcaburgaz Mah.Ugur Mumcu Cad.no:47 B Blok Esenyurt  Istanbul 34552 Istanbul Turkey,TR,Türkiye,41.06051859999999,28.6547994,TR-34,False,TR-34,True,primary,False,False,False,True,False,Tier 1 (finished goods),adidas list,0,,ARIK BEY TEKSTIL ENERJI VE SINAI YATIRIMLAR ANONIM SIRKETI,False,False,222.0,False,False,False,False,
TR2020029DMMXKT,Akkanat Konfeksiyon Imalat Ve Ihracat A.Ş,Akçaburgaz Street. Uğur Mumcu Street No 47 Buyukcekmece /Istanbul,TR,Türkiye,41.0038519,28.5393713,TR-34,False,TR-34,True,primary,False,False,False,True,False,Tier 1 (finished goods),adidas list,0,,ARIK BEY TEKSTIL ENERJI VE SINAI YATIRIMLAR ANONIM SIRKETI,False,False,275.5,False,False,False,False,
TR2020148B6AVBR,Urgan Ayakkabicilik San Ve Tic As,Akcaburgaz Mah 137 sok no 9 Esenyurt Istanbul,TR,Türkiye,41.0584396,28.6454717,TR-34,False,TR-34,True,primary,False,False,False,True,False,Tier 1 (finished goods),adidas list,0,,,False,False,321.0,False,False,False,False,
TR2020344MZY48J,Milteks,Bakir ve Pirincciler Sanayi Sitesi Mustafa Kurtoglu caddesi Cd. No:7 Beylikduzu,TR,Türkiye,41.00617099999999,28.661103,TR-34,False,TR-34,False,,True,True,False,True,False,Tier 1 (finished goods),Nike labels,0,NIKE|APPAREL|Apparel|Apparel,,False,False,176.0,False,False,False,False,
TR2021006VJQ5YR,SMS KONFEKSIYON SAN VE TIC AS,FIRAT MAH 943/3 SOKAK 2.ETAP 3 NOLU BINA NO:1 MERKEZ AGRI,TR,Türkiye,39.719074,43.050591,TR-04,False,TR-04,False,,True,True,False,True,False,Tier 1 (finished goods),Nike labels,0,NIKE|APPAREL,YESIM,False,False,525.5,False,False,False,True,
TR2021139KN3XFF,DELTA ALFA CORAP VE TEKSTİL SAN.TİC.A.S,Delta Alfa Corap ve Tekstil A.S Topcular Mah.Duzce Cad. No:103/A cilimli Duzce 81750,TR,Türkiye,40.8421607,31.169855,TR-81,False,TR-81,False,,True,False,True,False,False,Tier 1 (finished goods),Nike labels,0,NIKE|EQUIPMENT|Socks/Hosiery|Accessories,DELTA|DELTA GALIL INDUSTRIES,False,True,754.0,False,False,False,False,
TR2021139XMXJRG,YESIM TEKSTIL SANAYI VE TICARET  A.S.,"KARAPINAR MAHALLESI ANKARA YOLU CADDESI NO900 16300 YILDIRIM, BURSA, BURSA",TR,Türkiye,40.1979711,29.1880329,TR-16,False,TR-16,False,,True,False,True,False,False,unknown,none,0,,,False,False,,False,False,False,False,
TR2021236S8SA93,Avery Dennison Tekstil Ürünleri Sanayi ve Ticaret Ltd. Şti.,Gocerler District Baskomutan Ataturk Street No:30 59600 County: SARAY / City : TEKIRDAG,TR,Türkiye,41.336144,27.736841,TR-59,False,TR-59,False,,True,True,False,True,False,Tier 2 (materials and processing),Nike labels,0,"Trims|TRIMS|Tags&Label|Printing, Cutting, Packaging, Weaving|Raw Material|LABELS|NIKE|APPAREL|MATERIALS|Trims|Trims",AVERY DENNISON,False,False,400.0,False,False,False,False,
TR2022300FWSKDK,Beydur Konf. Iml. Ihr. San. ve Tic. Ltd. Sti.,"NO:982DA, ISPARTA CEVRE YOLU CAD, GOLKASI MAH., BEYSEHIR, Konya, Konya",TR,Türkiye,37.6938244,31.717712,TR-42,False,TR-42,True,primary,False,False,False,True,False,Tier 1 (finished goods),adidas list,0,,BEYDUR KONFEKSIYON IMALAT IHRACAT,False,False,39.0,False,False,False,False,
TR2022300SJ55JP,ARIK BEY TEKSTIL ENERJI VE SINAI YATIRIMLAR ANONIM SIRKETI,"No: 1,  ARIKBEY TEKSTIL FAB CAD, GOLKASI MH., BEYSEHIR, KONYA, Konya",TR,Türkiye,37.764281,31.6775054,TR-42,False,TR-42,True,primary,False,False,False,True,False,Tier 1 (finished goods),adidas list,0,,,False,False,563.0,False,False,False,False,
TR2022300TWJX1N,ARIK TEKSTIL KONF. IML. IHR. ve TIC. LTD. STI,"Bayavsar Mah. 41959 sok., No:9, Konya, Konya",TR,Türkiye,37.8746429,32.4931554,TR-42,False,TR-42,True,primary,False,False,False,True,False,Tier 1 (finished goods),adidas list,0,,ARIKBEY,False,False,206.0,False,False,False,False,
TR2023053PM5Q61,CLS Tekstil San. Tic. A.S. Golkoy Subesi,"Sarica Mah.Pernecik Kume Evleri, No:30-6 Golkoy, 52617 Ordu",TR,Türkiye,40.687727,37.617582,TR-52,False,TR-52,True,primary,False,False,False,True,False,Tier 1 (finished goods),adidas list,0,Dresses|Skirts|Shirts|Blouses| Dresses| Shirts| Skirts|Blouses,,False,False,250.5,False,False,False,False,
TR202413286YAW6,Delta Alfa Corap Ve Tekstil Sanayi Tic Ltd Sti,Topcular Mah 623 sok No1 Cilimli Düzce 81750,TR,Türkiye,40.869878,31.053115,TR-81,False,TR-81,False,,True,True,False,True,False,Tier 1 (finished goods),Nike labels,0,,DELTA,False,False,729.5,False,False,False,False,
TR202516839FJHW,Erateks Tekstil - HQ,"Mahmutbey Mah. Küçük Halkalı Cad. No:19/A, 34218 Bağcılar, İstanbul, Türkiye",TR,Türkiye,41.051522,28.81607919999999,TR-34,False,TR-34,True,primary,False,False,False,True,False,Tier 1 (finished goods),adidas list,0,,ERATEKS TEKSTIL SANAYI VE TICARET A S,False,False,50.0,False,False,False,False,
TW20190852CBQF3,EVEREST TEXTILE,"NO.256, MINGHE VIL., SHANSHANG DIST. TAINAN CITY T'AI-WAN 74342",TW,Taiwan,23.0893067,120.3723741,TW-TNN,False,TW-TNN,False,,True,True,False,True,False,Tier 2 (materials and processing),Nike labels,0,Fabric|NIKE|APPAREL|MATERIALS|Materials Manufacturing|Fabric,FAR EASTERN|EVEREST TEXTILES,False,True,1439.0,False,False,False,False,
TW20190855MYP3M,YUAN LING,202 CHANGLU ROAD CHANGHUA CITY T'AI-WAN 0,TW,Taiwan,24.0716583,120.5624474,TW-CHA,False,TW-CHA,False,,True,True,False,True,False,Tier 2 (materials and processing),Nike labels,0,FOOTWEAR|MATERIALS|NIKE,YUANLING KNITTING INDUSTRIAL,False,False,211.0,True,False,False,False,
TW2019085793854,"Feng Tay Enterprises Co., Ltd","No. 52 Kegong 8th Rd., Douliou City, Yunlin County, 640111, Taiwan, N/A, Douliou, Taiwan 640111",TW,Taiwan,23.7172355,120.5054917,TW-YUN,False,TW-YUN,False,,True,True,False,True,False,Tier 1 (finished goods),Nike labels,0,FOOTWEAR|NIKE,FENG TAY,False,False,1836.0,False,False,False,False,
TW20190857H3TB4,"ECLAT TEXTILE CO., LTD","NO.134, DAGONG RD., DAYUAN DIST. TAOYUAN CITY T'AI-WAN 337",TW,Taiwan,25.0695143,121.1784902,TW-TAO,False,TW-TAO,False,,True,False,True,False,False,Tier 2 (materials and processing),Nike labels,0,fabric |Fabric,ECLAT FABRICS TAIWAN,False,False,345.0,False,False,False,False,
TW20190859DKMGH,Chuan Cheng Hat Co. Ltd. - Ta-Ya Factory,"NO. 56, CHUNG SHAN ROAD, TA-YA DIST, TAICHUNG CITY, 428, TAIWAN",TW,Taiwan,24.2060663,120.6444556,TW-TXG,False,TW-TXG,False,,True,True,False,True,False,Tier 1 (finished goods),Nike labels,0,Accessory|APPAREL|NIKE,CCH TOP|CHUAN CHENG HAT|CHUAN CHENG,False,True,121.5,False,False,False,False,
TW2019085BGD9YK,SAN FANG (TR1) (TAIWAN),"NO 402 FENGREN ROAD, Kaohsiung, Kaohsiung, 814",TW,Taiwan,22.7210814,120.3338663,TW-KHH,False,TW-KHH,False,,True,True,False,True,False,Tier 2 (materials and processing),Nike labels,0,FOOTWEAR|MATERIALS|NIKE,SAN FANG,False,False,687.0,False,False,False,False,
TW2019085FK2HTK,Far Eastern New Century Corporation Kuanyin Dyeing & Finishing Plant,"NO.1, GUOJIAN 2ND RD., KUANYIN DIST., TAOYUAN, 328453",TW,Taiwan,25.0587299,121.113892,TW-TAO,False,TW-TAO,True,wet process,True,True,False,True,False,Tier 2 (materials and processing),adidas list,0,APPAREL|MATERIALS|NIKE,FAR EASTERN NEW CENTURY|FAR EASTERN,False,True,204.0,False,False,False,False,
TW2019085H86X55,Pony Leather Corporation,"No. 191, Sec. 3, Chung Shan Rd.,, Yung Ching Hsiang, ChangHua, Taiwan 51242",TW,Taiwan,24.1473466,120.4866801,TW-CHA,False,TW-CHA,False,,True,True,False,True,False,Tier 2 (materials and processing),Nike labels,0,FOOTWEAR|MATERIALS|NIKE|Synthetic leather,PONY,False,False,250.0,False,False,False,False,
TW2019085HWKF1M,INJEXTECH INC.,"407 BEN TIAN RD., SEC. 2, ANNAN DIST., TAINAN T'AI-WAN 71755",TW,Taiwan,23.0585336,120.1358346,TW-TNN,False,TW-TNN,False,,True,True,False,True,False,Tier 1 (finished goods),Nike labels,0,NIKE|EQUIPMENT,TAROKO INTERNATIONAL,True,False,151.5,True,False,False,False,
TW2019085KZKG0S,"KING RAY YENG INDUSTRIAL CO., LTD","NO.27, ALLEY 27, LANE 194, CHANGSHUI ROAD CHANGHWA T'AI-WAN 50071",TW,Taiwan,24.0716583,120.5624474,TW-CHA,False,TW-CHA,False,,True,False,True,False,False,unknown,none,0,,,False,False,184.5,True,False,False,False,
TW2019085MQZ2ZF,"CHENG HORNG INDUSTRIAL CO., LTD.","NO.230, HONGZUN RD., PINGZHEN DIST. TAOYUAN KAO-HSIUNG 324",TW,Taiwan,24.9296022,121.2053963,TW-TAO,False,TW-TAO,False,,True,True,False,True,False,Tier 2 (materials and processing),Nike labels,0,APPAREL|MATERIALS|NIKE|Fabric|TEXTILE|FABRIC,LITTLE KING|LITTLE KING GLOBAL,False,True,112.0,False,False,False,False,
TW2019085NKMQF6,"Formosa Taffeta Co., Ltd. (Headquarter/Plants)","317,Shu Liu RD.,Douliu Douliu Yunlin 640",TW,Taiwan,23.727493,120.5880267,TW-YUN,False,TW-YUN,True,wet process,True,True,False,True,False,Tier 2 (materials and processing),adidas list,3,=_xlfn.XLOOKUP(B51|Tabelle1[name]|Tabelle1[sector_product_type])|Fabric|APPAREL|MATERIALS|NIKE|Fabric|Fabric Mill|Weaving|FABRIC|Fabric|Textile,FORMOSA TAFFETA|MITSUI BUSSAN TECHNO PRODUCTS|FORMOSA|W L GORE AND ASSOCIATES,False,True,1843.0,False,False,False,False,
TW2019085PCJFRZ,WAN WAY,NO. 89 SEC. 4 TAINAN TAIWAN 70966,TW,Taiwan,22.9998999,120.2268758,TW-TNN,False,TW-TNN,False,,True,True,False,True,False,Tier 1 (finished goods),Nike labels,0,NIKE|EQUIPMENT,,True,False,9.0,False,False,False,False,
TW2019085RQH7P1,"TAICHUNG SHUIHING LABEL WEAVING CO., LTD.",6-1 GONG 2ND RD DAJIA TAICHUNG 43769 TAIWAN ROC TAICHUNG T'AI-WAN 43769,TW,Taiwan,24.3788233,120.6487508,TW-TXG,False,TW-TXG,False,,True,True,False,True,False,Tier 1 (finished goods),Nike labels,0,APPAREL|NIKE,AVERY DENNISON,False,False,74.0,False,False,False,False,
TW2019085V0VTM8,YIECHANG,"NO.63-3 LANE.192,SHUI YUAN RD FENG YUAN TAICHUNG 42084",TW,Taiwan,24.259891,120.754364,TW-TXG,False,TW-TXG,False,,True,False,True,False,False,Tier 1 (finished goods),Nike labels,0,NIKE|EQUIPMENT,,True,False,31.0,False,False,False,False,
TW2019085VYFKZY,"MEN-CHUEN FIBRE INDUSTRY CO., LTD. (TAIWAN)","NO.31,XINGLONG ST.,CHANGXING VIL., LUZHU TOWNSHIP,TAOYUAN COUNTY 338, TAIWAN TAOYUAN T'AI-WAN 338",TW,Taiwan,25.0593978,121.28078,TW-TAO,False,TW-TAO,True,wet process,False,False,False,True,False,Tier 2 (materials and processing),adidas list,0,Fabric|Knit Fabric|FABRIC,MEN CHUEN|MEN CHUEN FIBRE INDUSTRY,False,True,160.5,False,False,False,False,
TW2019085Y1PQ0G,"YICHANE CO., LTD.","NO. 34, LANE 172, CHENSI ST., ANNAN DISTRICT, TAINAN CITY, TAIWAN",TW,Taiwan,23.0585336,120.1358346,TW-TNN,False,TW-TNN,False,,True,True,False,True,False,Tier 1 (finished goods),Nike labels,0,NIKE|EQUIPMENT|ACCESSORIES|EYEWEAR CASES,REM OPTICAL,True,False,27.0,True,False,False,False,
TW2019087XY19DR,"De Licacy Industrial Co., Ltd.","No. 240, Sanshe, Xinshi Dist., Tainan, 744007",TW,Taiwan,23.090255,120.295257,TW-TNN,False,TW-TNN,True,wet process,False,False,False,True,False,Tier 2 (materials and processing),adidas list,0,Fabric|Fabric|Woven Fabrics|FABRIC|Fabric,DE LICACY|DE LICACY INDUSTRIAL LUCKY UNIQUE|LUCKY UNIQUE ENTERPRISE DE LICACY,False,True,431.0,False,False,False,False,
TW2019093BBGG81,CHUAN CHENG (YUN LIN) FACTORY,"14, JUNG CUN ROAD, PU-ZAI CUN, CI TONG HSIANG YUAN LIN HSIEN",TW,Taiwan,22.6158015,120.7120023,TW-PIF,False,TW-PIF,False,,True,False,True,False,False,unknown,none,0,,,False,False,48.0,False,False,False,False,
TW2019093W3WY1X,JADE LONG JOHN,"NO.350, FUXING RD. CHANGHUA SHE-TOU SHANG 510",TW,Taiwan,23.8992037,120.5827201,TW-CHA,False,TW-CHA,False,,True,False,True,False,False,unknown,none,0,,,False,False,,False,False,False,False,
TW20191588P4CVE,Hope Land Enterprise Company Limited,No 588 Sec 6 Changrong Rd Liuyin Dist Tainan City Taiwan,TW,Taiwan,22.9824209,120.2159579,TW-TNN,False,TW-TNN,True,primary,False,False,False,True,False,Tier 1 (finished goods),adidas list,0,,,False,False,64.0,False,False,False,False,
TW2020029TQNDQ4,Yan Lin Industrial Co Ltd,"No.9, Ln, 360 Shuiwei 2nd Rd (blank) (blank) Changhua 500 Changhua Taiwan",TW,Taiwan,24.0760942,120.502719,TW-CHA,False,TW-CHA,True,primary,False,False,False,True,False,Tier 1 (finished goods),adidas list,0,,,False,False,66.5,False,False,False,False,
TW20200530MXQ43,TLC/TiongLiong-Taiwan,"No.8, Ln. 758, Sec. 3, Zhongqing Rd.,  Daya Dist.  Taiwan ",TW,Taiwan,24.2129652,120.6512894,TW-TXG,False,TW-TXG,False,,True,False,True,False,False,unknown,none,0,,,False,False,,False,False,False,False,
TW2020053CA57F8,"Shan Been Jeou Industrial Co., Ltd.","No 60, Lane 132, Sha Tian Road Section 2, Dadu Taichung 43244",TW,Taiwan,24.2359835,120.559378,TW-TXG,False,TW-TXG,False,,True,True,False,True,False,Tier 2 (materials and processing),Nike labels,0,FOOTWEAR|MATERIALS|NIKE|Leather Accessories|Shoe Upper,SHAN BEEN,False,False,59.0,False,False,False,False,
TW2020053R3VEZT,"Ting Sho Tech Co., Ltd."," No. 11, Singgong Rd., Pitou Townsip, Changhua, Taiwan 523 Changhua Changhua ",TW,Taiwan,23.8714501,120.4804048,TW-CHA,False,TW-CHA,True,wet process,False,False,False,True,False,Tier 2 (materials and processing),adidas list,0,,TING SHO,False,False,,False,False,False,False,
TW2020053X6M2H1,ECI ELASTIC CO LTD,"No 16, Shin Yeh Rd, Fu Shin, Changhua, Taiwan 50662",TW,Taiwan,24.0841289,120.552565,TW-CHA,False,TW-CHA,True,wet process,False,False,False,True,False,Tier 2 (materials and processing),adidas list,0,Trims|TRIMS,E C I ELASTIC,False,False,420.0,False,False,False,False,
TW2020053XSWS9B,Pou Chen Corporation,"NO. 2, FU KUNG RD. FU HSIN HSIAN, CHANG HWA, CHANGHUA, 506, TAIWAN",TW,Taiwan,24.0119046,120.4895714,TW-CHA,False,TW-CHA,False,,True,False,True,False,False,unknown,none,0,Footwear,,False,False,1789.0,False,False,False,False,
TW2020325WHFP1C,"E.Textint Corp./ Stanwell-Expan Co., LTD","No.8, Dinghu 9th St., Guishan Dist, 333 Taoyuan City",TW,Taiwan,25.0377912,121.3680981,TW-TAO,False,TW-TAO,False,,True,True,False,True,False,Tier 1 and 2 (conflicting reports),Nike labels,0,Trims|APPAREL|NIKE|Trims|TRIMS,E TEXTINT|STANWELL EXPAN,False,True,344.0,False,False,False,False,
TW2020349Q5T8SP,Wang Chu Embroidery Co. Ltd.,"5th Fl. No.3, Alley 11 Lane 327, Zhongsang Rd., Sec. 2, Jhong-he District, New Taipei City",TW,Taiwan,25.0792018,121.5427093,TW-TPE,False,TW-TPE,False,,True,True,False,True,False,Tier 1 (finished goods),Nike labels,0,APPAREL|NIKE,NATIONAL EMBLEM,False,False,14.0,False,False,False,True,
TW2020349T88STW,"Dah Jeng Embroidery, Inc.","4F, No. 68 Jiuquing St. Luzhou District Luzhou District",TW,Taiwan,25.0868908,121.4715241,TW-TPQ,False,TW-TPQ,False,,True,True,False,True,False,Tier 1 (finished goods),Nike labels,0,APPAREL|MATERIALS|NIKE|Embroidery patch,EMBLEM SOURCE|THE EMBLEM SOURCE,False,True,87.0,False,False,False,False,
TW2021033QC85JR,Taiwan Paiho Ltd.,"No.575, Ho Kang Road, Ho Mei Town, Chang Hua County, Taiwan",TW,Taiwan,24.0716583,120.5624474,TW-CHA,False,TW-CHA,False,,True,True,False,True,False,Tier 2 (materials and processing),Nike labels,0,FOOTWEAR|MATERIALS|NIKE,PAIHO,False,False,917.0,True,False,False,False,
TW2021033V5V34R,"Long John Tsung Right Industrial Co., Ltd","No.350, Fuxing Rd., Beidou Township, Changhua County 521, Taiwan (R.O.C.)",TW,Taiwan,23.8831916,120.5949825,TW-CHA,False,TW-CHA,True,wet process,False,False,False,True,False,Tier 2 (materials and processing),adidas list,0,,JADE LONG JOHN,False,False,239.5,False,False,False,False,
TW20211360TJPVQ,"Fortune Spring Co.,LTD","292, Sec.2, Hsin Hua Rd, Taoyuan, Guan-in Shiang, Taoyuan, , ",TW,Taiwan,25.0359365,121.1137544,TW-TAO,False,TW-TAO,True,wet process,False,False,False,True,False,Tier 2 (materials and processing),adidas list,0,,GRAND TEXTILE,False,False,68.5,False,False,False,False,
TW2021139YYVDAB,"Chang Wong Industrial Co., Ltd.","No. 139, Lane 92 Feng Nan Street, Feng Yuan DistrictTaichung420",TW,Taiwan,24.2521213,120.7234816,TW-TXG,False,TW-TXG,False,,True,True,False,True,False,Tier 1 (finished goods),Nike labels,0,NIKE|EQUIPMENT|Accessories,,True,False,31.0,False,False,False,False,
TW2021340PJZ9X4,High Cedar Enterprise Co Ltd,"168-6 Hai Pin Road Ching Shui, Taichung",TW,Taiwan,24.2671289,120.5734819,TW-TXG,False,TW-TXG,True,licensee,False,False,False,True,False,Tier 1 (finished goods),adidas list,0,,,False,False,80.0,True,False,False,False,
TW20220646AJM4N,"YKK TAIWAN CO., LTD. CHUNG LI 3RD FACTORY","NO.28, HEDING RD., ZHONGLI DIST, TAOYUAN, Taiwan, 32061",TW,Taiwan,24.9887449,121.2453783,TW-TAO,False,TW-TAO,False,,True,True,False,True,False,Tier 2 (materials and processing),Nike labels,0,Trims|Trims|APPAREL|MATERIALS|NIKE|Trims|TRIMS,YKK TAIWAN|YKK,False,True,135.0,False,False,False,False,
TW20220648Y9RCE,"GWAN MIN ENTERPRISE CO., LTD","NO.32, ZHONGSHAN RD.,, NEW TAIPEI, 23680",TW,Taiwan,24.963118,121.424318,TW-TPQ,False,TW-TPQ,True,wet process,False,False,False,True,False,Tier 2 (materials and processing),adidas list,0,,NEW WIDE,False,False,50.0,False,False,False,False,
TW20220653DVZEM,"Chun Yu Ribbon ENT Co., Ltd.","No 557 Sec  4 Zhangshui Rd  Pitou Township , Changhua, Changhua, 523",TW,Taiwan,23.9187719,120.4726431,TW-CHA,False,TW-CHA,False,,True,True,False,True,False,Tier 2 (materials and processing),Nike labels,0,APPAREL|MATERIALS|NIKE,CHI YANG RIBBON,False,False,139.0,False,False,False,False,
TW20220655ND5GR,ECI ELASTIC CO LTD,"No 13 15 Shin Yeh Rd , Changhua, Changhua, 506",TW,Taiwan,24.0377011,120.4242401,TW-CHA,False,TW-CHA,False,,True,True,False,True,False,Tier 2 (materials and processing),Nike labels,0,APPAREL|MATERIALS|NIKE,ECI,False,False,330.0,False,False,False,False,
TW202206598XFKC,Pou Chen Corporation,"No. 2, Fugong Rd, Fuxing Township, Changhua, Changhua, 506",TW,Taiwan,24.0140828,120.4877611,TW-CHA,False,TW-CHA,False,,True,True,False,True,False,Tier 1 (finished goods),Nike labels,0,FOOTWEAR|NIKE,,False,False,1750.0,False,False,False,False,
TW20220659QP32Q,YKK Taiwan Chung Li 2nd Factory,"No 12 CHI LIN NORTH ROAD CHUNG LI, Taoyuan, Taoyuan, 32062",TW,Taiwan,24.9553806,121.2300015,TW-TAO,False,TW-TAO,True,wet process,True,True,False,True,False,Tier 2 (materials and processing),adidas list,0,Trims|Trims|APPAREL|MATERIALS|NIKE|Trims|TRIMS,YKK TAIWAN|YKK|YKK YOSHIDA KOGYO KABUSHIKIKAISHA,False,True,1271.0,False,False,False,False,
TW2022065GE5BKX,GOLD LONG JOHN (TR1) (TAIWAN),"NO350  Fuxing Rd  Beidou Township, Changhua, Changhua, 52147 / 51341",TW,Taiwan,23.8803926,120.5238238,TW-CHA,False,TW-CHA,False,,True,True,False,True,False,Tier 2 (materials and processing),Nike labels,0,FOOTWEAR|MATERIALS|NIKE,GOLD LONG JOHN,False,False,580.0,False,False,False,False,
TW2022065NXRXMQ,CHI YANG RIBBON,"NO219 Guan Hai BLVD Bali district, New Taipei, New Taipei, 241",TW,Taiwan,25.1620803,121.4243893,TW-TPQ,False,TW-TPQ,False,,True,True,False,True,False,Tier 2 (materials and processing),Nike labels,0,APPAREL|MATERIALS|NIKE,,False,False,79.0,False,False,False,False,
TW2022065SQ04S9,ECLAT-V (TAIPEI),"No 28 Wu Chuan Rd, Taipei, Taipei, 248",TW,Taiwan,25.0888058,121.43419,TW-TPQ,False,TW-TPQ,False,,True,False,True,False,False,unknown,none,0,APPAREL|MATERIALS|NIKE,ECLAT,False,False,970.0,False,False,False,False,
TW2022065VWX69Z,"Min huan industrial co., Ltd.","No 184 Ln 464, Shengang Township, Changhua, 509",TW,Taiwan,24.158174,120.4982653,TW-CHA,False,TW-CHA,False,,True,False,True,False,False,unknown,none,0,FOOTWEAR|MATERIALS|NIKE,,True,False,55.0,False,False,False,False,
TW2022082J2CJM1,"TIONG LIONG-Tiong Liong Industrial Co., Ltd. (Dyeing)","NO 22 Gongye Rd Fangyuan Township, Changhua County, Changhua, 528",TW,Taiwan,23.9165499,120.3528739,TW-CHA,False,TW-CHA,False,,True,False,True,False,False,unknown,none,0,FOOTWEAR|MATERIALS|NIKE,NAM LIONG,False,False,95.0,False,False,False,False,
TW2022145QRZSDF,ACE Accessories LTD.  ,"3F, No. 190, Gongye 9th Rd. , Dali District, , Taichuang City 412",TW,Taiwan,24.100971,120.7110165,TW-TXG,False,TW-TXG,False,,True,True,False,True,False,Tier 1 (finished goods),Nike labels,0,Accessories|Accessories|Accessories,TING SIN|SAN MARCO INTL DBA GEM DANDY,False,True,55.5,False,False,False,False,
TW20222491X4V1Y,"LI CHENG ENTERPRISE CO., LTD.","No. 5, Dougong 12th Rd.,, Douliu City,,",TW,Taiwan,23.7116158,120.5956631,TW-YUN,False,TW-YUN,False,,True,True,False,True,False,Tier 1 (finished goods),Nike labels,0,FOOTWEAR|MATERIALS|NIKE,,False,False,360.0,False,False,False,False,
TW202229206K4WQ,Ming Feng Plastic Co Ltd,"No.2, Lane 292, Dalin Road,, Daya District, Taichung 42847",TW,Taiwan,24.244798,120.6516171,TW-TXG,False,TW-TXG,True,licensee,False,False,False,True,False,Tier 1 (finished goods),adidas list,0,,,False,False,22.0,False,False,False,False,
TW20222927D62YR,"Sin Da Co., Ltd","No.34, Gongye Rd.,, Fangyuan Township, Houliao Village, Changhua County, Changhua 528011",TW,Taiwan,23.9215716,120.3547336,TW-CHA,False,TW-CHA,True,wet process,False,False,False,True,False,Tier 2 (materials and processing),adidas list,0,,LYEN CHIUNG INTERNATIONAL|YEE CHAIN,False,True,95.5,False,False,False,False,
TW2022299T1B6J3,Formosa Ting Sho (Taiwan),"No. 37, Sec. 2, Zhongshan Rd., Dacun Township,, Changhua 51542",TW,Taiwan,23.9817252,120.5691582,TW-CHA,False,TW-CHA,False,,True,True,False,True,False,Tier 2 (materials and processing),Nike labels,0,FOOTWEAR|MATERIALS|NIKE,FORMOSA TING SHO,False,False,90.0,False,False,False,False,
TW20223000SM0DE,"CHEN TAI LACES CO., LTD","NO.18, LN. 260, SEC. 3, LUCAO ROAD, LUKANG TOWN, CHANGHUA COUNTY,  CHANGHUA, ",TW,Taiwan,24.0922842,120.4484633,TW-CHA,False,TW-CHA,True,wet process,False,False,False,True,False,Tier 2 (materials and processing),adidas list,0,,CHEN TAI,False,False,28.0,False,False,False,False,
TW2022306549J86,"Liem May Industrial Co., Ltd","Liem May Industrial Co., Ltd., No. 51, Shinghai 1st Street, Ching Shui Taichung   Taichung Taiwan, Province of China Taichung  436",TW,Taiwan,24.2671289,120.5734819,TW-TXG,False,TW-TXG,True,licensee,False,False,False,True,False,Tier 1 (finished goods),adidas list,0,,GAMMA SPORTS,False,False,13.0,True,False,False,False,
TW2023062ZCS435,"Eclat Textile Co., Ltd.","14F., No.738, Zhongyang Rd.,,New Taipei City,,248",TW,Taiwan,25.0580798,121.4479004,TW-TPQ,False,TW-TPQ,False,,True,True,False,True,False,Tier 2 (materials and processing),Nike labels,0, Fabric |Garment ,ECLAT,False,False,979.5,False,False,False,False,
TW2024066Z66NWV,AMPLIFI TECHNOLOGIES INC.,"No. 222, Huaya 2nd Rd., Guishan Dist., ,Taoyuan City 333, Taiwan, Taoyuan City ,",TW,Taiwan,25.0463591,121.3743983,TW-TAO,False,TW-TAO,True,primary,False,False,False,True,False,Tier 1 (finished goods),adidas list,0,,,False,False,144.0,False,False,False,False,
TW20241321K3DTQ,"TIONG LIONG-Tiong Liong Industrial Co., Ltd. (Lamination)",NO 8 Lane 758 SEC 3 ZHONGQING RD Taichung City Taichung 428,TW,Taiwan,24.2128872,120.6500862,TW-TXG,False,TW-TXG,False,,True,True,False,True,False,Tier 2 (materials and processing),Nike labels,0,,TIONG LIONG,False,False,67.0,False,False,False,False,
TW202413280GWS6,"YieChang Industrial Co., Ltd.",No 389 Shuiyuan Rd Fengyuan Dist Taichung Taichung 420076,TW,Taiwan,24.2553641,120.7346582,TW-TXG,False,TW-TXG,False,,True,True,False,True,False,Tier 1 (finished goods),Nike labels,0,,YIECHONG,False,False,14.0,False,False,False,False,
TW2025071AGXE67,Jen-Wei Knitting Co. Ltd.,"No. 675, Sec. 2, Maxue Rd., Madou District., Tainan City, Taiwan R.O.C, Tainan, Taiwan",TW,Taiwan,23.1763401,120.2397336,TW-TNN,False,TW-TNN,True,licensee,False,False,False,True,False,Tier 1 (finished goods),adidas list,0,,,False,False,21.0,False,False,False,False,
TW2026015T83NXJ,"Promax Textile Co., Ltd. Taiwan","Đường 5, KCN Nhơn Trạch III - Giai đoạn 2, Long Thọ, Nhơn Trạch, Nhơn Trạch, Dong Nai",TW,Taiwan,23.69781,120.960515,TW-NAN,False,TW-NAN,True,wet process,False,False,False,True,False,Tier 2 (materials and processing),adidas list,0,,PROMAX TEXTILE,False,False,83.0,False,False,False,False,
TW2026233PXV12E,"San Fang Chemical Industry Co., Ltd.","402 FengJen RD, Jenwu Dist.Kaohsiung City, Kaohsiung",TW,Taiwan,22.7057951,120.3423604,TW-KHH,False,TW-KHH,True,wet process,False,False,False,True,False,Tier 2 (materials and processing),adidas list,0,,SAN FANG CHEMICAL,False,False,,False,False,False,False,
UA201909880CXBF,Hoch-Bereg LTD - Facility 2,"Petöfi u. 7,Petöfi u. 7,Nagybegany,Zakarpats'ka,Ukraine",UA,Ukraine,48.2453595,22.5687218,UA-21,False,UA-21,True,primary,False,False,False,True,False,Tier 1 (finished goods),adidas list,0,Accessories|Accessories,HOCHMUTH AND KG,False,False,217.25,False,False,False,False,
UA2019098F2RKYD,Hoch Bereg LTD,"Petöfi Sandor u.29,  Nagybereg, Veliki Beregi, 90242",UA,Ukraine,48.22901179999999,22.7485724,UA-21,False,UA-21,True,primary,False,False,False,True,False,Tier 1 (finished goods),adidas list,0,Accessories|Accessories|Accessories|Accessories,HOCHMUTH AND KG,False,False,122.0,False,False,False,False,
UA2019098SCDAWB,Hoch-Bereg LTD - Facility 3,"Macsola Street 112/1,Beregszász,Zakarpats'ka,Ukraine",UA,Ukraine,48.1576477,22.6290765,UA-21,False,UA-21,True,primary,False,False,False,True,False,Tier 1 (finished goods),adidas list,0,Accessories|Accessories,HOCHMUTH AND KG,False,False,78.5,False,False,False,False,
US20190850877QE,YESTERWEAR,705 SMITHVILLE ROAD LUMBERTON NEW JERSEY 8048,US,United States,39.977744,-74.7529969,US-NJ,False,US-NJ,False,,True,False,True,False,False,unknown,none,0,,,False,False,70.0,False,False,False,False,
US20190850NACP2,RIPON ATHLETIC,290 JUNCTION ST BERLIN WISCONSIN 54923,US,United States,43.9648365,-88.9385432,US-WI,False,US-WI,False,,True,True,False,True,False,Tier 1 (finished goods),Nike labels,0,APPAREL|NIKE,RIPON,False,False,143.0,False,False,False,False,
US2019085306WNV,"OREGON SCREEN IMPRESSIONS, INC.",3580 NE BROADWAY PORTLAND OREGON 97232,US,United States,45.5346985,-122.6263925,US-OR,False,US-OR,False,,True,True,False,True,False,Tier 1 (finished goods),Nike labels,0,APPAREL|NIKE,,False,False,101.0,False,False,False,False,
US20190853GENF6,SLANE HOSIERY MILLS - CENTENNIAL FACILITY,313 S.CENTENNIAL STREET HIGH POINT NORTH CAROLINA 27260,US,United States,35.9532078,-79.99871569999999,US-NC,False,US-NC,False,,True,False,True,False,False,Tier 1 (finished goods),Nike labels,0,NIKE|EQUIPMENT,SLANE,False,False,383.0,False,False,False,False,
US20190853RADM7,BLUE STAR GRAPHICS,2500 REGENT BOULEVARD DALLAS TEXAS 75261,US,United States,32.9422224,-97.0329876,US-TX,False,US-TX,False,,True,True,False,True,False,Tier 1 (finished goods),Nike labels,0,APPAREL|NIKE,BLUE STAR,False,False,47.0,False,False,False,False,
US20190854VTTWG,SLANE HOSIERY MILLS - FAIRFIELD FACILITY,550 WEST FAIRFIELD HIGH POINT NORTH CAROLINA 27263,US,United States,35.9240327,-79.9907762,US-NC,False,US-NC,False,,True,False,True,False,False,Tier 1 (finished goods),Nike labels,0,NIKE|EQUIPMENT,SLANE,False,False,304.0,False,False,False,False,
US201908555TME7,"K-L MFG. CO., INC.",2438 NORTH RUBY STREET SPOKANE WASHINGTON 99207,US,United States,47.680256,-117.408729,US-WA,False,US-WA,False,,True,True,False,True,False,Tier 1 (finished goods),Nike labels,0,APPAREL|NIKE,K AND L MANUFACTURING,False,False,101.5,False,False,False,False,
US201908559YZ4G,SUSSEX IM,N65 W24770 MAIN STREET SUSSEX WISCONSIN 53089,US,United States,43.1364489,-88.2385522,US-WI,False,US-WI,False,,True,False,True,False,False,Tier 1 (finished goods),Nike labels,0,NIKE|EQUIPMENT,,True,False,287.5,False,False,False,False,
US20190855JWADB,EVERGREEN APPAREL MFG.,845 NW 231ST AVE. HILLSBORO OREGON 97124,US,United States,45.5259081,-122.9150939,US-OR,False,US-OR,False,,True,True,False,True,False,Tier 1 (finished goods),Nike labels,0,APPAREL|NIKE,YY AND ASSOCIATES,False,False,22.0,False,False,False,False,
US201908567E3RQ,LOGO CAPITAL,3925 WHEELER AVENUE ALEXANDRIA VIRGINIA 22304,US,United States,38.80810839999999,-77.0987344,US-VA,False,US-VA,False,,True,False,True,False,False,unknown,none,0,,,False,False,24.0,False,False,False,True,
US20190856GYX7S,STAPLES PROMOTIONAL PRODUCTS,1520 ALBANY PLACE SE ORANGE CITY IOWA 51041,US,United States,42.9882556,-96.0589847,US-IA,False,US-IA,False,,True,True,False,True,False,Tier 1 (finished goods),Nike labels,0,APPAREL|NIKE,STAPLES CONTRACT AND COMMERCIAL,True,False,305.5,False,False,False,False,
US201908584Z3GZ,ARTFX INC,1125 AZALEA GARDEN ROAD NORFOLK VIRGINIA 23502,US,United States,36.8580736,-76.2340615,US-VA,False,US-VA,False,,True,False,True,False,False,unknown,none,0,,,False,False,534.0,False,False,False,False,
US2019085A35TV8,C.C. CREATIONS,1800 SHILOH AVENUE BRYAN TEXAS 77803,US,United States,30.653388,-96.410641,US-TX,False,US-TX,False,,True,True,False,True,False,Tier 1 (finished goods),Nike labels,0,APPAREL|NIKE,CC CREATIONS,True,False,304.0,False,False,False,False,
US2019085CE97P1,STAPLES PROMOTIONAL PRODUCTS,710 S HWY 143 MARCUS IOWA 51035,US,United States,42.8086511,-95.80117419999999,US-IA,False,US-IA,False,,True,True,False,True,False,Tier 1 (finished goods),Nike labels,0,APPAREL|NIKE,STAPLES CONTRACT AND COMMERCIAL,True,False,67.0,False,False,False,True,
US2019085DEF33H,C&W EMBROIDERY,386 HWY 356 RIENZI MISSISSIPPI 38865,US,United States,34.7626447,-88.5547481,US-MS,False,US-MS,False,,True,True,False,True,False,Tier 1 (finished goods),Nike labels,0,APPAREL|NIKE,C AND W,False,False,143.0,False,False,False,False,
US2019085DYWE4T,"FJORD, LTD.",3099 N.PACIFIC HIGHWAY. SUITE 100 WOODBURN OREGON 97071,US,United States,45.1595788,-122.8253864,US-OR,False,US-OR,False,,True,True,False,True,False,Tier 1 (finished goods),Nike labels,0,APPAREL|NIKE,TEGRA,False,False,111.0,False,False,False,False,
US2019085E8MKNK,"KIM'S EMBROIDERY, INC.",8770 SW BURNHAM STREET PO PORTLAND OREGON 97223,US,United States,45.4263349,-122.7672113,US-OR,False,US-OR,False,,True,True,False,True,False,Tier 1 (finished goods),Nike labels,0,APPAREL|NIKE,KIMS EMBROIDERY,False,False,4.5,False,False,False,True,
US2019085ET9QX6,ARTFX CONCORD,244 MANOR AVE SW CONCORD NORTH CAROLINA 28025,US,United States,35.3839933,-80.5692767,US-NC,False,US-NC,False,,True,True,False,True,False,Tier 1 (finished goods),Nike labels,0,APPAREL|NIKE,TEGRA,False,False,116.0,False,False,False,True,
US2019085FCJ19R,HAPCO SCREEN PRINTING,"546-548 ELM STREET EMMAUS, PENNSYLVANIA 18049",US,United States,40.5366586,-75.4974683,US-PA,False,US-PA,False,,True,False,True,False,False,unknown,none,0,,NULL,False,False,33.5,False,False,False,False,
US2019085FPV4PV,RJ LIEBE ATHLETIC LETTERING CO.,582 GODDARD AVE. CHESTERFIELD MISSOURI 63005,US,United States,38.666651,-90.63354,US-MO,False,US-MO,True,primary,True,True,False,True,False,Tier 1 (finished goods),adidas list,0,APPAREL|MATERIALS|NIKE,NULL,False,False,25.0,False,False,False,False,
US2019085GFAQHJ,BIG GAME SPORTS,13835 WELCH RD DALLAS TEXAS 75244,US,United States,32.93669,-96.830947,US-TX,False,US-TX,True,primary,True,True,False,True,False,Tier 1 (finished goods),adidas list,0,APPAREL|NIKE,,True,False,46.0,False,False,False,False,
US2019085GJZJ3Q,"PARAMOUNT APPAREL INT'L, INC. (WINONA MO)",HIGHWAY 19 WINONA MISSOURI 65588,US,United States,37.009779,-91.32371479999999,US-MO,False,US-MO,False,,True,True,False,True,False,Tier 1 (finished goods),Nike labels,0,APPAREL|NIKE,PARAMOUNT,True,False,104.5,False,False,False,False,
US2019085JG5VKP,"U.S. EMBROIDERY, LLC",7929 SW BURNS WAY WILSONVILLE OREGON 97070,US,United States,45.3325721,-122.7597374,US-OR,False,US-OR,False,,True,True,False,True,False,Tier 1 (finished goods),Nike labels,0,APPAREL|NIKE,US EMBROIDERY,False,False,19.0,False,False,False,True,
US2019085KNEG5C,LATITUDES,2425 NE RIVERSIDE WAY PORTLAND OREGON 97211,US,United States,45.5814875,-122.6395075,US-OR,False,US-OR,False,,True,False,True,False,False,Tier 1 (finished goods),Nike labels,0,APPAREL|NIKE,TEGRA,False,False,57.0,False,False,False,True,
US2019085NDY64B,H&H SCREENING & GRAPHICS INC.,2388 LA MIRANDA DR. VISTA CALIFORNIA 92081,US,United States,33.1511524,-117.2271001,US-CA,False,US-CA,False,,True,False,True,False,False,unknown,none (keyword guess removed),0,,,False,False,34.0,False,False,False,False,
US2019085TSADY9,TEAM EDITION APPAREL,4208 19TH STREET COURT EAST BRADENTON FLORIDA 34208,US,United States,27.46284,-82.539667,US-FL,False,US-FL,True,primary,True,True,False,True,False,Tier 1 (finished goods),adidas list,0,APPAREL|NIKE,TEAM EDITION,False,False,165.0,False,False,False,False,
US2019085W9H6B8,TUKES PRINTING,3 EAST MAIN STREET TREMONT PENNSYLVANIA 17981,US,United States,40.62912439999999,-76.38497459999999,US-PA,False,US-PA,False,,True,False,True,False,False,unknown,none,0,,,False,False,51.0,False,False,False,False,
US2019093ZAPGR7,"PARAMOUNT APPAREL INTERNATIONAL, INC.",#1 PARAMOUNT DRIVE BOURBON MISSOURI 65441,US,United States,38.1567125,-91.2567644,US-MO,False,US-MO,True,primary,True,False,True,True,False,Tier 1 (finished goods),adidas list,0,APPAREL|NIKE,PARAMOUNT|NULL,False,True,311.0,False,False,False,False,
US201909842GS3Q,T Formation of Tallahassee Inc.,"864 Commerce Blvd.,Midway,Florida,United States",US,United States,30.493274,-84.41718449999999,US-FL,False,US-FL,True,primary,False,False,False,True,False,Tier 1 (finished goods),adidas list,0,Raw Material,,False,False,81.0,False,False,False,True,
US20191438X7WCG,All Star Lettering,9419 Ann St   Santa Fe Springs 90670 California United States,US,United States,33.9561328,-118.0571211,US-CA,False,US-CA,True,primary,False,False,False,True,False,Tier 1 (finished goods),adidas list,0,,,False,False,31.5,False,False,False,False,
US2019143962P47,"Liebe Dallas, LLC",2030 S Hwy 45   Corsicana 75110 Texas United States,US,United States,32.099754,-96.4415502,US-TX,False,US-TX,True,primary,False,False,False,True,False,Tier 1 (finished goods),adidas list,0,,,False,False,24.5,False,False,False,False,
US2019143YQ6ZD3,Team Pride Athletic Apparel LLC,2196 Sweetgum Rd   Rochester 46975 Indiana United States,US,United States,41.04987209999999,-86.2316488,US-IN,False,US-IN,True,primary,False,False,False,True,False,Tier 1 (finished goods),adidas list,0,,,False,False,57.5,False,False,False,False,
US20191923PNDNG,G&G Outfitters Inc.,4901 Forbes Blvd,US,United States,38.9574816,-76.8355172,US-MD,False,US-MD,False,,True,True,False,True,False,Tier 1 (finished goods),Nike labels,0,Apparel|Apparel,,False,False,250.5,False,False,False,False,
US2020114435RF5,MAJESTIC ATHLETIC,"2320 NEWLINS MILL RD, EASTON, PENNSYLVANIA, 18045, UNITED STATES OF AMERICA",US,United States,40.7253063,-75.2704041,US-PA,False,US-PA,False,,True,False,True,False,False,Tier 1 (finished goods),Nike labels,0,APPAREL|NIKE,FANATICS,True,False,484.0,False,False,False,False,
US2020114XV4VMX,"BC GRAPHICS, INC","19000 SW 11TH ST., SUITE 400, BEAVERTON, OREGON, 97005, UNITED STATES OF AMERICA",US,United States,45.479215,-122.8003064,US-OR,False,US-OR,False,,True,False,True,False,False,Tier 1 (finished goods),Nike labels,0,APPAREL|NIKE,,False,False,19.0,False,False,False,False,
US2020254KW1S33,Pacific Athletic Wear,Garden Grove California,US,United States,33.7742692,-117.9379952,US-CA,False,US-CA,False,,True,True,False,True,False,Tier 1 (finished goods),Nike labels,0,APPAREL|NIKE,,False,False,101.0,False,False,False,False,
US2020296W380Y2,Global Sales & Warehousing,1500 East Third St,US,United States,35.2125829,-80.8297774,US-NC,False,US-NC,False,,True,False,True,False,False,Tier 1 (finished goods),Nike labels,0,NIKE|EQUIPMENT,GLOBAL SALES WAREHOUSING,True,False,38.0,False,False,False,True,
US2020304CQ2M9N,ArtFX LLC,"3801 E Princess Anne Rd, Norfolk, VA 23502, USA",US,United States,36.8648826,-76.2379543,US-VA,False,US-VA,False,,True,True,False,True,False,Tier 1 (finished goods),Nike labels,0,APPAREL|NIKE,TEGRA,False,False,379.0,False,False,False,False,
US2020349PDNTQ5,adidas Indy,8677 Impact Ct. Indianapolis IN 46219,US,United States,39.8023135,-86.0175783,US-IN,False,US-IN,True,primary,False,False,False,True,False,Tier 1 (finished goods),adidas list,0,,,False,False,184.0,False,False,False,False,
US202113926VRRD,GUARDLAB INC,"171 MILBAR BLVD, FARMINGDALE, NEW YORK",US,United States,40.7504177,-73.41535329999999,US-NY,False,US-NY,False,,True,False,True,False,False,Tier 1 (finished goods),Nike labels,0,EQUIPMENT|NIKE,,True,False,7.0,False,False,False,False,
US2021139QW9MAM,"A & K DESIGNS, INC.","8564 NE ALDERWOOD ROAD, PORTLAND, OREGON",US,United States,45.5711345,-122.5750315,US-OR,False,US-OR,False,,True,True,False,True,False,Tier 1 (finished goods),Nike labels,0,APPAREL|NIKE,,False,False,111.0,False,False,False,False,
US2021154N9BZCB,Yarrington Mills,412 S Warminster Rd Hatboro PA 19040,US,United States,40.1675603,-75.104047,US-PA,False,US-PA,True,licensee,False,False,False,True,False,Tier 1 (finished goods),adidas list,0,,NULL,False,False,24.0,False,False,False,False,
US2021344NTEZE2,"Walt USA, LLC","2929 N Main St, North Logan, UT 84341, USA",US,United States,41.7722399,-111.8347485,US-UT,False,US-UT,False,,True,True,False,True,False,Tier 1 (finished goods),Nike labels,0,EQUIPMENT|NIKE,ZHEJIANG WALT,False,False,43.0,False,False,False,False,
US2022065GY1M0W,Velcro Usa Inc.,"95 Sundial Avenue, Manchester, New Hampshire, 3103",US,United States,42.9694528,-71.4703798,US-NH,False,US-NH,False,,True,False,True,False,False,unknown,none,0,MATERIALS|APPAREL|NIKE,VELCRO,False,False,400.25,False,False,False,False,
US2022082XJ6DVN,"Robinson Manufacturing Company, Dayton","1184 Broadway, Dayton, Tennessee, 37321",US,United States,35.5118511,-85.0065342,US-TN,False,US-TN,False,,True,True,False,True,False,Tier 1 (finished goods),Nike labels,0,APPAREL|NIKE,ROBINSON,False,False,58.0,False,False,False,False,
US20223006VEME2,"Uni-Sport, Inc","16933 Gramercy Place, Gardena, CA, USA",US,United States,33.8768214,-118.3140146,US-CA,False,US-CA,False,,True,True,False,True,False,unknown,none (keyword guess removed),0,,UNISPORT,False,False,21.0,False,False,False,False,
US2022300ACRG1G,Coty US LLC,"1400 Broadway Road,  Sanford, North Carolina",US,United States,35.4569145,-79.11074889999999,US-NC,False,US-NC,True,licensee,False,False,False,True,False,Tier 1 (finished goods),adidas list,0,,COTY BV,False,False,701.0,False,False,False,False,
US20230698QW4B8,Blue Ridge Designs LLC,"358 Industrial Park Dr, Hillsville VA. 24343",US,United States,36.7427555,-80.7632441,US-VA,False,US-VA,False,,True,True,False,True,False,Tier 1 and 2 (conflicting reports),Nike labels,0,,CYGNUS INV|NULL,False,True,49.0,False,False,False,False,
US2023198Y6WCJZ,"Spirit Threads, LLC","681 N. Plano Road,Suite 101,Richardson,Texas",US,United States,32.9577655,-96.70057639999999,US-TX,False,US-TX,True,primary,False,False,False,True,False,Tier 1 (finished goods),adidas list,0,,,False,False,55.0,False,False,False,False,
US2024105KCG8BR,Fanatics Licensed Sports Group (Easton),"2320 Newlins Mill Road, Easton, Pennsylvania, 18045",US,United States,40.7255065,-75.26939639999999,US-PA,False,US-PA,False,,True,True,False,True,False,Tier 1 (finished goods),Nike labels,0,,FANATICS APPAREL|FANATICS,False,True,450.0,False,False,False,False,
US20241322BXWZV,"Paramount Apparel International, LLC.",1916 Imperial Way Bourbon Missouri 65441,US,United States,38.1547697,-91.2440328,US-MO,False,US-MO,False,,True,True,False,True,False,Tier 1 (finished goods),Nike labels,0,,PARAMOUNT,False,False,293.0,False,False,False,False,
US2024225CJ6GP3,LA LA LAND PRODUCTION & DESIGN,"1701 S SANTA FE AVE, Los Angeles, California",US,United States,34.0244363,-118.2306678,US-CA,False,US-CA,True,primary,False,False,False,True,False,Tier 1 (finished goods),adidas list,0,,,False,False,35.0,False,False,False,False,
US2024329AYS2EF,SFO APPAREL INC. (SEWING & CUTTING),"41 PARK PLACE, BRISBANE, CALIFORNIA, 94005, USA",US,United States,37.6859577,-122.402192,US-CA,False,US-CA,False,,True,True,False,True,False,Tier 1 (finished goods),Nike labels,0,APPAREL|NIKE,SFO APPAREL,False,False,63.5,False,False,False,False,
US2025071CFGNTK,Triform Custom Apparel,"13205 Arrington Road, Grandview, Missouri",US,United States,38.8844985,-94.5462036,US-MO,False,US-MO,True,primary,False,False,False,True,False,Tier 1 (finished goods),adidas list,0,,,False,False,49.0,False,False,False,False,
VN20190831KV57P,"Pro Kingtex Vietnam Co., Ltd.",D10/89Q National Highway 1A (Builiding Y4)  Tan Tao Ward  Binh Tan District Ho Chi Minh Ho Chi Minh,VN,Vietnam,10.7514195,106.5928333,VN:Ho Chi Minh City,False,VN-SG,False,,True,True,False,True,False,Tier 1 (finished goods),Nike labels,0,APPAREL|NIKE,EAGLE NICE,False,False,2087.0,True,False,False,False,Resolution 202/2025/QH15 Art.1 item 16
VN20190831ZWCX0,Maxport Limited Vietnam - Nam Dinh - Maxport 5,"Lot No. 85,Map No. 44,Nam Dinh City",VN,Vietnam,20.4388225,106.1621053,VN:Ninh Binh,False,VN-67,False,,True,True,False,True,False,Tier 1 (finished goods),Nike labels,0,APPAREL|NIKE|Apparel,MAXPORT|MAXPORT VIETNAM,False,True,1622.0,False,False,False,False,Resolution 202/2025/QH15 Art.1 item 8
VN20190834PF3KT,"Saigon Daryar Plastic Co., Ltd.",No. 27C Road Dt 743 Song Than 2 Industrial Park Di An Ward Di An Town Binh Duong,VN,Vietnam,10.8947296,106.752693,VN:Ho Chi Minh City,False,VN-57,False,,True,True,False,True,False,Tier 1 (finished goods),Nike labels,0,EQUIPMENT|NIKE,SAIGON DARYAR|WELLPOWER COMMERCE,False,True,418.5,False,False,False,False,Resolution 202/2025/QH15 Art.1 item 16
VN201908364RV80,"Star Fashion Co., Ltd.",Lot Cn-B4 Phu Nghia Industrial Park  Phu Nghia Commune  Chuong My District Hanoi Thu Do Ha Noi,VN,Vietnam,20.9303568,105.656734,VN:Hanoi,False,VN-HN,True,primary,False,False,False,True,False,Tier 1 (finished goods),adidas list,0,Apparel|Apparel,CRYSTAL SL GLOBAL PTE,False,False,4670.0,False,False,False,False,Resolution 202/2025/QH15 Art.1 item 24
VN20190836FGJE0,Maxport Limited Vietnam - Nam Dinh Branch - Maxport 6,"361 Nguyen Van Troi,Nang Tinh Ward,Nam Dinh Province",VN,Vietnam,20.4126972,106.1698863,VN:Ninh Binh,False,VN-67,False,,True,True,False,True,False,Tier 1 (finished goods),Nike labels,0,APPAREL|NIKE,MAXPORT,False,False,502.5,False,False,False,False,Resolution 202/2025/QH15 Art.1 item 8
VN201908384PDNZ,Pouyuen Vietnam Company Limited,"D10/89Q Quoc Lo 1A, Phuong Tan Tao, Quan Binh Tan, TP, HCM, Vietnam",VN,Vietnam,10.7514195,106.5928333,VN:Ho Chi Minh City,False,VN-SG,True,primary,True,False,True,True,False,Tier 1 (finished goods),adidas list,0,Footwear|Outdoor wear and outdoor products|Footwear,POU CHEN|THE LOOK MACAO COMMERCIAL OFFSHORE|TAIWAN POUCHEN INTERNATIONAL,False,True,6201.0,True,False,False,False,Resolution 202/2025/QH15 Art.1 item 16
VN2019083AAEXZS,Viet Thinh Garment JSC.,58 Thoai Ngoc Hau Street  Hoa Thanh Ward  Tan Phu District Ho Chi Minh Ho Chi Minh,VN,Vietnam,10.783775,106.6379775,VN:Ho Chi Minh City,False,VN-SG,False,,True,True,False,True,False,Tier 1 (finished goods),Nike labels,0,APPAREL|NIKE,SOUTH ISLAND|TEIJIN FRONTIER USA,False,True,1561.0,False,False,False,False,Resolution 202/2025/QH15 Art.1 item 16
VN2019083AXMRBS,"Eclat Textile Co., Ltd. (Vietnam)","Lot 1, 5a Road, Nhon Trach Ii Industrial Zone, Nhon Trach, Dong Nai, 71999",VN,Vietnam,10.7239137,106.9239773,VN:Dong Nai,False,VN-39,False,,True,True,False,True,False,Tier 1 (finished goods),Nike labels,0,Garment | Home Goods|APPAREL|NIKE|Apparel|Knits|Apparel|KNIT,ECLAT TEXTILE|ECLAT TEXTILES|ECLAT,False,True,4994.0,False,True,False,False,Resolution 202/2025/QH15 Art.1 item 17
VN2019083EWQYF9,"Kwang Viet Garment Co., Ltd.",Lot 10 Unit 2 Nguyen Van Ni Street Cu Chi Town Cu Chi District Ho Chi Minh Ho Chi Minh,VN,Vietnam,10.9740589,106.4922869,VN:Ho Chi Minh City,False,VN-SG,True,primary,False,False,False,True,False,Tier 1 (finished goods),adidas list,0, Home Goods,QUANG VIET ENTERPRISE,False,False,5143.5,False,False,False,False,Resolution 202/2025/QH15 Art.1 item 16
VN2019083FKTZ2R,"Jia Hsin Co., Ltd.",D1-D6 Cau Tram Industrial Park Cau Tram Village Long Trach Commune Can Duoc Dist Long An Province Can Duoc District Long An,VN,Vietnam,10.6250133,106.5885281,VN:Tay Ninh,False,VN-41,True,primary,False,False,False,True,False,Tier 1 (finished goods),adidas list,0,Footwear|Footwear,JOIN SMART|SUN KUAN BVI ENTERPRISES,False,True,3000.5,False,False,True,False,Resolution 202/2025/QH15 Art.1 item 18
VN2019083GM7PXS,Quang Viet (Tien Giang) Company LTD,"Lot KI-1, Chau Thanh District, Tan Huong Industrial Zone Tan Huong Tien Giang",VN,Vietnam,10.4862586,106.3640398,VN:Dong Thap,False,VN-46,True,primary,False,False,False,True,False,Tier 1 (finished goods),adidas list,0, Home Goods|Apparel|Apparel|Apparel,QUANG VIET ENTERPRISE,False,False,5289.0,True,False,False,False,Resolution 202/2025/QH15 Art.1 item 21
VN2019083JDCF6V,"Youngone Nam Dinh Co., Ltd.",Lot O P Q R N6 Road  Hoa Xa Industrial Park  May Xa Commune Nam Dinh Nam Dinh,VN,Vietnam,20.428513,106.159016,VN:Ninh Binh,False,VN-67,True,wet process,False,False,False,True,False,Tier 2 (materials and processing),adidas list,3,Outdoor wear and outdoor products|Outdoorwear|Fabric|Tabelle1[sector_product_type])|Tabelle1[name]|=_xlfn.XLOOKUP(B46|Textilesss| Home Goods|Fabric|Fabric|Accessories|Clothes|Accessories|Apparel|Wovens|Clothes|Clothes|Wovens,YOUNGONE|DESGIN TEXTILE|DESIGNER TEXTILESSSS INTERNATIONAL|YOUNG ONE,False,True,7456.0,False,False,False,False,Resolution 202/2025/QH15 Art.1 item 8
VN2019083KQY2CH,Alena Viet Nam Footwear Ltd.,"Land Plot No.566, Map Sheet No. 24, Vuc Phac Hamlet 'Dinh Lien Commune, Yen Dinh District, Thanh Hoa City, Thanh Hoa",VN,Vietnam,19.9986891,105.6060661,VN:Thanh Hoa,False,VN-21,True,primary,False,False,False,True,False,Tier 1 (finished goods),adidas list,0,Footwear,UNITED WELL TRADING,False,False,4602.0,False,False,False,False,Resolution 202/2025/QH15 Art.1 item 24
VN2019083P1NEWH,"Bowker (Vietnam) Garment Printing Factory Co., Ltd.",Lot C1.5 Road D3 Dong An Ii Industrial Park  Hoa Phu Ward. Thu Dau Mot Binh Duong,VN,Vietnam,11.1025875,106.6835137,VN:Ho Chi Minh City,False,VN-57,True,primary,False,False,False,True,False,Tier 1 (finished goods),adidas list,0,,,False,False,200.0,False,False,False,False,Resolution 202/2025/QH15 Art.1 item 16
VN2019083QGG10K,"CCH Top Vietnam Co., Ltd. | CCH Top Co., Ltd. ","Tan Thuan Road, Tan Thuan Export Processing Zone Ho Chi Minh City Ho Chi Minh",VN,Vietnam,10.752371,106.729859,VN:Ho Chi Minh City,False,VN-SG,False,,True,True,False,True,False,Tier 1 (finished goods),Nike labels,0,Accessories|APPAREL|NIKE,CCH TOP|CHUAN CHENG|CCH,False,True,1607.0,False,False,False,False,Resolution 202/2025/QH15 Art.1 item 16
VN2019083RNH283,Roll Sport Viet Nam Footwear Ltd.,Hoang Long Industrial Zone  Tao Xuyen Ward Thanh Hoa Thanh Hoa,VN,Vietnam,19.8462908,105.8057803,VN:Thanh Hoa,False,VN-21,True,primary,True,True,False,True,False,Tier 1 (finished goods),adidas list,0,Footwear|FOOTWEAR|NIKE|Footwear,HUALI|HONG FU,False,True,10038.0,False,False,False,False,Resolution 202/2025/QH15 Art.1 item 24
VN2019083VJFQHZ,"Minh Tri Thai Binh Co., Ltd.",Bui Vien Street  Nguyen Duc Canh Industrial Zone Tran Hung Dao Ward Thai Binh Thai Binh,VN,Vietnam,20.444864,106.3221727,VN:Hung Yen,False,VN-20,True,primary,False,False,False,True,False,Tier 1 (finished goods),adidas list,0,Apparel|Apparel,FLY DRAGON MINH TRI|CRYSTAL SL GLOBAL PTE|SPECTRE A S VN,False,True,750.5,False,False,False,False,Resolution 202/2025/QH15 Art.1 item 6
VN2019083YW6MZE,"Hung Way Co., Ltd.",Area C Lot.R. 29B-33-35-37-39 Tan Thuan Road Tan Thuan Export Processing Zone Tan Thuan Dong Ward District 7 Ho Chi Minh Ho Chi Minh,VN,Vietnam,10.760687,106.745812,VN:Ho Chi Minh City,False,VN-SG,True,primary,False,False,False,True,False,Tier 1 (finished goods),adidas list,3,Outdoor wear and outdoor products|Accessories|Accessories|clothing|Garments|Outdoor products|fashion apparel|Tabelle1[sector_product_type])|Tabelle1[name]|=_xlfn.XLOOKUP(B19|Gloves|Accessories|Accessories|Gloves|Gloves|Gloves|Gloves,PALACE INDUSTRY|PALACE,False,True,1200.0,False,False,False,False,Resolution 202/2025/QH15 Art.1 item 16
VN20190850M2PBM,LONG AN EXPORT GARMENT JOINT STOCK COMPANY (LASGE),"1ST NATIONAL ROAD, 4TH QUARTER TAN AN LONG AN 84-72",VN,Vietnam,10.5383411,106.40513,VN:Tay Ninh,False,VN-41,False,,True,False,True,False,False,Tier 1 (finished goods),Nike labels,0,APPAREL|NIKE,UNITED SWEETHEART,False,False,850.0,False,False,False,False,Resolution 202/2025/QH15 Art.1 item 18
VN20190851570T4,GAIN LUCKY,"NO  40-6, N14 STREET, PHUOC DONG INDUSTRIAL PARK, PHUOC DONG WARD, GO DAU DISTRICT, TAY NINH PROVINCE PHUOC DONG TAY NINH",VN,Vietnam,11.1370942,106.3191905,VN:Tay Ninh,False,VN-37,False,,True,True,False,True,False,Tier 2 (materials and processing),Nike labels,0,MATERIALS|APPAREL|NIKE,SHENZHOU INTERNATIONAL|SHENZHOU,False,True,8266.25,True,False,False,False,Resolution 202/2025/QH15 Art.1 item 18
VN201908524ZTQK,SAIGON GOLDEN PRENE ENTERPRISE COMPANY LIMITED,"NO. 28, DT743 ROAD, SONG THAN 2 INDUSTRIAL ZONE BINH DUONG BINH DUONG 72000",VN,Vietnam,10.9221355,106.7415815,VN:Ho Chi Minh City,False,VN-57,False,,True,False,True,False,False,unknown,none,0,,,False,False,1403.0,False,False,False,False,Resolution 202/2025/QH15 Art.1 item 16
VN20190852JG7PY,VIET LONG HUNG GARMENT COMPANY LIMITED,"HUNG THANH HAMLET, LONG HUNG WARD GO CONG TOWN TIEN GIANG 860000",VN,Vietnam,10.37973,106.685136,VN:Dong Thap,False,VN-46,False,,True,True,False,True,False,Tier 1 (finished goods),Nike labels,0,APPAREL|NIKE,SOUTH ISLAND,False,False,1956.5,False,False,False,False,Resolution 202/2025/QH15 Art.1 item 21
VN201908531A1HX,"VIET HONG GARMENT EXPORT CO., LTD.","425B NGUYEN DINH CHIEU ST., W.8 BEN TRE BEN TRE",VN,Vietnam,10.2372375,106.3906507,VN:Vinh Long,False,VN-50,False,,True,True,False,True,False,Tier 1 (finished goods),Nike labels,0,APPAREL|NIKE,SOUTH ISLAND,False,False,1699.0,False,False,False,False,Resolution 202/2025/QH15 Art.1 item 20
VN20190853BG0PH,TKG TAEKWANG CAN THO CO.LTD,"Hung Phu 2B IP, Phu Thu ward, Cai Rang distrist, Can Tho City, 94000",VN,Vietnam,10.0310459,105.7844065,VN:Can Tho,False,VN-73,False,,True,True,False,True,False,Tier 1 (finished goods),Nike labels,0,FOOTWEAR|NIKE,TAEKWANG|T2,False,True,11672.0,False,False,False,False,Resolution 202/2025/QH15 Art.1 item 19
VN20190853EWXAH,"DONA VICTOR FOOTWEAR CO., LTD","SONG MAY INDUSTRIAL ZONE, BAC SON VILLAGE TRANG BOM DISTRICT DONG NAI 084-061",VN,Vietnam,10.9713461,106.9540283,VN:Dong Nai,False,VN-39,False,,True,True,False,True,False,Tier 1 (finished goods),Nike labels,0,FOOTWEAR|NIKE,FENG TAY,False,False,11984.0,True,False,False,False,Resolution 202/2025/QH15 Art.1 item 17
VN20190853NMYS0,SAO KHUE,NGUYEN TRI PHUONG STREET BIEN HOA CITY DONG NAI PROVINCE 0,VN,Vietnam,10.9275812,106.8163298,VN:Ho Chi Minh City,False,VN-57,False,,True,False,True,False,False,Tier 1 (finished goods),Nike labels,0,FOOTWEAR|NIKE,TAEKWANG,False,False,1358.5,False,False,False,True,Resolution 202/2025/QH15 Art.1 item 16
VN20190853SCPVP,VIET KHANH COMPANY LIMITED,"HOA PHUC HAMLET, HOA KHANH WARD TIEN GIANG TIEN GIANG 860000",VN,Vietnam,10.360188,105.981313,VN:Dong Thap,False,VN-46,False,,True,True,False,True,False,Tier 1 (finished goods),Nike labels,0,APPAREL|NIKE,SOUTH ISLAND,False,False,1368.0,False,False,False,False,Resolution 202/2025/QH15 Art.1 item 21
VN20190855K30SH,KWAN TAT VIETNAM CO. LTD,E3-25A KDC THUAN GIAO H THUAN AN BINH DUONG 70000,VN,Vietnam,10.9642212,106.7131442,VN:Ho Chi Minh City,False,VN-57,False,,True,False,True,False,True,unknown,none (keyword guess removed),0,,EAGLE NICE,False,False,132.0,False,False,False,False,Resolution 202/2025/QH15 Art.1 item 16
VN20190855N2MEV,"CHANG SHIN VIETNAM CO., LTD","LOT C, LOC AN – BINH SON INDUSTRIAL ZONE LONG THANH DISTRICT DONG NAI 0",VN,Vietnam,10.8111548,106.9889904,VN:Dong Nai,False,VN-39,False,,True,True,False,True,False,Tier 1 (finished goods),Nike labels,0,FOOTWEAR|NIKE,CHANGSHIN,False,False,5690.0,True,False,False,False,Resolution 202/2025/QH15 Art.1 item 17
VN201908567S7W6,"CAN SPORTS VIETNAM CO., LTD","DT784 Street, Thuan Hoa hamlet, Truong Mit commune, Tay Ninh province, 80211",VN,Vietnam,11.2415317,106.2492039,VN:Tay Ninh,False,VN-37,False,,True,True,False,True,False,Tier 1 (finished goods),Nike labels,0,Shoes|FOOTWEAR|NIKE,SPORTSGEAR|SPORTS GEAR,False,True,6410.5,False,False,False,False,Resolution 202/2025/QH15 Art.1 item 18
VN201908578X64K,"Song Hong Garment Joint Stock Company (Factory 15, 16, 17, 18)","Nghia Thai Industrial Zone, Nghia Hung District, Nam Dinh Province Nam Dinh",VN,Vietnam,20.2451981,106.1669156,VN:Ninh Binh,False,VN-67,False,,True,True,False,True,False,Tier 1 (finished goods),Nike labels,0,APPAREL|NIKE,SONG HONG GARMENT JOINT STOCK|SONG HONG,False,True,2020.0,False,False,False,False,Resolution 202/2025/QH15 Art.1 item 8
VN2019085864HDD,DEAN SHOES VIETNAM,"LOT.1-4, 10-13, 26-37, ROAD NO3 HO CHI MINH CITY BINH CHIEU WARD, THU DUC DISTRICT",VN,Vietnam,10.8775897,106.7264125,VN:Ho Chi Minh City,False,VN-57,False,,True,False,True,False,False,Tier 1 (finished goods),Nike labels,0,FOOTWEAR|NIKE,DEAN SHOES,False,False,14602.0,False,False,False,False,Resolution 202/2025/QH15 Art.1 item 16
VN2019085888M5E,"DONG-JIN TEXTILE CO., LTD.","LOT D8-1, ROAD NO. 2, LONG BINH TECHNO PARK (LOTECO), BIEN HOA, DONG NAI PROVINCE, VIETNAM BIEN HOA DONG NAI PROVINCE 0",VN,Vietnam,10.9296626,106.884901,VN:Dong Nai,False,VN-39,True,wet process,True,True,False,True,False,Tier 2 (materials and processing),adidas list,0,MATERIALS|FOOTWEAR|NIKE|MATERIALS|FOOTWEAR|NIKE,DONGJIN|DONGJIN TEXTILE VINA,False,True,210.0,False,False,False,False,Resolution 202/2025/QH15 Art.1 item 17
VN20190858P44VY,YOUNG IL VIETNAM,"LOT A6 1-4, THANH THANH CONG IP TRANG BANG DISTRICT TAY NINH 0",VN,Vietnam,11.021049,106.3192514,VN:Tay Ninh,False,VN-37,True,wet process,True,True,False,True,False,Tier 2 (materials and processing),adidas list,0,MATERIALS|FOOTWEAR|NIKE,YOUNG IL|YOUNGIL LEATHER|YOUNG IL LEATHER,False,True,1137.0,True,False,False,False,Resolution 202/2025/QH15 Art.1 item 18
VN20190859M9WED,"CHANG SHIN VIETNAM COMPANY, LTD.","THANH PHU, VINH CUU DONG NAI DONG NAI 61",VN,Vietnam,11.012687,106.8520996,VN:Dong Nai,False,VN-39,False,,True,True,False,True,False,Tier 1 (finished goods),Nike labels,0,FOOTWEAR|NIKE,CHANGSHIN,False,False,28751.0,False,False,False,False,Resolution 202/2025/QH15 Art.1 item 17
VN20190859R5D0G,BRANCH OF THUAN PHUONG EMBROIDERIES GARMENTS COMPANY LIMITED - THUAN PHUONG LONG AN FACTORY,"Hamlet 3, Long Cang Commune, Can Duoc District, Long An Province, Vietnam",VN,Vietnam,10.5843029,106.5142169,VN:Tay Ninh,False,VN-41,False,,True,True,False,True,False,Tier 1 (finished goods),Nike labels,0,APPAREL|NIKE|Kids Apparel,THUAN PHUONG EMBROIDERIES GARMENTS|THUAN PHUONG,False,True,2356.0,False,True,False,False,Resolution 202/2025/QH15 Art.1 item 18
VN2019085AD8P1K,AURORA INDUSTRIAL(VIETNAM) FOOTWEAR,"THIEN HUONG COMMUNE, THUY NGUYEN DISTRICT HAIPHONG  ",VN,Vietnam,20.9151636,106.6497623,VN:Hai Phong,False,VN-HP,False,,True,True,False,True,False,Tier 1 (finished goods),Nike labels,0,CONVERSE|FOOTWEAR,HUALI,False,False,6678.0,False,False,False,False,Resolution 202/2025/QH15 Art.1 item 7
VN2019085AV25EQ,"UNIPAX CO., LTD",PLOT 1012 +101/4 AMATA RD 3 BIEN HOA CITY DONG NAI 0,VN,Vietnam,10.9393085,106.8909948,VN:Dong Nai,False,VN-39,True,primary,True,True,False,True,False,Tier 1 (finished goods),adidas list,0,Accessories|Accessories|Accessories|Accessories|Textile|APPAREL|NIKE|Accessories|Accessories|Accessories,EDWIN|DADA|H S CROWN|HWASEUNG CROWN,False,True,1734.0,False,False,False,False,Resolution 202/2025/QH15 Art.1 item 17
VN2019085B7T4XA,"FASHION GARMENTS 2 CO., LTD - XUAN TAY","STREET 1, XUAN TAY COMMUNE, CAM MY DISTRICT, DONG NAI PROVINCE, VIETNAM XUAN TAY DONG NAI",VN,Vietnam,10.8266178,107.3410716,VN:Dong Nai,False,VN-39,True,licensee,True,True,False,True,False,Tier 1 (finished goods),adidas list,0,APPAREL|NIKE,FASHION GARMENTS 2|HIRDARAMANI,True,True,686.0,False,False,False,False,Resolution 202/2025/QH15 Art.1 item 17
VN2019085C3H557,"DONA STANDARD FOOTWEAR CO., LTD","XUAN LOC INDUSTRY PARK, XUAN LOC DISTRICT DONG NAI DONG NAI 84",VN,Vietnam,10.9652026,107.4321959,VN:Dong Nai,False,VN-39,False,,True,False,True,False,False,Tier 1 (finished goods),Nike labels,0,FOOTWEAR|NIKE,FENG TAY,False,False,16124.0,False,False,False,False,Resolution 202/2025/QH15 Art.1 item 17
VN2019085CBD089,TAE KWANG VINA,"NO.8,,ROAD 9A, BIEN HOA 2 INDUSTRIAL ZONE BIEN HOA DONG NAI 70000",VN,Vietnam,10.919187,106.872062,VN:Dong Nai,False,VN-39,False,,True,False,True,False,False,Tier 1 (finished goods),Nike labels,0,FOOTWEAR|NIKE|FOOTWEAR|NIKE,TAEKWANG|T2,False,True,14720.0,False,False,False,False,Resolution 202/2025/QH15 Art.1 item 17
VN2019085CPJGMN,DELTA GALIL VIETNAM CO. LTD,"Phu Kim Village, Phu Cat Commune, Gia Lai Province 55000",VN,Vietnam,13.7737008,108.2377519,VN:Gia Lai,False,VN-30,True,licensee,True,True,False,True,False,Tier 1 (finished goods),adidas list,0,Bra|Intimates|Lingerie|Socks|BRAS|Inner wear|Accessories|EQUIPMENT|NIKE|Apparel,DELTA GALIL INDUSTRIES|DELTA GALIL|DELTAGALILINDUSTRIES|DELTA,False,True,2816.5,False,False,True,False,Resolution 202/2025/QH15 Art.1 item 12
VN2019085CQJYCW,"VUNG TAU ORIENT CO., LTD",11 ROAD VUNG TAU BA RIA- VUNG TAU 84,VN,Vietnam,10.4113797,107.136224,VN:Ho Chi Minh City,False,VN-43,False,,True,True,False,True,False,Tier 1 (finished goods),Nike labels,0,EQUIPMENT|NIKE,FENG TAY,False,False,1443.0,True,False,False,False,Resolution 202/2025/QH15 Art.1 item 16
VN2019085D6MEM6,NV APPAREL COMPANY LIMITED,LOT C1 BINH HOA INDUSTRIAL ZONE AN GIANG AN GIANG 880000,VN,Vietnam,10.4569573,105.3447081,VN:An Giang,False,VN-44,True,primary,True,True,False,True,False,Tier 1 (finished goods),adidas list,0,APPAREL|NIKE,JASCO PTE|NICE APPAREL,False,True,2688.0,False,False,False,False,Resolution 202/2025/QH15 Art.1 item 23
VN2019085ECBYXX,VIETNAM MOC BAI JOINT STOCK COMPANY,"HIEP THANH COMMERCIAL AREA, LOI THUAN COMMUNE, BEN CAU DISTRICT, TAY NINH PROVINCE TAY NINH TAY NINH 84",VN,Vietnam,11.1061607,106.199266,VN:Tay Ninh,False,VN-37,False,,True,False,True,False,False,Tier 1 (finished goods),Nike labels,0,FOOTWEAR|NIKE,TAEKWANG,False,False,13780.5,False,False,False,False,Resolution 202/2025/QH15 Art.1 item 18
VN2019085EMCJXT,Pou Chen Vietnam Enterprise Ltd.,"Nguyen Ai Quoc St., Hoa An Village",VN,Vietnam,10.9599236,106.8331824,VN:Dong Nai,False,VN-39,False,,True,True,False,True,False,Tier 1 (finished goods),Nike labels,0,FOOTWEAR|NIKE|Footwear,POU CHEN,False,False,16060.0,False,False,False,False,Resolution 202/2025/QH15 Art.1 item 17
VN2019085F5SK2Z,Business Location of MDK Embroideries Garments Company Limited-Binh Chanh Factory,"191 Dinh Duc Thien Street, Hamlet 4, Binh Chanh Commune, Ho Chi Minh City",VN,Vietnam,10.6619216,106.5749696,VN:Tay Ninh,False,VN-41,False,,True,False,True,False,False,Tier 1 (finished goods),Nike labels,0,APPAREL|NIKE,MDK EMBROIDERIES GARMENTS,True,False,1327.0,False,False,False,False,Resolution 202/2025/QH15 Art.1 item 18
VN2019085FCN0AQ,"San Fang Vietnam Co.,Ltd","KHU CONG GHIEP MY XUAN A2,AP PHU HA, XA MY XUAN,HUYEN TAN THANH,TINH BA BIA, Huyen Tan Thanh",VN,Vietnam,10.6372821,107.0613255,VN:Ho Chi Minh City,False,VN-43,False,,True,False,True,False,False,unknown,none (keyword guess removed),0,Footwear|Footwear,SAN FANG CHEMICAL INDUSTRY,False,False,1242.0,False,False,False,False,Resolution 202/2025/QH15 Art.1 item 16
VN2019085FQ5JSK,Maxport Limited Vietnam - Thai Binh Branch - Maxport 09,"Tu Tan commune, Vu Thu District, Thai Binh province. Thai Binh",VN,Vietnam,20.434938,106.257563,VN:Hung Yen,False,VN-20,False,,True,False,True,False,False,Tier 1 (finished goods),Nike labels,0,APPAREL|NIKE|Apparel|Apparel ,MAXPORT VIETNAM|MAXPORT,False,True,2586.0,False,False,False,False,Resolution 202/2025/QH15 Art.1 item 6
VN2019085FRJKDP,ANNORA VIETNAM FOOTWEAR,XUAN LAM COMMUNE (NGHI SON ECONOMIC ZONE) TINH GIA DISTRICT THAN HOA ,VN,Vietnam,19.3990678,105.7525331,VN:Thanh Hoa,False,VN-21,False,,True,True,False,True,False,Tier 1 (finished goods),Nike labels,0,FOOTWEAR|NIKE,HUALI,False,False,21517.0,False,False,False,False,Resolution 202/2025/QH15 Art.1 item 24
VN2019085HTND0A,SCAVI HUE COMPANY,PHONG DIEN INDUSTRIAL ZONE PHUONG DIEN THUA THIEN-HUE N/A,VN,Vietnam,16.5776559,107.3794578,VN:Hue,False,VN-26,True,primary,True,True,False,True,False,Tier 1 (finished goods),adidas list,0,APPAREL|NIKE|Apparel|underwear|Lingerie|underwear|garment|Lingerie,COWELL FASHION PD SPACE|SCAVI,False,True,5723.0,False,False,False,False,Resolution 202/2025/QH15 Art.1 item 24
VN2019085JYM2JN,"M.D.K EMBROIDERIES GARMENTS CO., LTD","9-9 A TO KY STR, TRUNG MY TAY WARD, DISTRICT 12, HO CHI MINH CITY",VN,Vietnam,10.8729459,106.612814,VN:Ho Chi Minh City,False,VN-SG,False,,True,True,False,True,False,Tier 1 (finished goods),Nike labels,0,"Shirt, T- shirt, pants |APPAREL|NIKE",THUAN PHUONG EMBROIDERIES GARMENTS|THUAN PHUONG,True,True,1055.0,False,False,False,False,Resolution 202/2025/QH15 Art.1 item 16
VN2019085KGPGEM,HONG SENG THAI-VINA COMPANY LIMITED,"LOT 19 ROAD 1ST , TAN DUC IZ, DUC HAO HA DUC HOA DISTRICT LONG AN Vietnam",VN,Vietnam,10.800562,106.471703,VN:Tay Ninh,False,VN-41,False,,True,False,True,False,False,Tier 1 (finished goods),Nike labels,0,APPAREL|NIKE,HONG SENG,False,False,854.5,False,False,False,False,Resolution 202/2025/QH15 Art.1 item 18
VN2019085KHMV0G,NAM THIEN COMPANY LIMITED,"LOT IV, NO 13, NO 4 STREET, TAN BINH INDUSTRIAL ZONE HO CHI MINH HO CHI MINH 700000",VN,Vietnam,10.8192472,106.6298499,VN:Ho Chi Minh City,False,VN-SG,False,,True,True,False,True,False,Tier 1 (finished goods),Nike labels,0,APPAREL|NIKE,SOUTH ISLAND,False,False,466.0,False,False,False,False,Resolution 202/2025/QH15 Art.1 item 16
VN2019085MHPC6A,Tung Mung Textile (Vietnam) Pte. Ltd.,"Road 18, Tan Thuan Export Process Zone , Dist 7, Ho Chi Minh City, Thanh pho Ho Chi Minh",VN,Vietnam,10.766438,106.739672,VN:Ho Chi Minh City,False,VN-SG,False,,True,False,True,False,False,unknown,none,0,,,False,False,839.0,False,False,False,False,Resolution 202/2025/QH15 Art.1 item 16
VN2019085MRCJZ6,VIET TIEN GARMENT CORPORATION,"7 LE MINH XUAN STREET,  WARD 7,TAN BINH DISTRICT HO CHI MINH HO CHI MINH 7000",VN,Vietnam,10.786865,106.6530159,VN:Ho Chi Minh City,False,VN-SG,False,,True,True,False,True,False,Tier 1 (finished goods),Nike labels,0,APPAREL|NIKE|Wovens|Wovens,PL VIET TIEN GARMENT|SOUTH ISLAND|CHEUNG YUE KNITTING GARMENT GLOBAL|CHEUNG YUE SINGAPORE PTE,False,True,1592.0,False,False,False,False,Resolution 202/2025/QH15 Art.1 item 16
VN2019085MVNV0W,"FU-LUH SHOES CO., LTD","TAN KIM WARD, CAN GIUOC DISTRICT LONG AN LONG AN 81991",VN,Vietnam,10.6227405,106.6586052,VN:Tay Ninh,False,VN-41,False,,True,True,False,True,False,Tier 1 (finished goods),Nike labels,0,FOOTWEAR|NIKE,CHING LUH,False,False,11427.0,False,False,False,False,Resolution 202/2025/QH15 Art.1 item 18
VN2019085MZSW38,VIETNAM CHINGLUH SHOES CO. LTD.,THUAN DAO INDUSTRIAL PARK BEN LUC COUNTY LONG AN PROVINCE 7000,VN,Vietnam,10.6243623,106.4888933,VN:Tay Ninh,False,VN-41,False,,True,True,False,True,False,Tier 1 (finished goods),Nike labels,0,FOOTWEAR|NIKE,CHING LUH,False,False,18633.0,False,False,False,False,Resolution 202/2025/QH15 Art.1 item 18
VN2019085NKZ8V7,ORIENTAL GARMENT AN GIANG CO LTD,"PLOT K, BINH HOA INDUSTRIAL ZONE, BINH HOA COMMUNE, CHAU THANH DISTRICT AN GIANG AN GIANG ",VN,Vietnam,10.4406356,105.3306814,VN:An Giang,False,VN-44,False,,True,True,False,True,False,Tier 1 (finished goods),Nike labels,0,APPAREL|NIKE,ORIENTAL GARMENT,True,False,503.0,False,True,False,False,Resolution 202/2025/QH15 Art.1 item 23
VN2019085PAH1S8,TIONG LIONG (VIETNAM),"BINH CHUAN INDUSTRIAL ZONE, BINH CHUAN WARD THUAN AN BINH DUONG PROVINCE 0",VN,Vietnam,10.9783158,106.7293611,VN:Ho Chi Minh City,False,VN-57,False,,True,False,True,False,False,unknown,none,0,,,False,False,,False,False,False,False,Resolution 202/2025/QH15 Art.1 item 16
VN2019085PTP8N0,GUANG YANG WORLDWIDE CORPORATION CO. LTD.,"PROVINCIAL ROAD 835A, HAMLET LOC TIEN, MY LOC WARD LONG AN PROVINCE LONG AN 81000",VN,Vietnam,10.613144,106.635025,VN:Tay Ninh,False,VN-41,False,,True,False,True,False,False,unknown,none,0,,,False,False,897.0,False,False,False,False,Resolution 202/2025/QH15 Art.1 item 18
VN2019085Q38HCW,FORMOSA TAFFETA VIETNAM CO. LTD,"AP 1, XA NHUT CHANH, HUYEN BEN LUC, TINH LONG AN VIET NAM",VN,Vietnam,10.6111431,106.470036,VN:Tay Ninh,False,VN-41,True,wet process,True,True,False,True,False,Tier 2 (materials and processing),adidas list,0,Raw Material|MATERIALS|APPAREL|NIKE|NIKE|Raw Material,FORMOSA TAFFETA|FORMOSA,False,True,1061.0,True,False,False,False,Resolution 202/2025/QH15 Art.1 item 18
VN2019085Q802JG,Ha Noi Garment No.40 Joint Stock Company,"88 Hadinh, Thanh Xuan Dist, Hanoi, Vietnam Ha Noi",VN,Vietnam,20.990983,105.806601,VN:Hanoi,False,VN-HN,False,,True,True,False,True,False,Tier 1 (finished goods),Nike labels,0,Apparel|APPAREL|NIKE,MAXPORT,False,False,274.0,False,False,False,False,Resolution 202/2025/QH15 Art.1 item 24
VN2019085QFWC5G,"Song Hong Joint Stock Company 11, 12, 13 & 14","HAI PHUONG INDUSTRIAL ZONE HAI HAU DISTRICT, Nam Dinh Province, 320000",VN,Vietnam,20.1768392,106.2786937,VN:Ninh Binh,False,VN-67,False,,True,True,False,True,False,Tier 1 (finished goods),Nike labels,0,Trousers|Blouses|Dresses|Outerwear|Shirts|APPAREL|NIKE,SONG HONG GARMENT JOINT STOCK|SONG HONG GARMENT|SONG HONG,True,True,1950.0,False,False,False,False,Resolution 202/2025/QH15 Art.1 item 8
VN2019085QW38YS,GERMTON INDUSTRIAL COMPANY LTD.,"DONG QUE SON IP, HUONG AN COMMUNE, QUE SON DISTRICT, QUANG NAM PROVINCE HUONG AN COMMUNE QUANG NAM ",VN,Vietnam,15.775141,108.3378561,VN:Da Nang,False,VN-27,False,,True,True,False,True,False,Tier 1 (finished goods),Nike labels,0,APPAREL|NIKE|Infant and Preschool|Education Toys|Plush and Soft Toys|Plastic Toys|Plush and Soft Toys,GERMTON|S CHEER HK,False,True,2338.0,False,True,False,False,Resolution 202/2025/QH15 Art.1 item 10
VN2019085RB9K51,GB LIGHT (VIETNAM),"B2.7, ROAD NO. D1, DONG AN 2 IP, HOA PHU WARD THU DAU MOT BINH DUONG 0",VN,Vietnam,11.101063,106.675313,VN:Ho Chi Minh City,False,VN-57,False,,True,True,False,True,False,Tier 2 (materials and processing),Nike labels,0,MATERIALS|FOOTWEAR|NIKE,GB LIGHT,False,False,39.0,False,False,False,False,Resolution 202/2025/QH15 Art.1 item 16
VN2019085RPM0NM,United Sweethearts Garment (Vietnam) Co. Ltd.,"RD. 10, Nhon Trach 1 Industrial Zone Dong Nai",VN,Vietnam,10.741688,106.930312,VN:Dong Nai,False,VN-39,False,,True,True,False,True,False,Tier 1 (finished goods),Nike labels,0,Apparel|APPAREL|NIKE,UNITED SWEETHEART GARMENT VN|UNITED SWEETHEART,False,True,2383.5,False,True,False,False,Resolution 202/2025/QH15 Art.1 item 17
VN2019085RWYK57,"YEGIN INDUSTRY (VIETNAM) CO., LTD","LOT NO. 36A, 37A, LONG GIANG INDUSTRIAL PARK, TAN LAP 1 TAN PHUOC DISTRICT TIEN GIANG 863900 Vietnam",VN,Vietnam,10.4757047,106.3047615,VN:Dong Thap,False,VN-46,False,,True,True,False,True,False,Tier 1 (finished goods),Nike labels,0,EQUIPMENT|NIKE| rubber balls| Laminated balls | Machine stitching balls ,YE GIN ENTERPRISE|YEGIN,False,True,814.0,False,False,True,False,Resolution 202/2025/QH15 Art.1 item 21
VN2019085T39P92,"VINH LONG FOOTWEAR CO., LTD.","HOA PHU INDUSTRIAL ZONE, VINH LONG PROVINCE, VIETNAM LONG HO VINH LONG 91000",VN,Vietnam,10.1730071,105.9319748,VN:Vinh Long,False,VN-49,True,primary,True,True,False,True,False,Tier 1 (finished goods),adidas list,0,CONVERSE|FOOTWEAR,RIGHT SOURCE INVESTMENTS|LAI YIH,False,True,9607.5,True,False,False,False,Resolution 202/2025/QH15 Art.1 item 20
VN2019085TE5N54,"HI-TECH VIET NAM APPAREL CO.,LTD.","BLOCK A3.2, TAY AN INDUSTRIAL ZONE, DUY TRUNG COMMUNE DUY XUYEN DISTRICT QUANG NAM 0",VN,Vietnam,15.8,108.167,VN:Da Nang,False,VN-27,False,,True,True,False,True,False,Tier 1 (finished goods),Nike labels,0,APPAREL|NIKE|Apparel,HI TECH|HB ATHLETIC GLOBE TEX APPAREL|HI TECH APPAREL,False,True,1787.0,False,False,False,False,Resolution 202/2025/QH15 Art.1 item 10
VN2019085VA2PXQ,CONG TIEN GARMENT JOINT STOCK COMPANY,"27 MAC VAN THANH STREET, WARD 3 GO CONG TIEN GIANG 84",VN,Vietnam,10.3720639,106.6930171,VN:Dong Thap,False,VN-46,False,,True,True,False,True,False,Tier 1 (finished goods),Nike labels,0,APPAREL|NIKE,VIETTIEN GARMENT|SOUTH ISLAND,False,True,1795.0,False,False,False,False,Resolution 202/2025/QH15 Art.1 item 21
VN2019085W70K6S,"QUANG VIET ENTERPRISE CO., LTD","UNIT 2 , CU CHI TOWN HO CHI MINH HO CHI MINH 70000",VN,Vietnam,11.0066683,106.5131967,VN:Ho Chi Minh City,False,VN-SG,False,,True,True,False,True,False,Tier 1 (finished goods),Nike labels,0,APPAREL|NIKE,QUANG VIET,False,False,5954.5,False,False,False,False,Resolution 202/2025/QH15 Art.1 item 16
VN2019085WJY6T9,DONA ORIENT VIETNAM,"SONG MAY INDUSTRIAL ZONE, TRANG BOM DISTRICT, DONG NAI PROVINCE DONG NAI DONG NAI 61",VN,Vietnam,10.958135,107.0276259,VN:Dong Nai,False,VN-39,False,,True,False,True,False,False,Tier 1 (finished goods),Nike labels,0,FOOTWEAR|NIKE,FENG TAY,False,False,11126.0,True,False,False,False,Resolution 202/2025/QH15 Art.1 item 17
VN2019085XC3YBJ,ADORA FOOTWEAR LIMITED,TAM DIEP INDUSTRIAL ZONE TAM DIEP TOWN NINH BINH PROVINCE. ,VN,Vietnam,20.1506752,105.9022518,VN:Ninh Binh,False,VN-18,False,,True,True,False,True,False,Tier 1 (finished goods),Nike labels,0,CONVERSE|FOOTWEAR,HUALI,False,False,8120.0,False,False,False,False,Resolution 202/2025/QH15 Art.1 item 8
VN2019085Y3RB23,"Freetrend Industrial VN Co.,Ltd","Linh Trung 1 Export Processing Zone, Linh Trung ward, Thu Duc, Ho Chi Minh City",VN,Vietnam,10.8686645,106.7674334,VN:Ho Chi Minh City,False,VN-SG,False,,True,True,False,True,False,Tier 1 (finished goods),Nike labels,0,Soccer|Running|Basketball|Cleated|FOOTWEAR|NIKE,DEAN SHOES,False,False,16369.0,False,False,False,False,Resolution 202/2025/QH15 Art.1 item 16
VN2019085YK3HKN,"E-TOP (VIETNAM) CO.,LTD","LOT IX-1, IX-2, IX-3, IX-4 MY XUAN VILLAGE, TAN THANH DISTRICT BA RIA – VUNG TAU PROVINCE",VN,Vietnam,10.6288504,107.0421324,VN:Ho Chi Minh City,False,VN-43,False,,True,True,False,True,False,Tier 1 (finished goods),Nike labels,0,Garment|APPAREL|NIKE,ECLAT TEXTILE|ECLAT|ECLAT TEXTILES,False,True,3025.0,True,False,False,False,Resolution 202/2025/QH15 Art.1 item 16
VN2019085YXZS2J,Seyang Corporation Vietnam,"Plot No.54 -Nhat Tan Industry Complex, Kim Bang District Nhat Tan",VN,Vietnam,20.610437,105.899812,VN:Ninh Binh,False,VN-63,False,,True,True,False,True,False,Tier 1 (finished goods),Nike labels,0,APPAREL|NIKE,SEYANG,False,False,445.0,False,True,False,False,Resolution 202/2025/QH15 Art.1 item 8
VN2019085ZFGA16,"GREEN TG CO., LTD","LOT AIII-11, TAN HUONG INDUSTRIAL PARK TIEN GIANG TIEN GIANG 82000",VN,Vietnam,10.4812776,106.3538964,VN:Dong Thap,False,VN-46,False,,True,True,False,True,False,Tier 1 (finished goods),Nike labels,0,Circular Knit|Nightwear|Circular Knit| Nightwear|Hoodies|T-shirts|Pants|Hoodies|Jackets|T-shirts|Pants|hoodies|pants|T-shirts|APPAREL|NIKE,B CAVE|SNOGEN GREEN|GREEN TEXTILES,True,True,750.0,False,False,False,False,Resolution 202/2025/QH15 Art.1 item 21
VN2019087B93A22,"Fashion Garments 2 Co., Ltd - Tan Phu Branch","Road No. 3 & No. 6, Tan Phu Industrial Zone, TAN PHU District, DONG NAI Province, VIETNAM",VN,Vietnam,11.2888542,107.4243164,VN:Dong Nai,False,VN-39,True,primary,True,True,False,True,False,Tier 1 (finished goods),adidas list,0,Apparel|Apparel|Apparel,FASHION GARMENTS 2|FR APPAREL TRADING DMCC|FASHION GARMENTS,False,True,3105.5,False,False,False,False,Resolution 202/2025/QH15 Art.1 item 17
VN2019087S6E5CX,"Jasan Socks Viet Nam Co., Ltd","No 2, Road 17, Vsip Hai Phong Township, Industrial & Service Park', Thuy Trieu ward, Thuy Nguyen district, Hai Phong City.",VN,Vietnam,20.9050807,106.691626,VN:Hai Phong,False,VN-HP,True,licensee,True,False,True,True,False,Tier 1 (finished goods),adidas list,0,Accessory|Accessories|Apparel|Accessories|Accessories|APPAREL|NIKE|SOCKS |socks|socks|Socks|Cotton,ZHEJIANG JASAN|JASAN ZHEJIANG,True,True,2863.0,False,False,False,False,Resolution 202/2025/QH15 Art.1 item 7
VN20190934D9JX5,"FRAMAS KOREA VINA CO., LTD","WORKSHOP#2~4, LONGTHANH I.P, LONGTHANH DISTRICT DONG NAI DONG NAI 815300",VN,Vietnam,10.7782801,106.9447146,VN:Dong Nai,False,VN-39,False,,True,True,False,True,False,Tier 1 (finished goods),Nike labels,0,FOOTWEAR|NIKE,FRAMAS KOREA|FRAMAS,False,True,678.0,False,False,False,False,Resolution 202/2025/QH15 Art.1 item 17
VN2019093R01470,VINH TIEN GARMENT FACTORY,"#1 HUNG DAO VUONG, WARD 1, VINH LONG TOWN VINH LONG VINH LONG 84-070",VN,Vietnam,10.2539821,105.9732735,VN:Vinh Long,False,VN-49,False,,True,True,False,True,False,Tier 1 (finished goods),Nike labels,0,APPAREL|NIKE,VIETTIEN GARMENT|SOUTH ISLAND,False,True,1912.0,False,False,False,False,Resolution 202/2025/QH15 Art.1 item 20
VN2019096M6WHFN,Great Global International Co. Ltd.,"Lot C3-6, Gian Khau Industrial Park, Gia Tan, Gia Vien, Ninh Binh, Vietnam",VN,Vietnam,20.3255974,105.9259271,VN:Ninh Binh,False,VN-18,True,licensee,False,False,False,True,False,Tier 1 (finished goods),adidas list,0,Garment|KNIT,GREAT GIANT FIBRE GARMENT|GREAT GIANT FIBRE GARMENTS,False,True,1555.0,False,True,False,False,Resolution 202/2025/QH15 Art.1 item 8
VN20190977YK5XT,"Worldon (VIETNAM) CO., LTD","Lot D1, Road D4, Dong Nam Industrial Park, Hoa Phu Commune, Cu Chi District, Ho Chi Minh City, Vietnam",VN,Vietnam,10.9693783,106.6210686,VN:Ho Chi Minh City,False,VN-SG,True,primary,True,True,False,True,False,Tier 1 (finished goods),adidas list,0,APPAREL|NIKE|knit apparel|flyknit uppers (material) for footwear,NINGBO|BUDDIES MACAO COMMERCIAL OFFSHORE|SHENZHOU INTERNATIONAL|NINGBO SHENZHOU KNITTING|SHENZHOU|MASTER,False,True,6954.0,False,False,False,False,Resolution 202/2025/QH15 Art.1 item 16
VN2019097EHRB35,Yue De Vietnam Company Limited,"Lô BIV, CI-10 KCN Tân Hương, xã Tân Hương, huyện Châu Thành, Tiền Giang",VN,Vietnam,10.4862586,106.3640398,VN:Dong Thap,False,VN-46,True,primary,False,False,False,True,False,Tier 1 (finished goods),adidas list,0,Footwear,POUYUEN VIETNAM PYV|POU CHEN,False,True,10728.0,True,False,False,False,Resolution 202/2025/QH15 Art.1 item 21
VN2019097FWQGXF,"Winning Sportswear Co.,Ltd.","Binh phu Quarter, Binh chuan Ward, Thuan an Town, Binh Duong",VN,Vietnam,10.963255,106.736595,VN:Ho Chi Minh City,False,VN-57,False,,True,False,True,False,False,unknown,none,0,Apparel,TIEN BOU,False,False,1356.5,False,False,False,False,Resolution 202/2025/QH15 Art.1 item 16
VN201909809ACHH,Phoenix Prince Enterprise Co  Ltd,"Khu Cong Nghiep,TAM DIEP INDUSTRAIL ZONE,TAM DIEP,Ninh Binh,Vietnam",VN,Vietnam,20.1520691,105.8822844,VN:Ninh Binh,False,VN-18,True,primary,False,False,False,True,False,Tier 1 (finished goods),adidas list,0,Apparel|KNIT|KNIT TOPS|WOVEN ACTIVEWEAR|KNIT ACTIVEWEAR,ECLAT TEXTILE|WISELINK INDUSTRIAL,False,True,969.0,False,True,False,False,Resolution 202/2025/QH15 Art.1 item 8
VN2019098566JKQ,Branch of Binh Thuan – Nha Be Garment JSC – Tuy Phong Garment,"Industrial zone of North of Tuy Phong,,Lac Tri Village, Phu Lac Commune,Binh Thuan,Binh Thuan,Vietnam",VN,Vietnam,11.2348179,108.7098211,VN:Lam Dong,False,VN-40,True,licensee,False,False,False,True,False,Tier 1 (finished goods),adidas list,0,,BINH THUAN NHA BE GARMENT JOINT STOCK,False,False,2170.0,False,False,False,False,Resolution 202/2025/QH15 Art.1 item 14
VN201909866R8GX,"Haivina Kim Lien Co., Ltd.","NAM GIANG INDUSTRIAL COMPLEX,,NAM GIANG COMMUNE,NAM DAN DISTRICT,Nghe An,Vietnam",VN,Vietnam,18.6986693,105.5884754,VN:Nghe An,False,VN-22,True,primary,False,False,False,True,False,Tier 1 (finished goods),adidas list,0,,HYUN JIN,False,False,2432.0,False,True,False,False,Resolution 202/2025/QH15 Art.1 item 24
VN20190986818G8,"Bowker (Vietnam) Garment Factory Co., Ltd","Lot K1-2-3-4-5, Road 6, Dong An IP, Binh Hoa Ward, Thuan An Town Binh Duong 70000",VN,Vietnam,10.8990113,106.720233,VN:Ho Chi Minh City,False,VN-57,True,primary,False,False,False,True,False,Tier 1 (finished goods),adidas list,0,,BOWKER ASIA,False,False,5420.5,False,False,False,False,Resolution 202/2025/QH15 Art.1 item 16
VN2019098V9DX8Q,"JC Int’l Vina Co., Ltd","Hoa Lan Quarter, Thuan Giao Ward,Thuan An Town,Binh Duong Province,Binh Duong,Binh Duong,Vietnam",VN,Vietnam,10.9484423,106.7144774,VN:Ho Chi Minh City,False,VN-57,True,licensee,False,False,False,True,False,Tier 1 (finished goods),adidas list,0,,,False,False,539.0,False,False,False,False,Resolution 202/2025/QH15 Art.1 item 16
VN2019098Z81K1X,"NYG ( Vietnam) Co.,Ltd","Lot C Long Khanh Industrial Zone – Binh Loc commune,Long Khanh town,Dong Nai,Vietnam",VN,Vietnam,10.9420009,107.2292893,VN:Dong Nai,False,VN-39,False,,True,False,True,False,False,Tier 1 (finished goods),Nike labels,0,NIKE|APPAREL,NAN YANG,False,False,1000.0,False,False,False,False,Resolution 202/2025/QH15 Art.1 item 17
VN20191003GSMTB,"COLLTEX GARMENT MFY CO LTD., (VN)","Lot 28, Road no. 7, Trang Bang Industrial Park, An Tinh Village, Trang Bang, Industrial Park, An Tinh Village, Trang Bang District, Vietnam, Tay Ninh",VN,Vietnam,11.0214242,106.3949516,VN:Tay Ninh,False,VN-37,False,,True,True,False,True,False,Tier 1 (finished goods),Nike labels,0,Garment| Home Goods|NIKE|APPAREL|Apparel|Knits|Apparel|KNIT,ECLAT TEXTILE|ECLAT,False,True,2093.0,False,False,False,False,Resolution 202/2025/QH15 Art.1 item 18
VN2019100B2F38R,Global Hantex,"Lot 32-1 to 32-16, Phuoc Dong Industrial Park,, Phuoc Dong Commune, Go Dau District, Tay Ninh",VN,Vietnam,11.148563,106.324062,VN:Tay Ninh,False,VN-37,True,wet process,False,False,False,True,False,Tier 2 (materials and processing),adidas list,0,,SHENZHOU,False,False,,False,False,False,False,Resolution 202/2025/QH15 Art.1 item 18
VN2019100JRKW0A,"New Wide (Vietnam) Enterprise Co., Ltd","Lot 45-16, Road N15, Phuoc Dong Industrial Park, Phuoc Dong, Go Dau District, Phuoc Dong, Tay Ninh",VN,Vietnam,11.1370942,106.3191905,VN:Tay Ninh,False,VN-37,True,wet process,False,False,False,True,False,Tier 2 (materials and processing),adidas list,0,Accessories,NEW WIDE ENTERPRISE|NEW WIDE,False,True,580.25,True,False,False,False,Resolution 202/2025/QH15 Art.1 item 18
VN2019100P8F5TX,Best Pacific Vietnam (BPVN) Company Limited,"Land Plots No, IN4.1.1 and 4.1.2, Cam Dien-Luong Dien industrial Park, Hai Duong Cam Giang, Hai Duong",VN,Vietnam,20.9319744,106.1845606,VN:Hai Phong,False,VN-61,True,wet process,False,False,False,True,False,Tier 2 (materials and processing),adidas list,0,Raw Material|Wet Processing|Wet Processing|Fabrics|Fabrics|TRIMS,CHUNG TAI GARMENT FA|BEST PACIFIC VIETNAM|BEST PACIFIC,False,True,1500.5,False,False,False,False,Resolution 202/2025/QH15 Art.1 item 7
VN2019105RNF3RD,Vast Apparel Vietnam Ltd,"Lot A5, A6, A7, B1, B2, B3, B4 Tam Dan Industrial Cluster, Tam Dan commune, Phu Ninh District, Quang Nam Province",VN,Vietnam,15.5118895,108.4098014,VN:Da Nang,False,VN-27,True,primary,False,False,False,True,False,Tier 1 (finished goods),adidas list,0,Sportswear|Sports & activewear,VFL OUTDOOR|VAST FOCUS|LEADTACT,False,True,1710.0,False,True,False,False,Resolution 202/2025/QH15 Art.1 item 10
VN2019108B086XF,Regent Garment Factory Ltd.,"Lai Vu Industrial Zone, Kim Thanh District, Hai Duong Province",VN,Vietnam,20.9896528,106.4035206,VN:Hai Phong,False,VN-61,True,primary,True,True,False,True,False,Tier 1 (finished goods),adidas list,0,Apparel|Apparel|NIKE|APPAREL|Knits,CRYSTAL SL GLOBAL PTE|CRYSTAL|CRYSTAL ELEGANCE INDUSTRIAL,False,True,300.5,False,False,False,False,Resolution 202/2025/QH15 Art.1 item 7
VN2019133QVZ8WC,Premier Global (Vietnam) Garment Factory Co. Ltd.,"Lot C, Road 1, Dong An IP, Thuan An Dist, Binh Duong Province",VN,Vietnam,10.9059326,106.7329302,VN:Ho Chi Minh City,False,VN-57,True,primary,True,True,False,True,False,Tier 1 (finished goods),adidas list,0,Apparel|Garments|fashion apparel|clothing|Apparel|Garment|Seamseal|Jacket|Down|Padding|Knitted|Bonding|Shirt|Woven|Shorts|T-shirt|Pants,TREDIA VIET NAM|WIN HANVERKY|MITSUBISHI|PREMIER GLOBAL VIETNAM GARMENT|NICE APPAREL,False,True,1000.0,False,False,False,False,Resolution 202/2025/QH15 Art.1 item 16
VN201914304YHR3,"Hwa Seung Vina Co., Ltd.",Nhon Trach 1 Industrial Zone Nhon Trach District  Dong Nai 81000 Dong Nai Vietnam,VN,Vietnam,10.7411988,106.9270066,VN:Dong Nai,False,VN-39,True,primary,False,False,False,True,False,Tier 1 (finished goods),adidas list,0,,HWASEUNG INDUSTRIES,False,False,10173.5,False,False,False,False,Resolution 202/2025/QH15 Art.1 item 17
VN20191432AQZ82,PUNGKOOK SAIGON III Co Ltd,"1A QUARTER, AN PHU WARD, Thuan An Town  Binh Duong 820000 Binh Duong Vietnam",VN,Vietnam,10.9538545,106.7451572,VN:Ho Chi Minh City,False,VN-57,True,primary,False,False,False,True,False,Tier 1 (finished goods),adidas list,0,Accessories,PUNGKOOK,False,False,1711.0,False,False,False,False,Resolution 202/2025/QH15 Art.1 item 16
VN20191432MNFG2,"Chang Chun Vina Co., Ltd","Street D1, Block B An Ngai Industrial Zone-Small Scale Industry An Ngai Commune Long Dien 74000 Ba Ria-Vung Tau Vietnam",VN,Vietnam,10.4513168,107.2134482,VN:Ho Chi Minh City,False,VN-43,True,primary,False,False,False,True,False,Tier 1 (finished goods),adidas list,0,,HWASEUNG INDUSTRIES,False,False,2299.5,False,False,False,False,Resolution 202/2025/QH15 Art.1 item 16
VN20191435M153T,"Chi Hung Co., Ltd.","My Hiep Quater, Thai Hoa ward, Tan Uyen Town Binh Duong Province Binh Duong Province 820000 Binh Duong Vietnam",VN,Vietnam,10.9765095,106.7535819,VN:Ho Chi Minh City,False,VN-57,True,primary,False,False,False,True,False,Tier 1 (finished goods),adidas list,0,,SPORTS GEAR TAIWAN BRANCH,False,False,7432.5,False,False,False,False,Resolution 202/2025/QH15 Art.1 item 16
VN20191438TK2WB,Hwa Seung Vina Co.Ltd (Long Thanh branch),"Valley 47, Industrial Group Tam Phuoc Commune  Bien Hoa 810000 Dong Nai Vietnam",VN,Vietnam,10.8631954,106.9241116,VN:Dong Nai,False,VN-39,True,primary,False,False,False,True,False,Tier 1 (finished goods),adidas list,0,,HWASEUNG INDUSTRIES,False,False,1071.5,False,False,False,False,Resolution 202/2025/QH15 Art.1 item 17
VN20191439CCX3S,Lacty II Co. Ltd.,"Lot B1, B2 Tan Phu Thanh Industrial Zone - phase 1 Tan Phu Thanh Ward, Chau Thanh A district Hau Giang 084711 Hau Giang Vietnam",VN,Vietnam,9.9544631,105.7175138,VN:Can Tho,False,VN-73,True,primary,False,False,False,True,False,Tier 1 (finished goods),adidas list,0,,FLOURISH THRIVE DEVELOPMENTS TAIWAN BRANCH,False,False,12141.0,False,False,False,False,Resolution 202/2025/QH15 Art.1 item 19
VN2019143AEV9QB,Shyang Hung Cheng Industrial Co. Ltd. (SHC),"An Thanh Production Zone, An Thanh Ward  Thuan An Town 72000 Binh Duong Vietnam",VN,Vietnam,10.9507852,106.685136,VN:Ho Chi Minh City,False,VN-57,True,primary,False,False,False,True,False,Tier 1 (finished goods),adidas list,0,,SHYANG SHIN BAO INDUSTRIAL,False,False,7686.5,False,False,False,False,Resolution 202/2025/QH15 Art.1 item 16
VN2019143AR4X61,Saigon Jim Brother's Corp (EVM),Binh Chuan Production Area Binh Chuan Ward Thuan An Town Binh Duong 72000 Binh Duong Vietnam,VN,Vietnam,10.9702951,106.7398081,VN:Ho Chi Minh City,False,VN-57,True,primary,False,False,False,True,False,Tier 1 (finished goods),adidas list,0,,EVERVAN INTERNATIONAL VIETNAM,False,False,8103.0,False,False,False,False,Resolution 202/2025/QH15 Art.1 item 16
VN2019143GDEAS6,Ci Bao Co. Ltd (SHD),"N5 Street, Suoi Tre Industrial Park Suoi Tre Village, Long Khanh Commune  Dong Nai Province 810000 Dong Nai Vietnam",VN,Vietnam,10.9456269,107.2075388,VN:Dong Nai,False,VN-39,True,primary,False,False,False,True,False,Tier 1 (finished goods),adidas list,0,,SHYANG SHIN BAO INDUSTRIAL,False,False,2806.5,False,False,False,False,Resolution 202/2025/QH15 Art.1 item 17
VN2019143JBBW95,HWASEUNG RACH GIA COMPANY LIMITED (HSRG),"Road 4, Thanh Loc Industrial Park, Thanh Loc Commune  Chau Thanh District 0 Kien Giang Vietnam",VN,Vietnam,10.0089019,105.1375908,VN:An Giang,False,VN-47,True,primary,False,False,False,True,False,Tier 1 (finished goods),adidas list,0,,HWASEUNG INDUSTRIES,False,False,3729.5,False,False,False,False,Resolution 202/2025/QH15 Art.1 item 23
VN2019143KN3RZT,"Sein Together Kee Eun Vietnam Co., Ltd.",LOT 6 - THUY VAN INDUSTRIAL ZONE   VIET TRI 29000 Phu Tho Vietnam,VN,Vietnam,21.3433312,105.3526452,VN:Phu Tho,False,VN-68,True,licensee,False,False,False,True,False,Tier 1 (finished goods),adidas list,0,socks|ACTIVE KNITS,REFLEX PERFORMANCE RESOURCES,False,False,1111.0,False,True,False,False,Resolution 202/2025/QH15 Art.1 item 4
VN2019143MJD9XH,Giap Quan Thang Limited Liability Company,"Long An B Area, Cai Tac Town, Chau Thanh A   Hau Giang 84711 Hau Giang Vietnam",VN,Vietnam,10.695572,106.2431205,VN:Tay Ninh,False,VN-41,True,primary,False,False,False,True,False,Tier 1 (finished goods),adidas list,0,,SHYANG HUNG CHENG SHW,False,False,802.0,False,False,False,False,Resolution 202/2025/QH15 Art.1 item 18
VN2019143RTEJ5F,Lacty Company Limited,No. 3-5 Ten Lua Street An Lac A Ward Binh Tan District Ho Chi Minh 700000 Ho Chi Minh Vietnam,VN,Vietnam,10.7388382,106.6148294,VN:Ho Chi Minh City,False,VN-SG,True,primary,False,False,False,True,False,Tier 1 (finished goods),adidas list,0,,FLOURISH THRIVE DEVELOPMENTS TAIWAN BRANCH,False,False,2735.0,False,False,False,False,Resolution 202/2025/QH15 Art.1 item 16
VN2019143SECPJK,Elite Long Thanh Co Ltd,"Lot D, Loc An, Binh Son Industrial Park Long Thanh District Dong Nai 700000 Dong Nai Vietnam",VN,Vietnam,10.8111548,106.9889904,VN:Dong Nai,False,VN-39,True,primary,False,False,False,True,False,Tier 1 (finished goods),adidas list,0,,TUNG MUNG INTERNATIONAL PTE,False,False,3478.0,True,False,False,False,Resolution 202/2025/QH15 Art.1 item 17
VN2019143ZBYQWK,"TMI (Viet Nam) Co., Ltd",1365/1 National Road 1A An Phu Dong Ward  Ho Chi Minh City 70000 12 District Vietnam,VN,Vietnam,10.8607868,106.7147761,VN:Ho Chi Minh City,False,VN-SG,False,,True,True,False,True,False,Tier 1 (finished goods),Nike labels,0,NIKE|APPAREL,TMI|TUNG MUNG,False,True,1693.0,False,False,False,False,Resolution 202/2025/QH15 Art.1 item 16
VN2019143ZYPRTX,APACHE FOOTWEAR VIETNAM COMPANY LIMITED,"Lot 71A, 72A, 78A, 79, 102, 103A Long Giang Industrial Park, Tien Giang Province, Vietnam",VN,Vietnam,10.4758352,106.3047566,VN:Dong Thap,False,VN-46,True,primary,False,False,False,True,False,Tier 1 (finished goods),adidas list,0,,,False,False,6774.5,False,False,False,False,Resolution 202/2025/QH15 Art.1 item 21
VN20192666PSTXA,VIETNAM PAIHO LIMITED,"Lot 30-32-34, Road No.3, Tan Tao Ind.Zone,Tan Tao A Ward, Binh Tan DistrictHCMHo Chi Minh",VN,Vietnam,10.742687,106.594562,VN:Ho Chi Minh City,False,VN-SG,True,wet process,True,True,False,True,False,Tier 2 (materials and processing),adidas list,0,Trims|NIKE|APPAREL|MATERIALS|TRIMS,TAIWAN PAIHO|PAIHO,False,True,2338.0,False,False,False,False,Resolution 202/2025/QH15 Art.1 item 16
VN2019266K5106X,"Hung Fu Leather Co.,Ltd","Lot M4-M5Viet Huong 2 Industrial ParkAn Tay CommuneBen Cat Town, Binh Duong",VN,Vietnam,11.3254024,106.477017,VN:Ho Chi Minh City,False,VN-57,True,wet process,False,False,False,True,False,Tier 2 (materials and processing),adidas list,0,,HUNG FU,False,False,300.5,True,False,False,False,Resolution 202/2025/QH15 Art.1 item 16
VN2019266T3FGPG,"Chen Tai (Vietnam) Woven Tapes Enterprise Co., Ltd.","N8 Rd., My Phuoc 1 Industrial Park, Ben Cat District, Bing Duong Province",VN,Vietnam,11.1245796,106.5920955,VN:Ho Chi Minh City,False,VN-57,True,wet process,False,False,False,True,False,Tier 2 (materials and processing),adidas list,0,,CHEN TAI|CHEN TAI LACE,False,True,505.0,False,False,False,False,Resolution 202/2025/QH15 Art.1 item 16
VN2019266X3YHN2,"Baiksan Vietnam Co., Ltd ","No. 50 , Road 3, Vietnam Singapore Industrial Park II, Hoa Phu Ward, Thu Dau Mot City, Thu Dau Mot, Binh Duong",VN,Vietnam,11.078563,106.676938,VN:Ho Chi Minh City,False,VN-57,True,wet process,True,True,False,True,False,Tier 2 (materials and processing),adidas list,0,FOOTWEAR|NIKE|MATERIALS,BAIKSAN,False,False,343.0,False,False,False,False,Resolution 202/2025/QH15 Art.1 item 16
VN2019266ZG522P,"AVERY DENNISON RIS VIETNAM CO., LIMITED","Lot E01, Trung Tam Road, Long Hau IP, Can Giuoc, Long An",VN,Vietnam,10.6310514,106.7057733,VN:Tay Ninh,False,VN-41,True,wet process,True,True,False,True,False,Tier 2 (materials and processing),adidas list,0,Label|Raw Material|Packaging & Printing|Labels|Raw Material|Accessories|FOOTWEAR|NIKE|MATERIALS,PAXAR|AVERY DENNISON|PAXAR FAR EAST,False,True,2386.0,False,False,False,False,Resolution 202/2025/QH15 Art.1 item 18
VN2019318A8P7HW,Far Eastern New Apparel (Viet Nam) Limited,"D1 St., Bac Dong Phu Industrial Park , Tan Phu Town, Dong Phu District, Binh Phuoc",VN,Vietnam,11.476938,106.881687,VN:Dong Nai,False,VN-58,True,primary,True,True,False,True,False,Tier 1 (finished goods),adidas list,0,NIKE|APPAREL,FAR EASTERN NEW CENTURY|FAR EASTERN APPAREL|FAR EASTERN|FE NEW CENTURY INDUSTRY SINGAPORE PTE|FAR EASTERN APPAREL VIETNAM,False,True,2990.0,False,False,False,False,Resolution 202/2025/QH15 Art.1 item 17
VN2019318J73A9B,"Praegear Viet Nam Co., Ltd.","Lot 25, Road 1, Tan Duc Industrial Zone, Duc Hoa Ha Commune, Duc Hoa District, Long An",VN,Vietnam,10.7943241,106.4623522,VN:Tay Ninh,False,VN-41,False,,True,False,True,False,False,Tier 1 (finished goods),Nike labels,0,Accessories|NIKE|EQUIPMENT|Accessories,DEYORK,True,False,997.5,False,False,False,False,Resolution 202/2025/QH15 Art.1 item 18
VN2019322JV327G,G&G Fashion (Vietnam) Co. Ltd.,"Lot C Loc An-Binh Son Industrial Zone Binh Son Commune Long Thanh, Bien Hoa, Dong Nai, Vietnam",VN,Vietnam,10.7945701,106.9899796,VN:Dong Nai,False,VN-39,True,primary,False,False,False,True,False,Tier 1 (finished goods),adidas list,0,,DRAGON CROWND,False,False,984.0,False,True,False,False,Resolution 202/2025/QH15 Art.1 item 17
VN2019346BX11X4,"PLV Co.,Ltd.",St.6 Trang Bang Industrial Zone Trang Bang District Tay Ninh Province Vietnam,VN,Vietnam,11.0235676,106.3880619,VN:Tay Ninh,False,VN-37,False,,True,False,True,False,False,unknown,none,0,,,False,False,183.0,False,False,False,False,Resolution 202/2025/QH15 Art.1 item 18
VN2020016B5NPHV,FAR EASTERN APPAREL (VIETNAM) LTD.,"46, Freedom Avenue, Vietnam-Singapore Industrial Park , Binh Duong Province, 72000",VN,Vietnam,10.935313,106.737437,VN:Ho Chi Minh City,False,VN-57,False,,True,True,False,True,False,Tier 1 (finished goods),Nike labels,0,NIKE|APPAREL|Accessories|Knits,FAR EASTERN|FE NEW CENTURY INDUSTRY SINGAPORE PTE,False,True,2860.0,False,False,False,False,Resolution 202/2025/QH15 Art.1 item 16
VN2020016VWVFDX,HUNG LONG GARMENT & SERVICE JSC,"NGUYEN VAN LINH STREET, DI SU WARD, MY HAO TOWN, HUNG YEN PROVINCE, Hung Yen Province, 160000",VN,Vietnam,20.9190334,106.0787142,VN:Hung Yen,False,VN-66,False,,True,True,False,True,False,Tier 1 (finished goods),Nike labels,0,NIKE|APPAREL,SG|TP|HUNG LONG GARMENT AND SERVICE JOINT STOCK|HUNG LONG GARMENT|TORAY INTERNATIONAL,True,True,2300.0,False,True,False,False,Resolution 202/2025/QH15 Art.1 item 6
VN2020016X733E7,TNG INVESTMENT AND TRADING JSC DONG HY GARMENT BRANCH,"NGOI CHEO, NAM HOA COMMUNE DONG HY DISTRICT , THAI NGUYEN CITY, Thai Nguyen Province, 250000",VN,Vietnam,21.6095327,105.9171161,VN:Thai Nguyen,False,VN-69,False,,True,True,False,True,False,Tier 1 (finished goods),Nike labels,0,,SJ TREND TNG INVESTMENT AND TRADING|TNG INVESTMENT AND TRADING|TNG,False,True,1299.0,True,False,False,False,Resolution 202/2025/QH15 Art.1 item 3
VN20200296D4C3S,"Din Sen Viet Nam Enterprise Co., LTD","Hamlet 1A, Tan Thanh Tay Ward, Cu Chi District",VN,Vietnam,10.8560333,106.6381694,VN:Ho Chi Minh City,False,VN-SG,True,primary,False,False,False,True,False,Tier 1 (finished goods),adidas list,0,,,False,False,1104.0,False,True,False,False,Resolution 202/2025/QH15 Art.1 item 16
VN202002970V3SH,MEGA SURPLUS VIETNAM FOOTWEAR COMPANY LIMITED,"Khóm Vĩnh Hòa, community Tân Ngãi, city Vĩnh Long, province Vĩnh Long, Vinh Long , Vinh Long",VN,Vietnam,10.262812,105.922562,VN:Vinh Long,False,VN-49,True,primary,False,False,False,True,False,Tier 1 (finished goods),adidas list,0,,MAXKING FOOTWEAR,False,False,1083.0,False,False,False,False,Resolution 202/2025/QH15 Art.1 item 20
VN2020029CFNNA2,Vinh Long Branch of Thanh Cong Textile & Garment – Investment – Trading J.S Company,"Block II-4, Hoa Phu Industrial Zone Phuoc Hoa Hamlet, Hoa Phu Ward, Long Ho district, Vinh Long Provine Long Ho  85000 Vinh Long Vietnam",VN,Vietnam,10.1730071,105.9319748,VN:Vinh Long,False,VN-49,True,primary,False,False,False,True,False,Tier 1 (finished goods),adidas list,0,Apparel,THANH CONG TEXTILE GARMENT INVESTMENT TRADING JOINT STOCK|THANH CONG TEXTILE GARMENT INVESTMENT TRADING,False,True,1355.0,True,True,False,False,Resolution 202/2025/QH15 Art.1 item 20
VN2020029G483G2,"Regina Miracle International Vietnam Co., ltd","No 9 East – West Road, VSIP Hai Phong Dinh Vu Economic Zone, Thuy Nguyen District  Cat Hai Hai Phong 084 Hai Phong Vietnam",VN,Vietnam,20.905313,106.689188,VN:Hai Phong,False,VN-HP,True,primary,True,True,False,True,False,Tier 1 (finished goods),adidas list,0,NIKE|APPAREL|Apparel|Apparel|Apparel|Apparel|Apparel|Apparel|Apparel|Apparel|Apparel|Apparel|BRAS,REGINA MIRACLE INTERNATIONAL|REGINA MIRACLE,False,True,8247.5,False,False,False,False,Resolution 202/2025/QH15 Art.1 item 7
VN2020029N5A6SP,Vietnam Elite Global Footwear Manufacturing Company Limited,"356 , 1A Highway, Quarter 9, Ben Luc Town (blank) (blank) Long An Province 852300 Long An Vietnam",VN,Vietnam,10.6330176,106.5004688,VN:Tay Ninh,False,VN-41,True,primary,False,False,False,True,False,Tier 1 (finished goods),adidas list,0,,ELITE GLOBAL SOURCING,False,False,1440.5,False,False,False,False,Resolution 202/2025/QH15 Art.1 item 18
VN2020029VQEHZ3,Luckytex Soc Trang Viet Nam Co.Ltd,"Lot H, An Industrial Park, An Hiep Commune",VN,Vietnam,10.6372791,106.7474243,VN:Ho Chi Minh City,False,VN-SG,False,,True,True,False,True,False,Tier 1 (finished goods),Nike labels,0,NIKE|APPAREL,TUNTEX|TUNTEX INCORPORATION,False,True,918.5,False,False,False,False,Resolution 202/2025/QH15 Art.1 item 16
VN20200535RNWDB,"Pou Sung Vietnam Co., Ltd.","Bau Xeo Industrial Park, 61Ward",VN,Vietnam,10.958135,107.0276259,VN:Dong Nai,False,VN-39,True,primary,True,True,False,True,False,Tier 1 (finished goods),adidas list,0,Footwear|NIKE|FOOTWEAR,THE LOOK MACAO COMMERCIAL OFFSHORE|POU PHONG|POU CHEN|POUCHEN,False,True,7953.0,True,False,True,False,Resolution 202/2025/QH15 Art.1 item 17
VN20200538TMKHA,Coats Phong Phu Ltd. Liability Co.,"48 Tang Nhon Phu Str, Ward Tang Nhon Phu B, Thu Duc City, Ho Chi Minh",VN,Vietnam,10.8321244,106.7780643,VN:Ho Chi Minh City,False,VN-SG,True,wet process,False,False,False,True,False,Tier 2 (materials and processing),adidas list,0,Raw Material|Trims|TRIMS,COATS|COATS THREAD,False,True,1131.0,False,False,False,False,Resolution 202/2025/QH15 Art.1 item 16
VN20200539KNF2J,"Vietnam Dona Standard Footwear Co., Ltd","Xuan Loc industrial Zone, Xuan Loc District, Dong Nai province   76000",VN,Vietnam,10.9078188,107.4132872,VN:Dong Nai,False,VN-39,False,,True,True,False,True,False,Tier 1 (finished goods),Nike labels,0,,FENG TAY,False,False,23083.0,False,False,False,False,Resolution 202/2025/QH15 Art.1 item 17
VN2020053AJJAV3,Paihong Vietnam Company Limited,"Lot C_6A_CN, Bau Bang Industrial Zone Extention, Lai Uyen Commune, Bau Bang District, Binh Duong Province, Viet Nam Bau Bang Binh Duong Province 75000",VN,Vietnam,11.2853477,106.6173415,VN:Ho Chi Minh City,False,VN-57,True,wet process,False,False,False,True,False,Tier 2 (materials and processing),adidas list,0,,TAIWAN PAIHO|PAIHO|PAI HONG,False,True,750.5,False,False,False,False,Resolution 202/2025/QH15 Art.1 item 16
VN2020053BMQA7Q,"CHYANG SHENG VIETNAM CO., LTD","150/3, Hamlet 2, An Phu Ward, Thuan An District, BinhDuong Province, Vietnam Thuan An Binh Duong Province ",VN,Vietnam,10.9478138,106.7382072,VN:Ho Chi Minh City,False,VN-57,True,wet process,False,False,False,True,False,Tier 2 (materials and processing),adidas list,0,,FU HSUN|FU HSUN VIETNAM,False,True,485.75,False,False,False,False,Resolution 202/2025/QH15 Art.1 item 16
VN2020053CFDT5Q,Kuoyuen Industrial Vietnam Ltd.,"Nguyen Ai Quoc St., Nhon Trach Industrial Park 3, Hiep Phuoc Town, Nhon Trach, Dong Nai Province, 071000",VN,Vietnam,10.7267839,106.9417632,VN:Dong Nai,False,VN-39,False,,True,True,False,True,False,Tier 2 (materials and processing),Nike labels,0,FOOTWEAR|NIKE|MATERIALS,KUOYUEN TANNERY INNOVATIVE TRACK TAIWAN BRANCH|KUO YUEN,False,True,169.0,False,False,False,False,Resolution 202/2025/QH15 Art.1 item 17
VN2020053EQSQX2,"Sue's International-Radiant International Textile co., Ltd.","Lot K1&K2, Minh Hung-Korea Industrial Zone,Minh Hung village, Chon Thanh District Chon Thanh District Binh Phuoc Province ",VN,Vietnam,11.4884133,106.6143381,VN:Dong Nai,False,VN-58,True,wet process,False,False,False,True,False,Tier 2 (materials and processing),adidas list,0,,SUE S INTL,False,False,273.5,True,False,False,False,Resolution 202/2025/QH15 Art.1 item 17
VN2020053EWQBEA,"You Young Vina Co., Ltd.","Lot E11/E12/E15/E16, Viet Huong II IP, Ben Cat Town, Binh Duong Province Thu Dau Mot Binh Duong Province 0274",VN,Vietnam,11.09503,106.5493175,VN:Ho Chi Minh City,False,VN-57,False,,True,False,True,False,False,unknown,none,0,FOOTWEAR|NIKE|MATERIALS,YOU YOUNG,False,False,320.0,False,False,False,False,Resolution 202/2025/QH15 Art.1 item 16
VN2020053F0HQMV,"All Wells International Co., Ltd.","No. 81 Rd, Toc Tien Commune   790000",VN,Vietnam,10.6032018,107.113007,VN:Ho Chi Minh City,False,VN-43,False,,True,True,False,True,False,Tier 1 (finished goods),Nike labels,0,NIKE|FOOTWEAR,SPORTS GEAR|SPORT GEARS,False,True,3088.5,False,False,False,False,Resolution 202/2025/QH15 Art.1 item 16
VN2020053FB268T,"Formosa Taffeta Dong Nai Co., Ltd","Nhon Trach 3 Industrial Park, Hiep Phuoc Ward, Nhon Trach District, Dong Nai Province, Vietnam Bien Hoa Dong Nai Province ",VN,Vietnam,10.7010911,106.9351126,VN:Dong Nai,False,VN-39,True,wet process,True,True,False,True,False,Tier 2 (materials and processing),adidas list,0,NIKE|APPAREL|MATERIALS,FORMOSA TAFFETA|FORMOSA,False,True,989.0,False,False,False,False,Resolution 202/2025/QH15 Art.1 item 17
VN2020053N4QCT6,PrimeAsia Vietnam Co. Ltd.,"LV-2, My Xuan Industrial Park,  Ba Ria Vung Tau ",VN,Vietnam,10.6476996,107.0636197,VN:Dong Nai,False,VN-39,False,,True,True,False,True,False,Tier 2 (materials and processing),Nike labels,0,Raw Material|FOOTWEAR|NIKE|MATERIALS,PRIME ASIA LEATHER|PRIME ASIA|PRIME AISA VIETNAM,False,True,1180.0,False,False,False,False,Resolution 202/2025/QH15 Art.1 item 17
VN2020053T5T1W6,"VIETNAM DE LICACY INDUSTRIAL CO.,LTD.","Lô A-10-CN, Khu công nghiệp Bàu Bàng, xã Lai Hưng, huyện Bàu Bàng, tỉnh Bình Dương. Bau Bang Binh Duong Province ",VN,Vietnam,11.239313,106.615437,VN:Ho Chi Minh City,False,VN-57,True,wet process,False,False,False,True,False,Tier 2 (materials and processing),adidas list,0,FABRIC,DE LICACY INDUSTRIAL|DELICACY|DE LICACY|LUCKY UNIQUE ENTERPRISE DE LICACY,False,True,780.0,False,False,False,False,Resolution 202/2025/QH15 Art.1 item 16
VN2020070RKZ193,"A First Vina Co., Ltd","Road No.2,Tam Phuoc Industrial Zone, Bien Hoa City, Dong Nai Province",VN,Vietnam,10.8659901,106.937049,VN:Dong Nai,False,VN-39,True,licensee,False,False,False,True,False,Tier 1 (finished goods),adidas list,0,,A FIRST|DRAGON CROWD GARMENT|SINGTEX PTE,False,True,1028.0,False,True,False,False,Resolution 202/2025/QH15 Art.1 item 17
VN2020084S5ST5A,"SIGMA VIETNAM INDUSTRIAL CO., TLD.","AV-AVI, GIAO CHAU INDUSTRIAL, PARK II, AN PHUOC COMMUNE, CHAU, THANH DIST., BEN TRE PROVINCE 930000, ",VN,Vietnam,10.2889905,106.3993658,VN:Vinh Long,False,VN-50,False,,True,True,False,True,False,Tier 1 (finished goods),Nike labels,0,,SIGMA|SHANGHAI CHANCO ENTERPRISE DEVELOPMENT,False,True,1158.0,False,False,False,False,Resolution 202/2025/QH15 Art.1 item 20
VN2020084TWQSKD,"FASHION GARMENTS CO.,LTD","TAM THANG INDUSTRIAL ZONE, TAM KY CITY, QUANG NAM PROVINCE 056000, TAM KY",VN,Vietnam,15.619687,108.467313,VN:Da Nang,False,VN-27,False,,True,True,False,True,False,Tier 1 (finished goods),Nike labels,0,,GREY MATTER CONCEPTS|FR APPAREL TRADING DMCC,False,True,1500.0,False,False,False,False,Resolution 202/2025/QH15 Art.1 item 10
VN2020100MWJMDC,"Anywear Co., Ltd.											","Workshop2 Lot A.V Street1, Long Thanh, Dong Nai",VN,Vietnam,10.7932946,107.0135297,VN:Dong Nai,False,VN-39,True,licensee,False,False,False,True,False,Tier 1 (finished goods),adidas list,0,Accessories|Accessories,,False,False,314.5,False,False,False,False,Resolution 202/2025/QH15 Art.1 item 17
VN20201146VM79K,Maple Company Limited,"No. 120, Road No. 14, VSIP Hai Phong Township, Industrial and Service Park, Thuy Trieu Commune, Thuy Nguyen District, Hai Phong City, Vietnam",VN,Vietnam,20.9144591,106.7146184,VN:Hai Phong,False,VN-HP,False,,True,True,False,True,False,Tier 1 (finished goods),Nike labels,0,NIKE|APPAREL,HERBERTON|TAI WAH|RAMATEX,False,True,2613.5,False,False,False,False,Resolution 202/2025/QH15 Art.1 item 7
VN20201148BFVES,"C&K VINA CO.,LTD","LOT E1, E2, MINH HUNG KOREA INDUSTRIAL PARK, CHON THAN DISTRICT, BÌNH PHUC, 83000, VIETNAM",VN,Vietnam,11.4884133,106.6143381,VN:Dong Nai,False,VN-58,False,,True,False,True,False,False,Tier 1 (finished goods),Nike labels,0,NIKE|FOOTWEAR,TAEKWANG,False,False,1648.0,True,False,False,False,Resolution 202/2025/QH15 Art.1 item 17
VN2020114ABQV6V,"H&L APPAREL(VIETNAM) CO.,LTD","LOT D-11-CN, MY PHUOC 2 IP, MY PHUOC WARD, BEN CAT DISTRICT, BÌNH DUONG, 590000, VIETNAM",VN,Vietnam,11.1306929,106.6033695,VN:Ho Chi Minh City,False,VN-57,False,,True,True,False,True,False,Tier 1 (finished goods),Nike labels,0,NIKE|APPAREL,H AND L,True,False,850.0,False,False,False,False,Resolution 202/2025/QH15 Art.1 item 16
VN2020114ERRAXK,CONG TY TNHH MAY MAC PREMIER GLOBAL VIETNAM,"LO C, DUONG SO 1, KCN DONG AN, TINH BINH DUONG, BINH DUONG, 82000, VIETNAM",VN,Vietnam,10.9010474,106.7278375,VN:Ho Chi Minh City,False,VN-57,False,,True,False,True,False,False,Tier 1 (finished goods),Nike labels,0,NIKE|APPAREL,NICE APPAREL,False,False,1114.0,False,False,False,False,Resolution 202/2025/QH15 Art.1 item 16
VN2020114GBNA6E,FAR EASTERN APPAREL (HOLDING) LIMITED VIETNAM,"ST. 32, 12A VSIP II-A, BINH DUONG, BÌNH DUONG, 820000, VIETNAM",VN,Vietnam,11.156187,106.705813,VN:Ho Chi Minh City,False,VN-57,False,,True,True,False,True,False,Tier 1 (finished goods),Nike labels,0,NIKE|APPAREL,FAR EASTERN,False,False,1417.5,False,False,False,False,Resolution 202/2025/QH15 Art.1 item 16
VN2020114T8BHX9,"SNP CO.,LTD.","No 12 VSIP II Road, Thu Dau Mot City, Bình Duong, 75000",VN,Vietnam,11.0739129,106.6842102,VN:Ho Chi Minh City,False,VN-57,False,,True,True,False,True,False,Tier 1 (finished goods),Nike labels,0,NIKE|APPAREL,SINTEX INTERNATIONAL|SPORTS CITY|SINTEX INTERNATIONAL SPORTS CITY INTERNATIONAL,False,True,2780.0,True,False,False,False,Resolution 202/2025/QH15 Art.1 item 16
VN2020182TJ0X2Y,Weitai Leather Co. Ltd.,"Nhon trach 3 industrial zone, 		   Dong nai province	  Vietnam",VN,Vietnam,10.7066382,106.9391708,VN:Dong Nai,False,VN-39,True,wet process,False,False,False,True,False,Tier 2 (materials and processing),adidas list,0,Leather|Suede,WEI TAI,False,False,326.25,False,False,False,True,Resolution 202/2025/QH15 Art.1 item 17
VN20201918HF342,"Thuan Phuong Embroidery & Garments Com., Ltd","269-275, NGUYEN VAN LUONG, HO CHI MINH",VN,Vietnam,10.7488621,106.6350787,VN:Ho Chi Minh City,False,VN-SG,False,,True,True,False,True,False,Tier 1 (finished goods),Nike labels,0,NIKE|APPAREL,THUAN PHUONG EMBROIDERIES AND GARMENTS|THUAN PHUONG,True,True,1392.0,False,True,False,False,Resolution 202/2025/QH15 Art.1 item 16
VN20201918J6SS5,"Viet Pan-Pacific Nam Dinh Co., Ltd","Giao Cu Trung,Dong Son, Nam Truc, Nam Dinh, Vietnam, Nam Dinh",VN,Vietnam,20.3057645,106.2621135,VN:Ninh Binh,False,VN-67,False,,True,False,True,False,False,Tier 1 (finished goods),Nike labels,0,NIKE|APPAREL,PAN PACIFIC,True,False,3000.5,False,False,False,False,Resolution 202/2025/QH15 Art.1 item 8
VN20203230QA5SF,"Wonjinkolon Glotech Co.,LTD","NHÀ XƯỞNG 52-53, ĐƯỜNG 1-7, KCN LONG THÀNH, XÃ TAM AN, HUYỆN LONG THÀNH, TỈNH ĐỒNG NAI",VN,Vietnam,10.8257425,106.9271046,VN:Dong Nai,False,VN-39,False,,True,False,True,False,False,Tier 1 (finished goods),Nike labels,0,FOOTWEAR|NIKE|MATERIALS,WONJIN TECH,False,False,95.0,False,False,False,False,Resolution 202/2025/QH15 Art.1 item 17
VN2020345N2V3Y7,"Manufacture of Artistic Belt and Accessories Co., Ltd.","Factory 07, DE1B & DE1 St., My Phuoc 3 Industrial Park, Thoi Hoa Ward, Ben Cat Town, Binh Duong, Vietnam 825750",VN,Vietnam,11.0915815,106.6437671,VN:Ho Chi Minh City,False,VN-57,False,,True,True,False,True,False,Tier 1 (finished goods),Nike labels,0,NIKE|EQUIPMENT,ARTISTIC BELT AND ACCESSORIES,True,False,37.0,False,False,False,False,Resolution 202/2025/QH15 Art.1 item 16
VN20203635JFAMR,Haivina Hong Linh,"Nam Hong Industrial Zone, Dau Lieu Ward, Hong Linh Town, Ha Tinh Province, Vietnam",VN,Vietnam,18.5244601,105.7028457,VN:Ha Tinh,False,VN-23,True,primary,True,True,False,True,False,Tier 1 (finished goods),adidas list,0,,HYUN JIN|HAIVINA HONG,False,True,1186.0,False,False,False,False,Resolution 202/2025/QH15 Art.1 item 24
VN2021011K55HZR,TAY NINH KUO YUEN LTD,"LOT A13.1-5, STREET D3, LOT A8.7-9, STREET D1, THANH THANH CONG IZ, TRANG BANG DIST., TAY NINH PROVINCE",VN,Vietnam,11.024906,106.312446,VN:Tay Ninh,False,VN-37,False,,True,False,True,False,False,unknown,none (keyword guess removed),0,,KUO YUEN,False,False,226.0,False,False,False,False,Resolution 202/2025/QH15 Art.1 item 18
VN2021028HWFAMD,Himaru Ben Tre Limited Company,"Block EI-1 Giao Long Industrial Park, An Phuoc Village, Chau Thanh District, Ben Tre Province",VN,Vietnam,10.2981146,106.4001846,VN:Vinh Long,False,VN-50,True,licensee,False,False,False,True,False,Tier 1 (finished goods),adidas list,0,Accessories|Accessories,HIMARU INDUSTRIAL,False,False,268.0,False,False,False,False,Resolution 202/2025/QH15 Art.1 item 20
VN2021071FKJFSD,Vietnam Rollsport Footwear Company LTD,"Hoang Long Industrial and urban zone; Tao Xuyen Ward, Thanh Hoa, Vietnam",VN,Vietnam,19.8460152,105.803366,VN:Thanh Hoa,False,VN-21,False,,True,False,True,False,False,unknown,none,0,,,False,False,10270.0,False,False,False,False,Resolution 202/2025/QH15 Art.1 item 24
VN202107747Y011,Long Way Vietnam,"Longway Vietnam Co. Ltd. Xuyen A Industrial Zone, Duc Hoa, Long AN, 850000",VN,Vietnam,10.8793229,106.5217225,VN:Ho Chi Minh City,False,VN-SG,False,,True,False,True,False,False,Tier 1 (finished goods),Nike labels,0,NIKE|EQUIPMENT,LONGWAY,False,False,1229.5,False,False,False,False,Resolution 202/2025/QH15 Art.1 item 16
VN20210778CE6SR,Peak Speed Printing Company Ltd,"No. 19, National Road 1A, Hamlet 5, ",VN,Vietnam,13.9531605,109.072803,VN:Gia Lai,False,VN-31,True,primary,False,False,False,True,False,Tier 1 (finished goods),adidas list,0,,,False,False,177.5,False,False,False,False,Resolution 202/2025/QH15 Art.1 item 12
VN2021089E8KTFC,Vietnam Elite Shoes Co. Ltd.,"Long Dinh - Long Cang Industrial Park, Hamlet 4, Can Duoc",VN,Vietnam,10.593853,106.5182199,VN:Tay Ninh,False,VN-41,True,primary,False,False,False,True,False,Tier 1 (finished goods),adidas list,0,,,False,False,1446.5,False,False,False,False,Resolution 202/2025/QH15 Art.1 item 18
VN20211398F1TQZ,DONA PACIFIC VIETNAM CO  LTD.,"SONG MAY INDUSTRIAL ZONE  BAC SON VILLIAGE , DONG NAI, ÐNG NAI",VN,Vietnam,10.9713461,106.9540283,VN:Dong Nai,False,VN-39,False,,True,True,False,True,False,Tier 1 (finished goods),Nike labels,0,NIKE|FOOTWEAR,FENG TAY,False,False,10488.0,True,False,False,False,Resolution 202/2025/QH15 Art.1 item 17
VN2021139ASN25N,ELITE INVESTMENT WORLDWIDE CO  LTD,"1657/3E NATIONAL ROAD 1A, AN PHU DONG WARD, DISTRICT 12, HO CHI MINH, HO CHI MINH",VN,Vietnam,10.8619503,106.7172431,VN:Ho Chi Minh City,False,VN-SG,True,primary,True,True,False,True,False,Tier 1 (finished goods),adidas list,0,NIKE|APPAREL,TUNG MUNG INTERNATIONAL PTE|TUNG MUNG,False,True,1411.0,False,False,False,False,Resolution 202/2025/QH15 Art.1 item 16
VN2021144QVXK6T,Yong Hao Co Ltd. (YHO),"Block CN12, Road D1 & Road N4, Song Than 3 Industrial Park, Phu Tan Ward, Thu Dau Mot",VN,Vietnam,11.0394888,106.691952,VN:Ho Chi Minh City,False,VN-57,True,primary,False,False,False,True,False,Tier 1 (finished goods),adidas list,0,,SAIGON JIM BROTHER S,False,False,469.0,False,False,False,False,Resolution 202/2025/QH15 Art.1 item 16
VN20211591D86N9,LEADING STAR VIET NAM GARMENT JOINT STOCK COMPANY,"Lot C, Road No. 3, Dong An IP, Binh Hoa Ward,Thuan An City, Binh Duong Province, Vietnam, Thuan An",VN,Vietnam,10.897562,106.729938,VN:Ho Chi Minh City,False,VN-57,False,,True,False,True,False,False,Tier 1 (finished goods),Nike labels,0,NIKE|APPAREL,TSG INTERNATIONAL|LEADING STAR,False,True,2750.5,False,True,False,False,Resolution 202/2025/QH15 Art.1 item 16
VN2021159N17SS7,DAEYOUNG TEXTILE CO LTD,"Nhon Trach 6a Subdivision, Nhon Trach 6 Industrial Zone, Long Tho Commume, Nhon Trach District, DONG NAI",VN,Vietnam,10.702118,106.936575,VN:Dong Nai,False,VN-39,True,wet process,False,False,False,True,False,Tier 2 (materials and processing),adidas list,0,,DAE YOUNG,False,False,446.0,True,False,False,False,Resolution 202/2025/QH15 Art.1 item 17
VN202120016RRPR,VIET NAM VICTORY SHOES COMPANY LIMITED,"Lot C, Lot D,  VU THU INDUSTRIAL CLUSTERS,   VU THU DISTRICT, Thai Binh province",VN,Vietnam,20.4359144,106.2823717,VN:Hung Yen,False,VN-20,True,primary,False,False,False,True,False,Tier 1 (finished goods),adidas list,0,Footwear|Footwear,ZHANFENG INTERNATIONAL|VICTORY FOOTWEAR,False,True,1415.75,False,False,False,False,Resolution 202/2025/QH15 Art.1 item 6
VN2021280BBFWXH,"UN-AVAILABLE CO., LTD","Part of Lot I/3, Street No. 7, Vinh Loc Industrial Park, Binh Hung Hoa B Ward, Binh Tan District, Ho Chi Minh City, Vietnam",VN,Vietnam,10.826023,106.595158,VN:Ho Chi Minh City,False,VN-SG,False,,True,True,False,True,False,Tier 1 (finished goods),Nike labels,0,T-shirt|Jacket|Shirt|Lightweight Jackets|T-Shirts|Hoodies|Pants |Crewnecks|Shorts,,False,False,613.5,False,False,False,False,Resolution 202/2025/QH15 Art.1 item 16
VN2021305M16FKE,"GREEN VINA CO., LTD.","BINH DANG QUARTER, BINH HOA WA THUAN AN DISTRICT, BINH DUONG 59000   VN",VN,Vietnam,10.921938,106.728938,VN:Ho Chi Minh City,False,VN-57,False,,True,True,False,True,False,Tier 1 (finished goods),Nike labels,0,NIKE|APPAREL,GREEN TEXTILES|SNOGEN GREEN,False,True,756.0,False,False,False,True,Resolution 202/2025/QH15 Art.1 item 16
VN20213375YWNKX,"TANS (VIETNAM) CO., LTD.","LOT F-3-CN, D1 STREET, MY PHUOC IP, MY PHUOC WARD, BINH DUONG PROVINCE 70000   VN",VN,Vietnam,11.129251,106.605479,VN:Ho Chi Minh City,False,VN-57,True,primary,False,False,False,True,False,Tier 1 (finished goods),adidas list,0,,WELLCORP TRADING HK,False,False,1198.0,False,True,False,False,Resolution 202/2025/QH15 Art.1 item 16
VN20220636XT7E5,ASI - Greentech Headgear,"ASI Greentech Headgear Company Limited - Branch No. 1 & No. 2,Workshop # 1, 2, 3, 4, 5, 6, 22, 23, Road #3, Nhon Trach 2 - Nhon Phu Iz, Phu Hoi Commune, Nhon Trach District, Dong Nai Province",VN,Vietnam,10.7177332,106.9105133,VN:Dong Nai,False,VN-39,False,,True,True,False,True,False,Tier 1 (finished goods),Nike labels,0,Soft Accessories|Caps | Hats|Soft Accessories|Accessories|Accessories|Accessories|Gear & Accessories|Accessories|NIKE|APPAREL|Accessories|Headwear|Wovens,ASIAN SOURCING INTERNATIONAL|ASI GLOBAL|ASIAN SOURCING HEADWEAR|ASI,False,True,2007.0,False,False,False,False,Resolution 202/2025/QH15 Art.1 item 17
VN2022063G5NF0C,"KIM THANH TEXTILE AND GARMENT CO., LTD.","No 66, Street 9, Tan Dinh Hamlet, Tan Thong Hoi Commune, Cu Chi District, Vietnam",VN,Vietnam,10.9167274,106.5482499,VN:Ho Chi Minh City,False,VN-SG,True,primary,False,False,False,True,False,Tier 1 (finished goods),adidas list,0,,TORAY INTERNATIONAL TORAY INTERNATIONAL|TORAY INTERNATIONAL,False,True,1953.0,False,False,False,False,Resolution 202/2025/QH15 Art.1 item 16
VN2022064A9B1G3,"SAN FANG VIETNAM CO., LTD.","LOT II-4, MY XUAN INDUSTRIAL PARK, BA RIA-VUNG, Ba Ria – Vung Tau Pr, 790000",VN,Vietnam,10.6288504,107.0421324,VN:Ho Chi Minh City,False,VN-43,True,wet process,False,False,False,True,False,Tier 2 (materials and processing),adidas list,0,,SANFANG CHEMICAL INDUSTRY|SAN FANG CHEMICAL|SAN FANG,False,True,871.0,True,False,False,False,Resolution 202/2025/QH15 Art.1 item 16
VN2022064HVBZS3,PROMAX TEXTILE CO LTD (VIETNAM) FACTORY I,"NO.33, 6TH RD., FORMOSA ZONE, NHON TRACH 3RD. INDUSTRIAL ZONE, HIEP PHUC WARD, NHON TRACH, Dong Nai Province, 815800",VN,Vietnam,10.7225057,106.941918,VN:Dong Nai,False,VN-39,True,wet process,True,True,False,True,False,Tier 2 (materials and processing),adidas list,0,NIKE|APPAREL|MATERIALS,PROMAX TEXTILE,False,False,868.0,False,False,False,False,Resolution 202/2025/QH15 Art.1 item 17
VN2022064JGDRNG,"COSMO VIET NAM CO., LTD.","FACTORY 01, LOT 19, ROAD 15B. TAN DUC IP, HUU THANH COMMUNE, DUC HOA, Long An Province, 085000",VN,Vietnam,10.7851005,106.4461544,VN:Tay Ninh,False,VN-41,False,,True,True,False,True,False,Tier 2 (materials and processing),Nike labels,0,,COSMOSTAR SINGAPORE|COSMOPOLITAN TEXTILE,True,True,64.0,False,False,False,False,Resolution 202/2025/QH15 Art.1 item 18
VN202206506T2RF,"Vietnam Golden Victory Co., Ltd.","DONG KY VILLAGE NGHIA MINH WARD NGHIA HUNG DISTRICT, Nam Dinh, Nam Ðnh, 420000",VN,Vietnam,20.2611878,106.1198699,VN:Ninh Binh,False,VN-67,False,,True,True,False,True,False,Tier 1 (finished goods),Nike labels,0,NIKE|FOOTWEAR|NIKE|FOOTWEAR,STELLA|STELLA INTERNATIONAL,False,True,8954.0,False,False,False,False,Resolution 202/2025/QH15 Art.1 item 8
VN20220651V6KBN,TONG HONG TANNERY CO LTD (VIETNAM),"LOT NO II1 MY XUAN A2 INDUS MY XUAN WARD PHU MY CITY BRVT, PHU MY, Bà Ra - Vung Tàu, 78000",VN,Vietnam,10.640562,107.039438,VN:Dong Nai,False,VN-39,True,wet process,True,True,False,True,False,Tier 2 (materials and processing),adidas list,0,FOOTWEAR|NIKE|MATERIALS,TONG HONG,False,False,1264.5,False,False,False,False,Resolution 202/2025/QH15 Art.1 item 17
VN20220653N2B71,CTC NONWOVENS VIETNAM CO LTD,"Lot No CN13 Street D1, Phu Tan Ward, Bình Duong, 72000",VN,Vietnam,11.0350554,106.6905249,VN:Ho Chi Minh City,False,VN-57,False,,True,False,True,False,False,unknown,none,0,FOOTWEAR|NIKE|MATERIALS,COSMOPOLITAN TEXTILE,False,False,42.0,True,False,False,False,Resolution 202/2025/QH15 Art.1 item 16
VN20220654GA57Z,Vietnam Weilina Footwear Co. Ltd,"Road 45 Dinh Lien Village Yen Dinh District, YEN DINH, Thanh Hóa, 44000",VN,Vietnam,19.9876304,105.6324554,VN:Thanh Hoa,False,VN-21,False,,True,True,False,True,False,Tier 1 (finished goods),Nike labels,0,FOOTWEAR|NIKE,HUALI,False,False,5751.0,True,False,False,False,Resolution 202/2025/QH15 Art.1 item 24
VN20220655T7CNW,SAMBU FINE CHEMICAL CO LTD (VIETNAM),"Lot 726 Map 28 Tan Binh Commune, Tan Hiep Ward, Tan Uyen Town, Bình Duong, 590000",VN,Vietnam,10.9200391,106.7350911,VN:Ho Chi Minh City,False,VN-57,False,,True,False,True,False,False,unknown,none,0,FOOTWEAR|MATERIALS|NIKE,SAMBU FINE CHEMICAL,False,False,574.0,False,False,False,False,Resolution 202/2025/QH15 Art.1 item 16
VN20220656AQEZ9,"Ting Heng Co., Ltd","Lot HA3 and HA4 and 01HA5 and 02HA5, Duc Hoa, Long An, 850000",VN,Vietnam,10.875687,106.522562,VN:Ho Chi Minh City,False,VN-SG,False,,True,True,False,True,False,Tier 2 (materials and processing),Nike labels,0,FOOTWEAR|MATERIALS|NIKE,,True,False,190.0,False,False,False,False,Resolution 202/2025/QH15 Art.1 item 16
VN202206578KBNQ,YKK VIETNAM CO LTD,"Lot 104 106 108 Amata Road, Bien Hoa City, Ðng Nai, 18000",VN,Vietnam,10.949585,106.8717599,VN:Dong Nai,False,VN-39,False,,True,True,False,True,False,Tier 2 (materials and processing),Nike labels,0,APPAREL|MATERIALS|NIKE,YKK,False,False,2.0,False,False,False,False,Resolution 202/2025/QH15 Art.1 item 17
VN20220659RT96Z,GOLD LONG JOHN (VIETNAM),"LOT NO 7 ROAD 5A  NHON TRACH 2 INDUSTRIAL ZONE , Dong Nai, Ðng Nai, 815956",VN,Vietnam,10.722437,106.918312,VN:Dong Nai,False,VN-39,False,,True,True,False,True,False,Tier 2 (materials and processing),Nike labels,0,FOOTWEAR|MATERIALS|NIKE,LONG JOHN|GOLD LONG JOHN,False,True,443.0,False,False,False,False,Resolution 202/2025/QH15 Art.1 item 17
VN2022065AH9W2Q,SON KHA COMPANY LIMITED,"441D Pham Van Chieu Street Ward 14, Ho Chi Minh, Ho Chi Minh, 700000",VN,Vietnam,10.854591,106.6643625,VN:Ho Chi Minh City,False,VN-SG,False,,True,True,False,True,False,Tier 1 (finished goods),Nike labels,0,APPAREL|NIKE,SOUTH ISLAND,False,False,75.5,False,False,False,True,Resolution 202/2025/QH15 Art.1 item 16
VN2022065DAW0R0,Gold Long John (Vietnam 2nd location),"Road 25B, Nhon Trach 2 Industrial Zone, Nhon Trach, Da Nang-- thanh ph",VN,Vietnam,10.730187,106.914938,VN:Dong Nai,False,VN-39,False,,True,True,False,True,False,Tier 2 (materials and processing),Nike labels,0,,GOLD LONG JOHN,False,False,580.0,False,False,False,False,Resolution 202/2025/QH15 Art.1 item 17
VN2022065EWEDSK,"Tiong Liong Vietnam Tronjen Industrial Co., Ltd. (Weaving & Lamination) ","1111 Map DC8 4 Binh Chuan Production Zone, Thuan An Town, Bình Duong, 820000",VN,Vietnam,10.870953,106.7038901,VN:Ho Chi Minh City,False,VN-SG,False,,True,False,True,False,False,Tier 2 (materials and processing),Nike labels,0,FOOTWEAR|MATERIALS|NIKE,VN TIONG LIONG INDUSTRIAL|TIONG LIONG|TLC TIONGLIONG TAIWAN,False,True,159.5,False,False,False,False,Resolution 202/2025/QH15 Art.1 item 16
VN2022065JV3MA3,SAN FANG (TR1) (VIETNAM),"LOT II4 MY XUAN A2 INDUSTRIAL PARK, PHU MY TOWN, Bà Ra - Vung Tàu, 78707",VN,Vietnam,10.4113797,107.136224,VN:Ho Chi Minh City,False,VN-43,False,,True,True,False,True,False,Tier 2 (materials and processing),Nike labels,0,FOOTWEAR|MATERIALS|NIKE,SAN FANG,False,False,1182.0,True,False,False,False,Resolution 202/2025/QH15 Art.1 item 16
VN2022065M6YCWN,CHANG SHIN DONG NAI COMPANY LTD,"LO IV, II TAN PHU INDUSTRIAL ZONE, Dong Nai, Ðng Nai, 76000",VN,Vietnam,11.2677446,107.4292386,VN:Dong Nai,False,VN-39,False,,True,True,False,True,False,Tier 1 (finished goods),Nike labels,0,FOOTWEAR|NIKE,CHANGSHIN,False,False,2884.0,False,False,False,False,Resolution 202/2025/QH15 Art.1 item 17
VN2022065M70FCB,"DAEWON CHEMICAL VINA CO., LTD.","ROAD NO5 LONG THANH INDUSTRIAL ZONE TAM AN COMMUNE, LONG THANH, Ðng Nai, 810000",VN,Vietnam,10.8050296,106.9191967,VN:Dong Nai,False,VN-39,False,,True,True,False,True,False,Tier 2 (materials and processing),Nike labels,0,FOOTWEAR|MATERIALS|NIKE,DAEWON,False,False,374.0,False,False,False,False,Resolution 202/2025/QH15 Art.1 item 17
VN2022065N8JW44,"Vietnam ECI Elastic Co., Ltd","D1 2 1 Da Deng Industrial Park , Thu Dau Mot, Bình Duong, 821390",VN,Vietnam,11.0263046,106.6479423,VN:Ho Chi Minh City,False,VN-57,False,,True,True,False,True,False,Tier 2 (materials and processing),Nike labels,0,APPAREL|MATERIALS|NIKE,ECI,False,False,259.0,False,False,False,False,Resolution 202/2025/QH15 Art.1 item 16
VN2022065QHBM95,"HESHENG CO.,LTD","Lot G14 Que Vo industrial park (expansion),Phuong Lieu commune, Que Vo district,Bac Ninh province, Viet Nam,Bac Ninh,Bac Ninh",VN,Vietnam,21.1383833,106.178796,VN:Bac Ninh,False,VN-56,True,licensee,True,True,False,True,False,Tier 1 (finished goods),adidas list,0,NIKE|EQUIPMENT|Product,,True,False,66.0,False,False,False,False,Resolution 202/2025/QH15 Art.1 item 5
VN2022065TD5EZE,ISA INDUSTRIAL CO LTD (VIETNAM),"LOT M2 M3 VIET HUONG 2 INDUSTRIAL ZONE AN TAY VILLAGE , Binh Duong, Bình Duong, 75000",VN,Vietnam,11.08985,106.556281,VN:Ho Chi Minh City,False,VN-57,False,,True,True,False,True,False,Tier 2 (materials and processing),Nike labels,0,FOOTWEAR|MATERIALS|NIKE,ISA,False,False,610.0,False,False,False,False,Resolution 202/2025/QH15 Art.1 item 16
VN2022065TVVV33,KURARAY CO LTD (CLARINO) (TR1) (VIETNAM),"NO 9 8TH STREET VSIP THUAN AN DISTRICT, THUAN AN CITY, Bình Duong, 75200",VN,Vietnam,10.9298042,106.7251325,VN:Ho Chi Minh City,False,VN-57,False,,True,True,False,True,False,Tier 2 (materials and processing),Nike labels,0,FOOTWEAR|MATERIALS|NIKE,KURARAY,False,False,130.0,False,False,False,False,Resolution 202/2025/QH15 Art.1 item 16
VN2022065XF5XY1,LONGWELL COMPANY LTD,"Dau Giay Industrial Park, Dau Giay Town, Thong Nhat District, Dong Nai Province, Vietnam",VN,Vietnam,10.922941,107.131902,VN:Dong Nai,False,VN-39,True,primary,True,True,False,True,False,Tier 1 (finished goods),adidas list,0,FOOTWEAR|NIKE,DEAN SHOES,False,False,3744.0,False,False,False,True,Resolution 202/2025/QH15 Art.1 item 17
VN2022065XJEX4K,"ACode Sporting Goods Co., Ltd.","No 32 VSIP II A Street 31, Bac Tan Uyen, Bình Duong, 822710",VN,Vietnam,11.0739129,106.6842102,VN:Ho Chi Minh City,False,VN-57,True,licensee,True,True,False,True,False,Tier 1 (finished goods),adidas list,0,NIKE|EQUIPMENT|Sporting Protectors,KEYMAN MANAGEMENT C O COMAX SPORTING GOODS|KEYMAN MGMT COMAX SPORTING GOODS|EXCELLENCE SPORTING GOODS,True,True,347.0,True,False,False,False,Resolution 202/2025/QH15 Art.1 item 16
VN2022066F03MKF,JSI VINA CORPORATION.,"LOT NO 45-18-2, ROAD N14 PHUOC DONG INDUSTRIAL PARK PHUOC DONG COMMUNE, TAY NINH, 716509",VN,Vietnam,11.1300694,106.345775,VN:Tay Ninh,False,VN-37,False,,True,False,True,False,False,unknown,none,0,,,False,False,,False,False,False,False,Resolution 202/2025/QH15 Art.1 item 18
VN2022070Y0GD5H,"YI CHAO VIETNAM CO., LTD.","Lot no. 16, Road no. 11, Tan Duc Industrial Zone, Huu Thanh Commune, Duc Hoa District, Long An Province, Vietnam.",VN,Vietnam,10.7948227,106.4702323,VN:Tay Ninh,False,VN-41,True,wet process,False,False,False,True,False,Tier 2 (materials and processing),adidas list,0,,YI CHAO,False,False,152.0,False,False,False,False,Resolution 202/2025/QH15 Art.1 item 18
VN202207632BCH4,Cong Ty TNHH TTG Co Ltd,"Lot B1-4, Tan Huong Ind Zone,, Tan Huong Commune, Chau Thanh, Ho Chi Minh City, Tien Giang",VN,Vietnam,10.4823559,106.3443868,VN:Dong Thap,False,VN-46,False,,True,False,True,False,False,Tier 1 (finished goods),Nike labels,0,APPAREL|NIKE,SOUTH ISLAND,False,False,39.0,False,False,False,False,Resolution 202/2025/QH15 Art.1 item 21
VN20220767CQYVT,Song Hong- Nghia Hung Garment Jsc Sh-Nh.Jsc,"GROUP 12, NGHIA PHONG COMMUNE, NAM DINH, Nam Dinh Province, 420000",VN,Vietnam,20.4389916,106.1618299,VN:Ninh Binh,False,VN-67,False,,True,True,False,True,False,Tier 1 (finished goods),Nike labels,0,,SONG HONG GARMENT JOINT STOCK|DUBHE|SONG HONG NGHIA HUNG,False,True,1989.5,False,True,False,False,Resolution 202/2025/QH15 Art.1 item 8
VN2022076KK3G2J,"XINLIDA PRODUCTION - COMMERCIAL CO. , LTD","LOT CN15/5B-7, ROAD 4, SONG THAN III IP, PHU TAN WARD, THU DAU MOT CITY, BINH DUONG PROVINCE 666666, HO CHI MINH ",VN,Vietnam,11.0350554,106.6905249,VN:Ho Chi Minh City,False,VN-57,True,primary,False,False,False,True,False,Tier 1 (finished goods),adidas list,0,,,False,False,50.5,True,False,False,False,Resolution 202/2025/QH15 Art.1 item 16
VN2022082KQBJPH,DUCKSAN CO LTD (Vietnam),"Lot A4 Dat Cuoc Industrial Dat Cuoc ward, Bac Tan Uyen, Bình Duong",VN,Vietnam,11.112188,106.830313,VN:Ho Chi Minh City,False,VN-57,False,,True,True,False,True,False,Tier 2 (materials and processing),Nike labels,0,FOOTWEAR|MATERIALS|NIKE,DUCKSAN,False,False,192.0,False,False,False,False,Resolution 202/2025/QH15 Art.1 item 16
VN2022082XCNQ09,TAE KWANG VINA Satellite,"864 Street, C group, My Tho, Tin Giang, 860000",VN,Vietnam,10.350313,106.331547,VN:Dong Thap,False,VN-46,False,,True,True,False,True,False,Tier 1 (finished goods),Nike labels,0,FOOTWEAR|NIKE,TAEKWANG,False,False,5725.5,False,False,False,False,Resolution 202/2025/QH15 Art.1 item 21
VN2022097S7BMJB,LEE BOU INTERNATIONAL BINH DUONG COMPANY LIMITED,"Số 10 VSIP II-A, Đường số 30, Khu công nghiệp Việt Nam - Singapore II-A Xã, Vĩnh Tân, Tân Uyên, Bình Dương, Vietnam",VN,Vietnam,10.9243858,106.7135795,VN:Ho Chi Minh City,False,VN-57,False,,True,True,False,True,False,unknown,none (keyword guess removed),0,"Logo, TPU",LEE BOU LABEL ENTERPRISE|LEE BOU INTERNATIONAL,False,True,276.0,False,False,False,False,Resolution 202/2025/QH15 Art.1 item 16
VN20221018BZT80,"Fashion Garments 2 Co,Ltd-Unit 2","LOT 4, 13A STRESS, BIEN HOA II INDUSTRIL PARK, LONG BINH WARD, BIEN HOA, Dong Nai Province, 076000",VN,Vietnam,10.9529632,106.8752919,VN:Dong Nai,False,VN-39,False,,True,True,False,True,False,Tier 1 (finished goods),Nike labels,0,Apparel,FR APPAREL TRADING DMCC|HIRDARAMANI|FASHION GARMENTS,False,True,1832.0,False,False,False,False,Resolution 202/2025/QH15 Art.1 item 17
VN2022101EKM5W2,"Fashion Garments 2 Co,Ltd-Unit 1","ROAD 3, BIEN HOA INDUSTRIAL ZONE I, BIEN HOA, Dong Nai Province, 076000",VN,Vietnam,10.9180552,106.8563612,VN:Dong Nai,False,VN-39,False,,True,False,True,False,False,Tier 1 (finished goods),Nike labels,0,,FR APPAREL TRADING DMCC|HIRDARAMANI,False,True,813.0,False,False,False,True,Resolution 202/2025/QH15 Art.1 item 17
VN20221187X1STC,"JASAN THANH HOA KNITTING CO., LTD","Vuc Phac Hamlet, Dinh Lien Commune, Yen Dinh District, Thanh Hoa Province",VN,Vietnam,19.9876304,105.6324554,VN:Thanh Hoa,False,VN-21,True,primary,False,False,False,True,False,Tier 1 (finished goods),adidas list,0,Socks|socks|socks,JASAN TEXTILE AND DYEING VIET NAM|ZHEJIANG JASAN|JASAN SOCKS VIET NAM,False,True,1853.5,True,True,False,False,Resolution 202/2025/QH15 Art.1 item 24
VN20221369FXM52,"VInh Phuc Textile Co., Ltd",Do ha - Tien phong - Me linh - Ha noi - Viet nam,VN,Vietnam,21.1552504,105.7666605,VN:Phu Tho,False,VN-70,True,licensee,False,False,False,True,False,Tier 1 (finished goods),adidas list,0,Accessories,,False,False,300.5,False,False,False,False,Resolution 202/2025/QH15 Art.1 item 4
VN2022224BPWCE9,"Myvi Tannery and Leather Products Co., Ltd.","NO.3,4,5,9.LOT B4,D4 STREET DAT CUOC INDUSTRIAL ZONE, Binh Duong Province, 511500",VN,Vietnam,11.1020021,106.8424817,VN:Ho Chi Minh City,False,VN-57,True,wet process,False,False,False,True,False,Tier 2 (materials and processing),adidas list,0,,BUWEI QINGYUAN LEATHER|BU WEI,False,True,,False,False,False,False,Resolution 202/2025/QH15 Art.1 item 16
VN2022224TAD62B,"Fashion Garments Mekong Co,Ltd","818B, HIGHWAY 30, HAMLET 3, TAM NONG DISTRICT, AN HOA COMMUNE, Dong Thap Province, 810000",VN,Vietnam,10.717063,105.375563,VN:Dong Thap,False,VN-45,True,licensee,True,True,False,True,False,Tier 1 (finished goods),adidas list,0,,COMTEXTILE H K|FR APPAREL TRADING DMCC|FASHION GARMENTS,False,True,1717.0,False,False,False,False,Resolution 202/2025/QH15 Art.1 item 21
VN2022224W9SX4H,"Unipax Vi Thanh Co., Ltd.","Lot A13-A17, Vi Thanh Industrial Cluster, Handicraft Industry, Ward VII, Vi Thanh City, Hau Giang Province",VN,Vietnam,9.7731921,105.4537082,VN:Can Tho,False,VN-73,True,primary,False,False,False,True,False,Tier 1 (finished goods),adidas list,0,,UNIPAX|H S CROWN,False,True,1700.5,False,False,False,False,Resolution 202/2025/QH15 Art.1 item 19
VN2022249N4T6RA,"IVORY VIET NAM THANH HOA CO., LTD","No. 109, Nguyen Chi Hien Street, Trung Thanh Area, Hau Loc Town, Hau Loc District,, ,",VN,Vietnam,19.908938,105.887062,VN:Thanh Hoa,False,VN-21,True,primary,False,False,False,True,False,Tier 1 (finished goods),adidas list,0,underwear|underwear,IVORY,False,False,1500.5,False,False,False,False,Resolution 202/2025/QH15 Art.1 item 24
VN2022249YF60V7,"Cosmo-E-Mart Non-Woven Co., Ltd.","1 Rd., Duc Hoa Ha Industrial Park, Duc Hoa Ha Commune, Duc Hoa, Long An Province, 850000",VN,Vietnam,10.8218145,106.4570859,VN:Tay Ninh,False,VN-41,False,,True,True,False,True,False,Tier 2 (materials and processing),Nike labels,0,,COSMOSTAR SINGAPORE|COSMOPOLITAN TEXTILE,False,True,74.0,True,False,False,False,Resolution 202/2025/QH15 Art.1 item 18
VN2022257MFMW5G,GREENTECH HEADGEAR COMPANY LIMITED (Factory 2),"D02 Street, Chau Duc Industrial Zone, Nghia Thanh Commune, Chau Duc District,Ba Ria - Vung Tau,Vietnam",VN,Vietnam,10.580687,107.174563,VN:Ho Chi Minh City,False,VN-43,False,,True,True,False,True,False,Tier 1 (finished goods),Nike labels,0,Soft Accessories| Hats|Caps |Soft Accessories|Accessories|APPAREL|NIKE,ASIAN SOURCING INTERNATIONAL|ASI GLOBAL|ASIAN SOURCING HEADWEAR|ASI,False,True,2410.0,False,False,False,False,Resolution 202/2025/QH15 Art.1 item 16
VN2022292AAY009,Ortholite Vietnam Company Limited,"Lot No 137-138-139, No.7,VSIP II-A, Road No 23, Viet Nam-Singapore II-A Industrial Park, Vinh Tan Commune, Tan Uyen Town,, Binh Duong, Binh Duong 822470",VN,Vietnam,11.0739129,106.6842102,VN:Ho Chi Minh City,False,VN-57,True,wet process,False,False,False,True,False,Tier 2 (materials and processing),adidas list,0,,ORTHOLITE|O2 PARTNERS ORTHOLITE,False,True,816.5,True,False,False,False,Resolution 202/2025/QH15 Art.1 item 16
VN2022292HSWYXR,"Da Luen Co., Ltd.","Road 7A, Nhon Trach industrial zone 2, Nhon Trach District, Dong Nai, Dong Nai 810000",VN,Vietnam,10.717475,106.9212496,VN:Dong Nai,False,VN-39,True,wet process,True,True,False,True,False,Tier 2 (materials and processing),adidas list,0,Textile|APPAREL|MATERIALS|NIKE|DYEING | FINISHING ,MEN CHUEN|TMC|MEN CHUEN FIBRE INDUSTRY,False,True,313.0,False,False,False,True,Resolution 202/2025/QH15 Art.1 item 17
VN2022292RB3SD3,"ICHIHIRO VIET NAM CO., LTD.","Lot 103, Lot104, Road B,, Linh Trung Export Processing and Insdustrial Zone III,, An Tinh Commune, Trang Bang District,, Tay Ninh, Tay Ninh 840000",VN,Vietnam,11.0252436,106.390889,VN:Tay Ninh,False,VN-37,True,licensee,False,False,False,True,False,Tier 1 (finished goods),adidas list,0,,ICHIHIRO,False,False,646.0,False,False,False,False,Resolution 202/2025/QH15 Art.1 item 18
VN2022296PYKQTK,TNG Investment & Trading JSC - Dai Tu Branch,"Thang Loi Ward, Tien Hoi Commune, Dai Tu District, 250000, Thai Nguyen, Thai Nguyen 250000",VN,Vietnam,21.6150065,105.7975423,VN:Thai Nguyen,False,VN-69,True,licensee,True,True,False,True,False,Tier 1 (finished goods),adidas list,0,APPAREL|NIKE,TNG INVESTMENT AND TRADING|TNG,True,True,1994.0,False,False,False,False,Resolution 202/2025/QH15 Art.1 item 3
VN2022296RE2T41,"TREMON SPORTING GOODS ENTERPRISE CO., LTD","Road No. 5, Trang Bang Industrial Park, An Tinh Precinct, Trang Bang Town, Tay Ninh 80000",VN,Vietnam,11.0244271,106.3887208,VN:Tay Ninh,False,VN-37,True,primary,True,True,False,True,False,Tier 1 (finished goods),adidas list,0,Sporting balls,A STRIKER ENTERPRISE|TREMON,False,True,1697.0,False,False,False,False,Resolution 202/2025/QH15 Art.1 item 18
VN20222998NDJGA,"ECLAT FABRICS (VIETNAM) CO., LTD.","MY XUAN A2 INDUSTRIAL ZONE VII-1, TAN THANH DISTRICT, BA RIA-VUNG TAU, Ba Ria-Vung Tau 790000",VN,Vietnam,10.628312,107.034813,VN:Ho Chi Minh City,False,VN-43,False,,True,True,False,True,False,Tier 2 (materials and processing),Nike labels,3,fabric |Tabelle1[name]|=_xlfn.XLOOKUP(B138|Tabelle1[sector_product_type])|APPAREL|MATERIALS|NIKE|Fabric|Textile,ECLAT TEXTILE|ECLAT|ECLAT TEXTILES|ECLAT TEXTILE TAIWAN,False,True,881.0,False,False,False,False,Resolution 202/2025/QH15 Art.1 item 16
VN2022299ANK00G,"Virtue King Vietnam Co., Ltd","No 28, DT743 Road, Song than 2 Industrial Zone, Tan dong hiep Ward, Di an Town, Binh Duong, Binh Duong 820000",VN,Vietnam,10.9214668,106.7434367,VN:Ho Chi Minh City,False,VN-57,False,,True,True,False,True,False,Tier 1 (finished goods),Nike labels,0,Accessories|NIKE|EQUIPMENT,SUMMITOP HK IDUSTRIAL|GUANG DER,False,True,1526.75,False,False,False,False,Resolution 202/2025/QH15 Art.1 item 16
VN2022299K5XCYX,"Huge-Bamboo Enterprise Co.,Ltd","Lot H-2-CN, Lot H-1B-CN, My Phuoc Industrial Park, Ben Cat District, Binh Duong, Binh Duong 75953",VN,Vietnam,11.1270981,106.6378822,VN:Ho Chi Minh City,False,VN-57,True,wet process,False,False,False,True,False,Tier 2 (materials and processing),adidas list,0,Warp knits|Fleece,HUGE ROCK TEXTILE|NEW WIDE,False,True,417.0,False,False,False,False,Resolution 202/2025/QH15 Art.1 item 16
VN2022299PPQE9R,"Ty Thanh Footwear Co.,Ltd","Quarter 4 (land parcel no.29, map no.23; land parcel no.30, map no.23),, Ba Tri Town, Ba Tri District, Ben Tre Province, Ben Tre",VN,Vietnam,10.0425358,106.5966659,VN:Vinh Long,False,VN-50,True,primary,False,False,False,True,False,Tier 1 (finished goods),adidas list,0,,,False,False,1631.0,False,False,False,False,Resolution 202/2025/QH15 Art.1 item 20
VN20223005YDHGY,"Maxim Label & Packaging Vietnam Co, Ltd","33 St No. 6, Vietnam SingaporeIndustrial Park, Thuan An District, Vietnam",VN,Vietnam,10.9279845,106.7331728,VN:Ho Chi Minh City,False,VN-57,False,,True,True,False,True,False,Tier 2 (materials and processing),Nike labels,0,APPAREL|MATERIALS|NIKE,MAXIM,False,False,542.5,False,False,False,False,Resolution 202/2025/QH15 Art.1 item 16
VN20223006GKWN7,GIAP QUAN THANG ONE MEMBER CO. LTD - BUSINESS LOCATION NO.1 ,"Xeo Vong A Hamlet, Hiep Loi Commune, Nga Bay Town, HAU GIANG PROVINCE, ",VN,Vietnam,9.8428726,105.7879371,VN:Can Tho,False,VN-73,True,primary,False,False,False,True,False,Tier 1 (finished goods),adidas list,0,,SHYANG SHIN BAO INDUSTRIAL,False,False,1435.0,False,False,False,False,Resolution 202/2025/QH15 Art.1 item 19
VN2022300H53JMC,INNOTEX TRADE PRODUCT JOIN STOCK COMPANY,"Lot F4,Giao Long Industrial Park, An Phuoc Commune, Chau Thanh, Ben Tre, ",VN,Vietnam,10.3014784,106.4199755,VN:Vinh Long,False,VN-50,True,primary,False,False,False,True,False,Tier 1 (finished goods),adidas list,0,,ALLIANCE ONE APPAREL,False,False,545.75,True,False,False,False,Resolution 202/2025/QH15 Art.1 item 20
VN2022300JG02F0,PrimeAsia (S.E.ASIA) Leather Corporation,"LOTV-2,MY XUAN A2 INDUSTRIAL ZONE TAN THANH DISTRICT, BARIA-VUNGTAU, Vietnam,  My Xuan, Ba Ria Vung Tau",VN,Vietnam,10.6335408,107.0456348,VN:Ho Chi Minh City,False,VN-43,True,wet process,False,False,False,True,False,Tier 2 (materials and processing),adidas list,0,,PRIME ASIA,False,False,1650.0,False,False,False,False,Resolution 202/2025/QH15 Art.1 item 16
VN2022302JEZK67,"SONHA CO., LTD","79 NGUYEN VAN A STREET, QUARTER 2, TAN HIEP WARD, BIEN HOA CITY, DONG NAI PROVINCE, VIETNAM, Bien Hoa City, Dong Nai",VN,Vietnam,10.9655638,106.8582834,VN:Dong Nai,False,VN-39,True,licensee,False,False,False,True,False,Tier 1 (finished goods),adidas list,0,,GNP INTERNATIONAL,False,False,675.0,False,False,False,False,Resolution 202/2025/QH15 Art.1 item 17
VN2022346RJ9N98,"SINCETECH (VIETNAM) TECHNOLOGY CO., LTD","No. B2.2, C4 Street, Thanh Thanh Cong Industrial Park, An Hoi Hamlet, An Hoa Ward, Trang Bang District",VN,Vietnam,11.021049,106.3192514,VN:Tay Ninh,False,VN-37,True,wet process,False,False,False,True,False,Tier 2 (materials and processing),adidas list,0,,SINCETECH VIETNAM NEW MATERIALS TECHNOLOGY|SINCETECH FUJIAN TECHNOLOGY|SINCETECH,False,True,529.0,True,False,False,False,Resolution 202/2025/QH15 Art.1 item 18
VN20223475BVN5X,Wilson (Vietnam) Ltd.,"Lot B5.1, Road D11, Thanh Thanh Cong Industrial Zone, An Hoa Ward, Trang Bang, Tay Ninh",VN,Vietnam,11.021049,106.3192514,VN:Tay Ninh,False,VN-37,False,,True,True,False,True,False,Tier 1 (finished goods),Nike labels,0,,WILSON GARMENT,False,False,500.0,True,False,False,False,Resolution 202/2025/QH15 Art.1 item 18
VN2023048K7YM8B,"HOA BINH HKK KNITTING CO., LTD ","Left DA River IP, Nguyen Van Troi Street, Huu Nghi, Hoa Binh City,Hoa Binh,Hoa Binh",VN,Vietnam,20.8265178,105.331429,VN:Phu Tho,False,VN-14,True,licensee,False,False,False,True,False,Tier 1 (finished goods),adidas list,0,,,False,False,497.75,False,True,False,False,Resolution 202/2025/QH15 Art.1 item 4
VN2023063FNBER9,"MEN-CHUEN VIETNAM CO., LTD (NHON TRACH VI INDUSTRIAL PARK)","Road No.9, Nhon Trach VI Industrial Park, Long Tho Commune, Nhon Trach District - Vietnam",VN,Vietnam,10.6935151,106.9535691,VN:Dong Nai,False,VN-39,True,wet process,False,False,False,True,False,Tier 2 (materials and processing),adidas list,0,DYEING | FINISHING ,MEN CHUEN|MEN CHUEN FIBRE INDUSTRY,False,True,242.25,False,False,False,False,Resolution 202/2025/QH15 Art.1 item 17
VN2023063ZEX4WY,Far Eastern Polytex (Vietnam),"Land lot B-4B-CN & B-5B-CN,Binh Duong Province,,",VN,Vietnam,11.3254024,106.477017,VN:Ho Chi Minh City,False,VN-57,True,wet process,True,True,False,True,False,Tier 2 (materials and processing),adidas list,0,r-POY; r-FDY; r-DTY|APPAREL|MATERIALS|NIKE,FAR EASTERN NEW CENTURY|FAR EASTERN,False,True,1101.0,True,False,False,False,Resolution 202/2025/QH15 Art.1 item 16
VN2023082MQ678N,LUCKY STAR VIET NAM GARMENT COMPANY LIMITED,"No. 108, A part of Lot D, Road No. 3, Dong An Industrial Park, Binh Hoa Ward, Thuan An City",VN,Vietnam,10.8955698,106.7223322,VN:Ho Chi Minh City,False,VN-57,False,,True,True,False,True,False,Tier 1 (finished goods),Nike labels,0,,LUCKY STAR,False,False,1068.0,False,True,False,False,Resolution 202/2025/QH15 Art.1 item 16
VN2023093YF1MZR,DAI LUC DONG NAI JOINT STOCK COMPANY,"No 14, Group 1, Vinh Tan Village, Vinh Cuu District, Dong Nai Province, VietNam",VN,Vietnam,11.0436985,107.0185123,VN:Dong Nai,False,VN-39,True,primary,False,False,False,True,False,Tier 1 (finished goods),adidas list,0,sneakers,,False,False,429.0,False,False,False,False,Resolution 202/2025/QH15 Art.1 item 17
VN2023198JPZKZP,TERA SURPLUS VIET NAM ENTERPRISE LIMITED,"HAMLET 4, THANH PHU COMMUNE, CAU KE DISTRICT,TRA VINH PROVINCE,",VN,Vietnam,9.932817199999999,106.1081103,VN:Vinh Long,False,VN-51,True,primary,False,False,False,True,False,Tier 1 (finished goods),adidas list,0,,APACHE FOOTWEAR VIETNAM,False,False,814.0,False,False,False,False,Resolution 202/2025/QH15 Art.1 item 20
VN2023198T35XJE,K.MASTER GLOBAL COMPANY LIMITED,"2nd floor , Factory 2 , Vu Hoi industrial cluster Vu Hoi commune,Vu Thu district,Thai Binh",VN,Vietnam,20.4123196,106.3552092,VN:Hung Yen,False,VN-20,True,licensee,False,False,False,True,False,Tier 1 (finished goods),adidas list,0,,,False,False,120.0,False,True,False,False,Resolution 202/2025/QH15 Art.1 item 6
VN20232073XEPYP,MAXPORT LIMITED (VIETNAM) - THAI BINH BRANCH,"Land lot with area of 110,238.8 m2, Tu Tan Commune,",VN,Vietnam,14.058324,108.277199,VN:Gia Lai,False,VN-30,False,,True,True,False,True,False,Tier 1 (finished goods),Nike labels,0,,MAXPORT,False,False,2712.5,True,False,False,False,Resolution 202/2025/QH15 Art.1 item 12
VN2023207H45A2T,VIETNAM ZHONGJU INDUSTRIAL COMPANY LIMITED,"Lot B_2A_CN, Bau Bang Industrial Park, Lai Uyen Town, Bau Bang District, Binh Duong Province, Vietnam",VN,Vietnam,11.227316,106.6432128,VN:Ho Chi Minh City,False,VN-57,True,wet process,False,False,False,True,False,Tier 2 (materials and processing),adidas list,0,,TIONG LIONG INDUSTRIAL|TIONG LIONG,False,True,211.0,False,False,False,False,Resolution 202/2025/QH15 Art.1 item 16
VN20232123SMNE3,Vo Nhai 1 Garment Branch - TNG Investment and Trading Joint Stock Company,"Cay Bong Industrial Zone, La Hien Commune, Vo Nhai District, Thai Nguyen Province - Thai Nguyen",VN,Vietnam,21.7037836,105.9237243,VN:Thai Nguyen,False,VN-69,False,,True,True,False,True,False,Tier 1 (finished goods),Nike labels,0,,GSGLOBALSOURCINGCO|VO NHAI 1 GARMENT BRANCH,False,True,930.0,False,False,False,False,Resolution 202/2025/QH15 Art.1 item 3
VN202325820FXJT,"Xiang Jiang Group (VN) Co., Ltd.","A16.1, C1 Road and A16.6, C3 Road, Thanh Thanh Cong Industrial Zone, An Hoa Ward, Trang Bang, Tay Ninh Province",VN,Vietnam,11.0340209,106.3169479,VN:Tay Ninh,False,VN-37,True,wet process,False,False,False,True,False,Tier 2 (materials and processing),adidas list,0,,XIANG JIANG LEATHER|XIANG JIANG,False,True,1218.0,False,False,False,False,Resolution 202/2025/QH15 Art.1 item 18
VN2023310VZPQZN,VIETNAM CHINGLUH SHOES CO. LTD-VINH LONG BRANCH,"Binh Minh Industrial Park, My Loi hamlet, My Hoa commune, Binh Minh town, Vinh Long province 890000 ",VN,Vietnam,10.0434815,105.8250339,VN:Vinh Long,False,VN-49,False,,True,True,False,True,False,Tier 1 (finished goods),Nike labels,0,,CHING LUH,False,False,1270.0,False,False,False,False,Resolution 202/2025/QH15 Art.1 item 20
VN2023314FP0NBR,VIETNAM CHINGLUH SHOES CO. LTD-VINH LONG BRANCH 2,"Hoa Phu Industrial Park, Thanh Hung Hamlet, Hoa Phu Commune, Long Ho District, Vinh Long Province 890000 ",VN,Vietnam,10.1561363,105.9509935,VN:Vinh Long,False,VN-49,False,,True,True,False,True,False,Tier 1 (finished goods),Nike labels,0,,CHING LUH,False,False,686.0,False,False,False,False,Resolution 202/2025/QH15 Art.1 item 20
VN2023339DKFS02,Viet Long Giang Garment Joint Stock Company,"Highway 91, Group 9, Binh Hung Area Phuoc Thoi Ward, O Mon District, Can Tho City, 94000",VN,Vietnam,10.1136618,105.6764461,VN:Can Tho,False,VN-73,False,,True,True,False,True,False,Tier 1 (finished goods),Nike labels,0,,SOUTH ISLAND|VIET TIEN GARMENT,False,True,1250.0,False,False,False,False,Resolution 202/2025/QH15 Art.1 item 19
VN2023346E8EKN4,"Branch 2 - Jia Hsin Co., Ltd.","Land Lot No. 2737 Map No. 04 Long Phuoc Hamlet, Cai Lay, Tien Giang",VN,Vietnam,10.4837344,106.1101131,VN:Dong Thap,False,VN-46,True,primary,False,False,False,True,False,Tier 1 (finished goods),adidas list,0,,SUN KUAN BVI ENTERPRISES,False,False,507.0,False,False,False,False,Resolution 202/2025/QH15 Art.1 item 21
VN20240030PKV0K,"FREETREND INDUSTRIAL A (VIETNAM) Co., Ltd","Lot no 10-13,26-37, Road 3, Industrial Zone In Linh Trung Export Processing II, Binh Chieu Commune, Thu Duc City, Ho Chi Minh City, Viet Nam",VN,Vietnam,10.89137,106.72056,VN:Ho Chi Minh City,False,VN-57,False,,True,True,False,True,False,Tier 1 (finished goods),Nike labels,0,,DEANSHOE|JIA INTERNATIONAL|LONG DEAN|DEAN SHOES,False,True,7771.0,False,False,False,False,Resolution 202/2025/QH15 Art.1 item 16
VN2024005E5A9XM,"Huatex Viet Nam Co., Ltd.","NO.6 RD., NHON TRACH INDUSTRIAL PARK 6, LONG THO COMMUNE, NHON TRACH, Dongnai Province, 076266",VN,Vietnam,10.702118,106.936575,VN:Dong Nai,False,VN-39,True,wet process,False,False,False,True,False,Tier 2 (materials and processing),adidas list,0,,FUJIAN HUAFENG HUAJIN TEXTILE TECHNOLOGY|HUAFENG|HUA FENG,False,True,676.0,True,False,False,False,Resolution 202/2025/QH15 Art.1 item 17
VN2024053ARHPKG,"Top Sports Textile Vietnam Co., Ltd.","Lot No.B17.1, B17.2, Street N11, Thanh Thanh Cong Industrial Zone, An Hoi Quarter, An Hoa Ward, Trang Bang Town",VN,Vietnam,11.021049,106.3192514,VN:Tay Ninh,False,VN-37,True,wet process,False,False,False,True,False,Tier 2 (materials and processing),adidas list,0,,TOP STAR,False,False,,True,False,False,False,Resolution 202/2025/QH15 Art.1 item 18
VN202406656FB74,KUO YUEN (VIETNAM) TAY NINH,"Thanh Thanh Cong IZ, An Hoa Ward, Trang Bang Town,1,Tay Ninh",VN,Vietnam,11.021049,106.3192514,VN:Tay Ninh,False,VN-37,False,,True,True,False,True,False,Tier 2 (materials and processing),Nike labels,0,,KUO YUEN,False,False,414.0,True,False,False,False,Resolution 202/2025/QH15 Art.1 item 18
VN2024066DZRHZC,"Vietnam Dona Gold Long John Int’l Co., Lt","Lot No.7 Rd.,5A Nhon Trach 2 Industrail Zone, Dong Nai Province, Vietnam,Dong Nai,Dong Nai",VN,Vietnam,10.722889,106.9232179,VN:Dong Nai,False,VN-39,True,wet process,False,False,False,True,False,Tier 2 (materials and processing),adidas list,0,,LONG JOHN|JADE LONG JOHN,False,True,448.0,False,False,False,False,Resolution 202/2025/QH15 Art.1 item 17
VN2024066Q2Q8WC,Vinh Phuc Textile Corporation - Nam Dinh Branch,"251 Van Cao Street, Tran Quang Khai Ward,Nam Dinh,Nam Dinh",VN,Vietnam,20.4154767,106.1643264,VN:Ninh Binh,False,VN-67,True,licensee,False,False,False,True,False,Tier 1 (finished goods),adidas list,0,Accessories|Accessories,VINH PHUC TEXTILE,False,False,262.0,False,True,False,False,Resolution 202/2025/QH15 Art.1 item 8
VN2024103KFYX3G,TMVN MANUFACTURING CO LTD,"Bac Giao Cu Trung Hamletdong Son Commune,Nam Truc District,Nam Dinh,Vietnam,420000",VN,Vietnam,20.2979992,106.1742675,VN:Ninh Binh,False,VN-67,False,,True,True,False,True,False,Tier 1 (finished goods),Nike labels,0,,TP|PAN PACIFIC,False,True,2263.5,False,True,False,False,Resolution 202/2025/QH15 Art.1 item 8
VN2024105AFNM2P,Greentech Headgear Dong Nai,"Building#1, 2, 3, 4, 5, 6, 22, 23, 24, 25 Road No. 3 Industrial Zone Nhon Trach 2 - Nhon Phu Phu Hoi Commune, Nhon Trach District, Dong Nai, 76000",VN,Vietnam,10.7258934,106.9239201,VN:Dong Nai,False,VN-39,True,primary,False,False,False,True,False,Tier 1 (finished goods),adidas list,0,Accessories|Accessories,ASI GLOBAL|ASIAN SOURCING INTERNATIONAL,False,True,2573.25,False,False,False,False,Resolution 202/2025/QH15 Art.1 item 17
VN20241322BWWA1,TKG TAEKWANG MOC BAI JOINT STOCK COMPANY,"Hiep Thanh Commercial Area, Loi Thuan Commune Tay Ninh Tây Ninh 80000",VN,Vietnam,11.3202035,106.1213399,VN:Tay Ninh,False,VN-37,False,,True,True,False,True,False,Tier 1 (finished goods),Nike labels,0,,TAEKWANG,False,False,8948.0,False,False,False,False,Resolution 202/2025/QH15 Art.1 item 18
VN20241323SD00V,"Vung Tau Orient Co., Ltd - unit 02",Chau Duc Industrial zone Ba Ria Vung Tau Province Chau Duc District Bà Ra - Vung Tàu 78000,VN,Vietnam,10.3700479,107.0855244,VN:Ho Chi Minh City,False,VN-43,False,,True,True,False,True,False,Tier 1 (finished goods),Nike labels,0,,FENG TAY,False,False,2896.5,False,False,False,False,Resolution 202/2025/QH15 Art.1 item 16
VN20241324EYK2Q,TKG ECO MATERIAL SYNTHETIC (VIETNAM),Lot 45 18 02 Road N14 Phuoc Dong Industrial Park Tay Ninh Tây Ninh 840000,VN,Vietnam,11.3350699,106.1096878,VN:Tay Ninh,False,VN-37,False,,True,True,False,True,False,Tier 2 (materials and processing),Nike labels,0,,TKG ECO MATERIAL,False,False,502.0,False,False,False,False,Resolution 202/2025/QH15 Art.1 item 18
VN20241325JE0MB,Hua Feng Haptic Vietnam,Textile Workshop 4th floor Nhon Trach Ðng Nai 76266,VN,Vietnam,10.6968843,106.8907696,VN:Dong Nai,False,VN-39,False,,True,True,False,True,False,Tier 2 (materials and processing),Nike labels,0,,HUA FENG TEXTILE,False,False,93.0,False,False,False,False,Resolution 202/2025/QH15 Art.1 item 17
VN20241327WVB2X,BUSINESS LOCATION IN VUNG LIEM - TY XUAN COMPANY LIMITED,TO 7 AP AN DIEN VUNG LIEM DISTRICT Vinh Long 85715,VN,Vietnam,10.058632,106.1345705,VN:Vinh Long,False,VN-49,False,,True,True,False,True,False,Tier 1 (finished goods),Nike labels,0,,LAI YIH,False,False,1879.0,False,False,False,False,Resolution 202/2025/QH15 Art.1 item 20
VN20241329E499Z,"Branch of Thuan Phuong Embroideries Garments Co., Ltd - Binh Chanh Factory",191 Dinh Duc Thien Street Binh Chanh District Ho Chi Minh 700000,VN,Vietnam,10.655271,106.5858713,VN:Tay Ninh,False,VN-41,False,,True,True,False,True,False,Tier 1 (finished goods),Nike labels,0,,THUAN PHUONG,False,False,1187.5,False,False,False,False,Resolution 202/2025/QH15 Art.1 item 18
VN2024132B22089,"PHUC TAI TAY NINH CO., LTD",Lot B7 Tan Hoi Industrial cluster Tay Ninh Tây Ninh 80000,VN,Vietnam,11.3138508,106.1310673,VN:Tay Ninh,False,VN-37,False,,True,True,False,True,False,Tier 1 (finished goods),Nike labels,0,,SPORTS GEAR,False,False,350.0,False,False,False,False,Resolution 202/2025/QH15 Art.1 item 18
VN2024132D61VXY,TTG Co. Ltd.,B1-4 Industrial Zone Tien Giang Long An 3937350,VN,Vietnam,10.4011801,106.3287199,VN:Dong Thap,False,VN-46,False,,True,True,False,True,False,Tier 1 (finished goods),Nike labels,0,,SOUTH ISLAND,False,False,50.0,False,False,False,False,Resolution 202/2025/QH15 Art.1 item 21
VN2024132E22NB4,YOU YOUNG (VIETNAM),"Lot L VIET HUNG 2 INDUSTRIAL PARK Ben Cat, Binh Duong Bình Duong 820000",VN,Vietnam,10.9689199,106.7262717,VN:Ho Chi Minh City,False,VN-57,False,,True,True,False,True,False,Tier 2 (materials and processing),Nike labels,0,,YOU YOUNG,False,False,285.0,False,False,False,False,Resolution 202/2025/QH15 Art.1 item 16
VN2024132F2869T,Genesis Sports Technology Co. Ltd,Hai Hung Commune Hai Hau District Nam Dinh Province Viet Nam Nam Dinh (Nam Dinh) Nam Ðnh 07000,VN,Vietnam,20.2139528,106.314005,VN:Ninh Binh,False,VN-67,False,,True,True,False,True,False,Tier 1 (finished goods),Nike labels,0,,GENESIS,False,False,247.5,False,False,False,False,Resolution 202/2025/QH15 Art.1 item 8
VN2024132FRPVAM,EverTech Plastic Vietnam Company LTD Branch,Phuoc Hai Quarter Thai Hoa Town Tan Uyen City Bình Duong 75416,VN,Vietnam,10.9907961,106.7500025,VN:Ho Chi Minh City,False,VN-57,False,,True,True,False,True,False,Tier 1 (finished goods),Nike labels,0,,EVER TECH,False,False,650.0,True,False,False,False,Resolution 202/2025/QH15 Art.1 item 16
VN2024132GCAAJM,Tiong Liong Vietnam (ZHONGJU INDUSTRIAL COMPANY),VIETNAM ZHONGJU INDUSTRIAL COMPANY LIMITED Bau Bang District Bình Duong 75700,VN,Vietnam,11.257413,106.6027823,VN:Ho Chi Minh City,False,VN-57,False,,True,True,False,True,False,Tier 2 (materials and processing),Nike labels,0,,TIONG LIONG,False,False,185.0,False,False,False,False,Resolution 202/2025/QH15 Art.1 item 16
VN2024132GSPTKY,"TREMON SPORTING GOODS ENTERPRISE CO., LTD (A STRIKER)",Lot 24 Road No6 Trang Bang Industrial Park Tay Ninh Tây Ninh 80000,VN,Vietnam,11.3351554,106.1098854,VN:Tay Ninh,False,VN-37,False,,True,True,False,True,False,Tier 1 (finished goods),Nike labels,0,,TREMON,False,False,676.0,False,False,False,False,Resolution 202/2025/QH15 Art.1 item 18
VN2024132JZAA3T,"VIETNAM DONA ORIENT CO., LTD",Song May Industrial Zone Bac Son Ward Trang Bom Ðng Nai 76000,VN,Vietnam,10.9713461,106.9540283,VN:Dong Nai,False,VN-39,False,,True,True,False,True,False,Tier 1 (finished goods),Nike labels,0,,FENG TAY,False,False,10259.5,True,False,False,False,Resolution 202/2025/QH15 Art.1 item 17
VN2024132MDFFVC,ROLLSPORT VIETNAM FOOTWEAR LIMTED,TAY HO VILLAGE Tho Xuan Thanh Hóa 440000,VN,Vietnam,19.8056149,105.7776306,VN:Thanh Hoa,False,VN-21,False,,True,True,False,True,False,Tier 2 (materials and processing),Nike labels,0,,GREAT ASCENT TRADING|HUALI,False,True,2305.0,False,False,False,False,Resolution 202/2025/QH15 Art.1 item 24
VN2024132MXSNCX,TKG TAEKWANG VINA JOINT STOCK COMPANY-DAK LAK BRANCH,Lot B24 to B34 Hoa Phu Industrial Zone Buon Ma Thuot Ðk Lk 63100,VN,Vietnam,12.6191672,107.9466754,VN:Dak Lak,False,VN-33,False,,True,True,False,True,False,unknown,none,0,,TAEKWANG,False,False,2.0,False,False,False,False,Resolution 202/2025/QH15 Art.1 item 15
VN2024132NAG90A,Longway Vietnam Company Limited,Lot HC1 and Lot 01HC2 Route 3 Duc Hoa Long An 863900,VN,Vietnam,10.8218145,106.4570859,VN:Tay Ninh,False,VN-41,True,primary,True,True,False,True,False,Tier 1 (finished goods),adidas list,0,Accessories|Hardware,LONG WAY ENTERPRISE|LONGWAY,False,True,1159.0,True,False,False,False,Resolution 202/2025/QH15 Art.1 item 18
VN2024132NXG9XT,"Unipax Vi Thanh C., Ltd.",Land plot No 19 Map sheet No 7 Vi Thanh Hu Giang 95000,VN,Vietnam,9.7546676,105.5307356,VN:Can Tho,False,VN-73,False,,True,True,False,True,False,Tier 1 (finished goods),Nike labels,0,,HWASEUNG CROWN,False,False,2530.0,False,False,False,False,Resolution 202/2025/QH15 Art.1 item 19
VN2024132PK9A2G,TKG TAEKWNG BINH PHUOC COMPANY LIMITED,Lot E1 E2 Minh Hung Korea Industrial Park Chon Than Townlet Bình Phuc 83000,VN,Vietnam,11.4827257,106.6173415,VN:Dong Nai,False,VN-58,False,,True,True,False,True,False,Tier 2 (materials and processing),Nike labels,0,,TAEKWANG,False,False,1762.0,False,False,False,False,Resolution 202/2025/QH15 Art.1 item 17
VN2024132QN29BM,TKG TAEKWANG VINA JOINT STOCK COMPANY,No 8 Road 9A BIEN HOA Ðng Nai 700000,VN,Vietnam,10.9574128,106.8426871,VN:Dong Nai,False,VN-39,False,,True,True,False,True,False,Tier 1 (finished goods),Nike labels,0,,TAEKWANG,False,False,15098.0,False,False,False,False,Resolution 202/2025/QH15 Art.1 item 17
VN2024132RH80BE,SAMBU FINE CHEMICAL CO LTD (VIETNAM),Dong Xoai1 Industrial Park Tan Thanh Commune Dong Xoai City Bình Phuc 67108,VN,Vietnam,11.5375007,106.8060388,VN:Dong Nai,False,VN-58,False,,True,True,False,True,False,Tier 2 (materials and processing),Nike labels,0,,SAMBU FINE CHEMICAL,False,False,251.0,False,False,False,False,Resolution 202/2025/QH15 Art.1 item 17
VN2024132RS6MKG,IMPULSE FASHION TAE HEE JOINT STOCK COMPANY,Phu Bai Industrial Zone HUE Tha Thiên-Hu 49000,VN,Vietnam,16.3834131,107.6942509,VN:Hue,False,VN-26,False,,True,True,False,True,False,Tier 1 (finished goods),Nike labels,0,,IMPULSE FASHION,False,False,648.0,False,False,False,False,Resolution 202/2025/QH15 Art.1 item 24
VN2024132SFYE39,"Haivina Co., Ltd.",Lang Xuyen village Hai Duong province Hi Duong 170000,VN,Vietnam,20.9247302,106.3073007,VN:Hai Phong,False,VN-61,False,,True,True,False,True,False,Tier 1 (finished goods),Nike labels,0,Accessories,,False,False,2702.0,False,False,False,False,Resolution 202/2025/QH15 Art.1 item 7
VN2024132SNE7TF,TKG TAEKWANG VINA JOINT STOCK COMPANY BRANCH 2,KCN Agtex Long Binh Bien Hoa Ðng Nai 70000,VN,Vietnam,10.7431332,106.6974038,VN:Ho Chi Minh City,False,VN-SG,False,,True,True,False,True,False,Tier 1 (finished goods),Nike labels,0,,TAEKWANG,False,False,8579.0,False,False,False,False,Resolution 202/2025/QH15 Art.1 item 16
VN2024164ZYJERC,TKG TAEKWANG VINA JOINT STOCK COMPANY-BRANCH 3,Nguyen Tri Phuong Street Bien Hoa City Ðng Nai 76000,VN,Vietnam,10.7982869,106.6129863,VN:Ho Chi Minh City,False,VN-SG,False,,True,False,True,False,False,Tier 1 (finished goods),Nike labels,0,,TAEKWANG,False,False,1536.0,False,False,False,False,Resolution 202/2025/QH15 Art.1 item 16
VN2024165QW474T,AUSTGROW INTERNATIONAL GROUP VIETNAM COMPANY LIMITED,"THANH PHU, THIEN TAN INDUSTRIAL CLUSTERS THANH PHU COMMUNE, VINH CUU DISTRICT DONG NAI",VN,Vietnam,11.0159709,106.8355372,VN:Dong Nai,False,VN-39,True,primary,False,False,False,True,False,Tier 1 (finished goods),adidas list,0,Garment Textiles,AUSTGROW INTERNATIONAL,False,False,370.0,False,False,False,False,Resolution 202/2025/QH15 Art.1 item 17
VN2024183JCV8WN,Pro Sports Giao Yen Garment Joint Stock Company,"Hamlet 8, Giao Yen Commune; Giao Thuy District; Nam Dinh Province; 42000",VN,Vietnam,20.2402162,106.40231,VN:Ninh Binh,False,VN-67,True,licensee,False,False,False,True,False,Tier 1 (finished goods),adidas list,0,,GREY MATTER CONCEPTS,False,False,1346.0,False,True,False,False,Resolution 202/2025/QH15 Art.1 item 8
VN202419324GA3W,Vietnam Newish Textile Co Ltd,"LOT C6-C8, MINH HUNG-HAN QUOC INDUSTRIAL PARK MINH HUNG WARD, CHON THANH TOWN, BINH PHUOC PROVINCE, VIETNAM",VN,Vietnam,11.488582,106.6238646,VN:Dong Nai,False,VN-58,True,wet process,False,False,False,True,False,Tier 2 (materials and processing),adidas list,0,,ECI ELASTIC,False,False,,False,False,False,False,Resolution 202/2025/QH15 Art.1 item 17
VN2024214WWSFQA,Tuntex Soctrang Vietnam Company Limited,"Lot H, An Nghiep Industrial Zone, An Hiep Commune, Chau Thanh District, Vietnam",VN,Vietnam,9.6376597,105.9496448,VN:Can Tho,False,VN-52,False,,True,True,False,True,False,Tier 1 (finished goods),Nike labels,0,sportswear|NIKE|APPAREL,TUNTEX INCORPORATION|TUNTEX,False,True,1373.0,False,False,False,False,Resolution 202/2025/QH15 Art.1 item 19
VN20242250NXK0T,Dong Hy Garment Branch - TNG Investment and Trading Joint Stock Company,"Ngoi Cheo Hamlet, Nam Hoa Commune, Dong Hy District, Thai Nguyen",VN,Vietnam,21.6095327,105.9171161,VN:Thai Nguyen,False,VN-69,True,primary,False,False,False,True,False,Tier 1 (finished goods),adidas list,0,,TNG INVESTMENT AND TRADING,False,False,1294.0,True,False,False,False,Resolution 202/2025/QH15 Art.1 item 3
VN2024225B1FD41,HONG DAT INTERNATIONAL EMBROIDERY PRINTING COMPANY LIMITED,"LIEN MINH INDUSTRIAL AREA, BINH TIEN 2 HAMLET, DUC HOA HA COMMUNE, DUC HOA DISTRICT, Long An",VN,Vietnam,10.8150654,106.4701724,VN:Tay Ninh,False,VN-41,True,primary,False,False,False,True,False,Tier 1 (finished goods),adidas list,0,,,False,False,94.0,False,False,False,False,Resolution 202/2025/QH15 Art.1 item 18
VN2024225R3NPE9,An Phat Invest Joint Stock Company - Zone A ( Unit 2),"Tam Quan Industrial Zone, Tam Quan Ward, Hoai Nhon Town, Binh Dinh Province, NA, NA, Quy Nhon, Binh Dinh",VN,Vietnam,14.5532988,109.0423479,VN:Gia Lai,False,VN-31,True,licensee,False,False,False,True,False,Tier 1 (finished goods),adidas list,0,,,False,False,504.0,False,False,False,False,Resolution 202/2025/QH15 Art.1 item 12
VN2024305EZDFQM,SADESA VIETNAM LIMITED LIABILITY COMPANY,"Lot J6, Road D1, Phu My 3 Specialised Industrial Park, Phuoc Hoa Ward, Phu My Town, Ba Ria -Vung Tau Province, Vietnam.",VN,Vietnam,10.5833237,107.072273,VN:Ho Chi Minh City,False,VN-43,True,wet process,False,False,False,True,False,Tier 2 (materials and processing),adidas list,0,,SADESA,False,False,,False,False,False,False,Resolution 202/2025/QH15 Art.1 item 16
VN202432910N46T,EVER TECH,"PHUOC HAI WARD, TAN UYEN DISTRICT, BINH DUONG PROVINCE, VIETNAM",VN,Vietnam,10.9907961,106.7500025,VN:Ho Chi Minh City,False,VN-57,False,,True,False,True,False,False,unknown,none,0,NIKE|FOOTWEAR|MATERIALS,,False,False,643.0,True,False,False,False,Resolution 202/2025/QH15 Art.1 item 16
VN20250091K4WCP,Zhong Xin Footwear One Member Company Limited,"Hamlet 2, My Yen Commune",VN,Vietnam,10.650871,106.5407299,VN:Tay Ninh,False,VN-41,True,primary,False,False,False,True,False,Tier 1 (finished goods),adidas list,0,,ELITE GLOBAL SOURCING,False,False,96.0,False,True,False,False,Resolution 202/2025/QH15 Art.1 item 18
VN2025009A60EAY,Pro Sports Nghi Xuan Joint Stock Company,"Hong My Hamlet, Xuan My Commune, Nghi Xuan District",VN,Vietnam,18.6642304,105.7556564,VN:Ha Tinh,False,VN-23,True,licensee,False,False,False,True,False,Tier 1 (finished goods),adidas list,0,,,False,False,758.0,False,True,False,False,Resolution 202/2025/QH15 Art.1 item 24
VN2025009FMYZ5V,Elite Footwear Company Limited,"NO. 222 ROAD 833, WARD 5",VN,Vietnam,14.058324,108.277199,VN:Gia Lai,False,VN-30,True,primary,False,False,False,True,False,Tier 1 (finished goods),adidas list,0,,,False,False,192.0,True,True,False,False,Resolution 202/2025/QH15 Art.1 item 12
VN202507168YEAS,Jia Hsin Company Limited(Tien Giang),"Hamlet 5A, Phu Cuong Commune, Cai Lay District, Tien Giang Province, Tien Giang, Tien Giang",VN,Vietnam,10.5039127,106.0672671,VN:Dong Thap,False,VN-46,True,primary,False,False,False,True,False,Tier 1 (finished goods),adidas list,0,,SUN KUAN BVI ENTERPRISES,False,False,236.0,False,False,False,False,Resolution 202/2025/QH15 Art.1 item 21
VN2025071KWG7QJ,ALIVIA VIETNAM FOOTWEAR COMPANY LIMITED,"THIEU HOA TOWN, THIEU HOA DISTRICT, THANH HOA PROVINCE, THANH HOA",VN,Vietnam,19.8865,105.6785928,VN:Thanh Hoa,False,VN-21,True,primary,False,False,False,True,False,Tier 1 (finished goods),adidas list,0,,NICE ELITE INTERNATIONAL,False,False,3649.0,False,False,False,False,Resolution 202/2025/QH15 Art.1 item 24
VN2025071SAC36D,JIE XIN SHOES COMPANY LIMITED,"TAN TRUNG COMMUNE, GO CONG CITY, TIEN GIANG",VN,Vietnam,10.3993427,106.6754853,VN:Dong Thap,False,VN-46,True,primary,False,False,False,True,False,Tier 1 (finished goods),adidas list,0,,ELITE GLOBAL SOURCING,False,False,325.0,False,False,False,False,Resolution 202/2025/QH15 Art.1 item 21
VN202510173D3FR,Grand and Great Textile Company Limited,"Lot B_3F_CN, Bau Bang Industrial Park, Lai Uyen Town, Bau Bang District, Binh Duong Province, Viet Nam",VN,Vietnam,11.2608734,106.5946727,VN:Ho Chi Minh City,False,VN-57,True,wet process,False,False,False,True,False,Tier 2 (materials and processing),adidas list,0,Fabrics|Fabric,YARN JAZZ ENTERPRISE|GRAND TEXTILE,False,True,232.5,False,False,False,False,Resolution 202/2025/QH15 Art.1 item 16
VN2025151AYC5W9,Viet Duc Garment Branch - TNG Investment and Trading JSC,"Son Cam 1 Industrial Cluster, Son Cam Commune, Thai Nguyen, Thai Nguyen 250000",VN,Vietnam,21.6273391,105.7871116,VN:Thai Nguyen,False,VN-69,True,licensee,False,False,False,True,False,Tier 1 (finished goods),adidas list,0,,TNG INVESTMENT AND TRADING,False,False,1278.5,False,False,False,False,Resolution 202/2025/QH15 Art.1 item 3
VN20252111K33Q2,QUANG VIEN PRINTING COMPANY LIMITED,"UNIT 9B, LOT CN15, ROAD NO. 4, SONG THAN 3 INDUSTRIAL PARK, PHU TAN WARD, THU DAU MOT, Binh Duong",VN,Vietnam,11.0301786,106.6922443,VN:Ho Chi Minh City,False,VN-57,True,primary,False,False,False,True,False,Tier 1 (finished goods),adidas list,0,,,False,False,48.0,False,False,False,False,Resolution 202/2025/QH15 Art.1 item 16
VN2025211YSENMZ,HOANH LOI DAT COMPANY LIMITED,"LOT C-7A, STREET NO. 2, NHUT CHANH INDUSTRIAL ZONE, NHUT CHANH COMMUNE, LONG AN, Long An",VN,Vietnam,10.6111431,106.470036,VN:Tay Ninh,False,VN-41,True,primary,False,False,False,True,False,Tier 1 (finished goods),adidas list,0,,,False,False,30.0,True,False,False,False,Resolution 202/2025/QH15 Art.1 item 18
VN2025254Z9KTEV,Starite International Vietnam Ltd.,"In The Campus of Pou Sung Vietnam Co., LTD., Bau Xeo Industrial Zone, An Vien Commune, Dong Nai Province",VN,Vietnam,10.8757952,107.0007987,VN:Dong Nai,False,VN-39,True,primary,False,False,False,True,False,Tier 1 (finished goods),adidas list,0,,PROSPEROUS INDUSTRIAL,False,False,3230.25,False,False,False,False,Resolution 202/2025/QH15 Art.1 item 17
VN2025266FJQ0BY,"YKK VIETNAM CO., LTD","Lot 10, N2 Road, Nhon Trach III Industrial Zone – Phase 2, Phuoc An Commune, Dong Nai Province, Viet Nam",VN,Vietnam,10.71076,106.9305347,VN:Dong Nai,False,VN-39,True,wet process,False,False,False,True,False,Tier 2 (materials and processing),adidas list,0,zipper|Raw Material|Zipper|Zipper|Trims|Material|Material|TRIMS|Trims| Steel |Iron ,YKK|YKK YKK|YKK TAIWAN|YKK YOSHIDA KOGYO KABUSHIKIKAISHA,False,True,1885.0,False,False,False,False,Resolution 202/2025/QH15 Art.1 item 17
VN2025272BX7JQG,"Weitai Ha Long Garment Textile Co., Ltd.","Lot DHT1 and DHT3, Viet Hung Industrial Park, Viet Hung, Quang Ninh",VN,Vietnam,21.0109504,106.9953307,VN:Quang Ninh,False,VN-13,True,primary,False,False,False,True,False,Tier 1 (finished goods),adidas list,0,Accessories|Headwear,TIGER GROWTH ASSETS,False,False,1794.0,False,False,False,False,Resolution 202/2025/QH15 Art.1 item 24
VN2025272DTMAFC,"Greentech Headgear Co., Ltd.","Road D02, Chau Duc Industrial Park, Nghia Thanh Commune, Ho Chi Minh City, Ho Chi Minh",VN,Vietnam,10.7411353,106.5965813,VN:Ho Chi Minh City,False,VN-SG,True,licensee,False,False,False,True,False,Tier 1 (finished goods),adidas list,0,Accessories|Accessories|Accessories,ASI GLOBAL|ASIAN SOURCING INTERNATIONAL,False,True,2308.5,False,False,False,False,Resolution 202/2025/QH15 Art.1 item 16
VN2025283F8NEZK,Regent Garment Factory Ltd (Regent 1),"Nam Sach Industrial Zone, Ai Quoc Ward, Hai Phong city, Vietnam",VN,Vietnam,20.969745,106.3744783,VN:Hai Phong,False,VN-61,True,primary,False,False,False,True,False,Tier 1 (finished goods),adidas list,0,,CRYSTAL SL GLOBAL PTE,False,False,3903.0,False,False,False,False,Resolution 202/2025/QH15 Art.1 item 7
VN2025288YE5FED,GoldReach KnitTech Vina Co.Ltd,"3/F, Bldg 1, Lot B3, B4, B5 TMTC Industrial Park, Moc Bai Economic Zone, Thuan Dong Hamlet, Ben Cau Commune, Tay Ninh Province, Vietnam",VN,Vietnam,11.0810383,106.1830901,VN:Tay Ninh,False,VN-37,True,licensee,False,False,False,True,False,Tier 1 (finished goods),adidas list,0,Accessories,ZHEJIANG ZHONGDA FINETEX,False,False,120.0,False,False,False,False,Resolution 202/2025/QH15 Art.1 item 18
VN2025308933W8B,"BLUE HORIZON CO., LTD","Binh Quoi A Quarter, Binh Chuan Ward",VN,Vietnam,10.8231803,106.7316483,VN:Ho Chi Minh City,False,VN-SG,True,licensee,False,False,False,True,False,Tier 1 (finished goods),adidas list,0,Accessories,BIG TIME PRODUCTS,False,False,352.75,False,True,False,False,Resolution 202/2025/QH15 Art.1 item 16
VN2025310N2Z8FY,CHI NHÁNH PHƯỚC ĐÔNG - CÔNG TY TNHH JIA HSIN,"Lot B3.2 (lots B2.3 - B2.4), N3 Road, Phuoc Dong Port Industrial Zone, Tan Lan Commune, Tay Ninh Province, Vietnam",VN,Vietnam,10.5268323,106.6232359,VN:Tay Ninh,False,VN-41,True,primary,False,False,False,True,False,Tier 1 (finished goods),adidas list,0,,JIA HSIN,False,False,205.0,False,False,False,False,Resolution 202/2025/QH15 Art.1 item 18
VN20260426VQ5VC,STAR FASHION COMPANY LIMITED- BUSINESS LOCATION STAR FASHION 2,"ON THE LAND OF M2 FACTORY HUNG HA JOINT STOCK COMPANY AT LOT CNQH-1, HUNG NHAN INDUSTRIAL CLUSTER, HUNG NHAN TOWN, HUNG HA DISTRICT, Hung Yen",VN,Vietnam,20.617651,106.1433913,VN:Hung Yen,False,VN-20,True,primary,False,False,False,True,False,Tier 1 (finished goods),adidas list,0,,STAR FASHION,False,False,249.0,False,False,False,False,Resolution 202/2025/QH15 Art.1 item 6
VN2026042BSVQJW,"BRANCH OF TOAN LOC INVESTMENT CONSTRUCTION IN GO QUAO - KIEN GIANG CO., LTD","PLOT B2, VINH HOA HUNG NAM IND CLTR, VINH HOA HUNG NAM COMMUNE, GO QUAO TOWN, KIEN GIANG PROVINCE, An Giang",VN,Vietnam,9.7333337,105.3541013,VN:An Giang,False,VN-47,True,primary,False,False,False,True,False,Tier 1 (finished goods),adidas list,0,,,False,False,1006.0,False,False,False,False,Resolution 202/2025/QH15 Art.1 item 23
VN2026042GNXB01,Alliance One Apparel Company Limited,"Area B ( Lot B1, B2, B5, B6, B7, B8, B9, B10, B11, B12) Giao Long Industrial Park, Giao Long Commune, NA, Vinh Long",VN,Vietnam,10.3014784,106.4199755,VN:Vinh Long,False,VN-50,True,primary,False,False,False,True,False,Tier 1 (finished goods),adidas list,0,,WELLCORP TRADING HK,False,False,7299.0,True,False,False,False,Resolution 202/2025/QH15 Art.1 item 20
VN2026042VKV1SQ,Regent Garment Factory Limited – Business location- Regent5,"Km 18+800, Highway No. 7A, Van Tu Commune, Nghe An Province, Vietnam., NGHE AN, Nghe An",VN,Vietnam,19.1483712,104.8454619,VN:Nghe An,False,VN-22,True,primary,False,False,False,True,False,Tier 1 (finished goods),adidas list,0,,,False,False,970.0,False,False,False,False,Resolution 202/2025/QH15 Art.1 item 24
VN2026042W3RXT2,"BRANCH 01 - HS VIETNAM CHEMICAL CO., LTD","LOT R, N STREET, AN NGHIEP INDUSTRIAL PARK, AN HIEP COMMUNE, CHAU THANH DISTRICT, SOC TRANG PROVINCE, Can Tho City",VN,Vietnam,9.6555093,105.9366816,VN:Can Tho,False,VN-52,True,primary,False,False,False,True,False,Tier 1 (finished goods),adidas list,0,,HWASEUNG INDUSTRIES,False,False,1150.0,False,False,False,False,Resolution 202/2025/QH15 Art.1 item 19
VN2026233309AQ3,Cong Ty TNHH Vietnam Paiho - Dia diem kinh doanh so 2,"Lo E1, E2, E8-2, E9-1, E9-2, duong N6, KCN Le Minh Xuan 3, xa Le Minh XuanBinh Chanh",VN,Vietnam,14.058324,108.277199,VN:Gia Lai,False,VN-30,True,wet process,False,False,False,True,False,Tier 2 (materials and processing),adidas list,0,,PAIHO,False,False,,True,False,False,False,Resolution 202/2025/QH15 Art.1 item 12
VN20262337Z5JAX,"SAB Industrial (Vietnam) Co, Ltd","Southern Area A Bim Son Industrial ParkBac Son Ward Bim Son, Thanh Hoa",VN,Vietnam,20.1095904,105.8466638,VN:Thanh Hoa,False,VN-21,True,wet process,False,False,False,True,False,Tier 2 (materials and processing),adidas list,0,,WEIXING SAB,False,False,,False,False,False,False,Resolution 202/2025/QH15 Art.1 item 24
VN2026233YT13DZ,"DUCKIL TEXTILE VINA CO., LTD","3A HAMLET, MINH HUNG COMMUNE, CHON THANH DISTRICTBINH PHUOC PROVINCE",VN,Vietnam,11.4840974,106.5937658,VN:Dong Nai,False,VN-58,True,wet process,False,False,False,True,False,Tier 2 (materials and processing),adidas list,0,,DUCK IL,False,False,,False,False,False,False,Resolution 202/2025/QH15 Art.1 item 17
ZA2019085QZQC0D,VIMAL CLOTHING ENTERPRISE CC,"4 FAIRWAYS AVENUE, FAIRWAYS PARK DURBAN KWAZULU NATAL 4301",ZA,South Africa,-29.7876695,31.0462155,ZA-NL,False,ZA-NL,True,primary,True,True,False,True,False,Tier 1 (finished goods),adidas list,0,Apparel ,VIMAL CLOTHING|VIMAL CLOTHING ENTERPRISE C C,False,True,221.0,False,False,False,False,
ZA2019098X6KVR1,Genuine Connection Promotions (PTY) Ltd,"PO Box 3208,6 Distillery Rd, Paarl,Paarl,Western Cape,South Africa",ZA,South Africa,-33.7309366,18.9754329,ZA-WC,False,ZA-WC,True,licensee,False,False,False,True,False,Tier 1 (finished goods),adidas list,0,,,False,False,203.0,False,False,False,False,
